code,format,presentation,orientation,image_w_cm,image_h_cm,overall_w_cm,overall_h_cm,depth_cm,glb,glb_kb,usdz,usdz_kb,triangles,texture_px,texture_identical_to_source,texture_transform,source_file,source_sha256,warning
hz002,grand,caisse-blanc,horizontal,120.0,67.5,122.8,70.3,3.5,models/hz002/hz002_grand_caisse-blanc.glb,332,models/hz002/hz002_grand_caisse-blanc.usdz,332,44,1024x576,False,resized to 1024x576,hz002.jpg,b622db2fdcd68c412e706b707e0a01523fc2de8db57b725312a39737a7f5ca73,
hz002,grand,caisse-chene,horizontal,120.0,67.5,122.8,70.3,3.5,models/hz002/hz002_grand_caisse-chene.glb,362,models/hz002/hz002_grand_caisse-chene.usdz,362,44,1024x576,False,resized to 1024x576,hz002.jpg,b622db2fdcd68c412e706b707e0a01523fc2de8db57b725312a39737a7f5ca73,
hz002,grand,caisse-noir,horizontal,120.0,67.5,122.8,70.3,3.5,models/hz002/hz002_grand_caisse-noir.glb,332,models/hz002/hz002_grand_caisse-noir.usdz,332,44,1024x576,False,resized to 1024x576,hz002.jpg,b622db2fdcd68c412e706b707e0a01523fc2de8db57b725312a39737a7f5ca73,
hz002,grand,dibond,horizontal,120.0,67.5,120.0,67.5,2.3,models/hz002/hz002_grand_dibond.glb,331,models/hz002/hz002_grand_dibond.usdz,330,20,1024x576,False,resized to 1024x576,hz002.jpg,b622db2fdcd68c412e706b707e0a01523fc2de8db57b725312a39737a7f5ca73,
hz002,moyen,caisse-blanc,horizontal,80.0,45.0,82.8,47.8,3.5,models/hz002/hz002_moyen_caisse-blanc.glb,332,models/hz002/hz002_moyen_caisse-blanc.usdz,332,44,1024x576,False,resized to 1024x576,hz002.jpg,b622db2fdcd68c412e706b707e0a01523fc2de8db57b725312a39737a7f5ca73,
hz002,moyen,caisse-chene,horizontal,80.0,45.0,82.8,47.8,3.5,models/hz002/hz002_moyen_caisse-chene.glb,362,models/hz002/hz002_moyen_caisse-chene.usdz,362,44,1024x576,False,resized to 1024x576,hz002.jpg,b622db2fdcd68c412e706b707e0a01523fc2de8db57b725312a39737a7f5ca73,
hz002,moyen,caisse-noir,horizontal,80.0,45.0,82.8,47.8,3.5,models/hz002/hz002_moyen_caisse-noir.glb,332,models/hz002/hz002_moyen_caisse-noir.usdz,332,44,1024x576,False,resized to 1024x576,hz002.jpg,b622db2fdcd68c412e706b707e0a01523fc2de8db57b725312a39737a7f5ca73,
hz002,moyen,dibond,horizontal,80.0,45.0,80.0,45.0,2.3,models/hz002/hz002_moyen_dibond.glb,331,models/hz002/hz002_moyen_dibond.usdz,330,20,1024x576,False,resized to 1024x576,hz002.jpg,b622db2fdcd68c412e706b707e0a01523fc2de8db57b725312a39737a7f5ca73,
hz002,moyen,passe-partout,horizontal,80.0,45.0,100.0,65.0,0.5,models/hz002/hz002_moyen_passe-partout.glb,332,models/hz002/hz002_moyen_passe-partout.usdz,331,38,1024x576,False,resized to 1024x576,hz002.jpg,b622db2fdcd68c412e706b707e0a01523fc2de8db57b725312a39737a7f5ca73,
hz003,grand,caisse-blanc,horizontal,120.0,67.5,122.8,70.3,3.5,models/hz003/hz003_grand_caisse-blanc.glb,275,models/hz003/hz003_grand_caisse-blanc.usdz,274,44,1024x576,False,resized to 1024x576,hz003.jpg,0b2be20fd600d6df5c40475185e948a9c69ebdf6ab94d38bfc06a6f764f1f310,
hz003,grand,caisse-chene,horizontal,120.0,67.5,122.8,70.3,3.5,models/hz003/hz003_grand_caisse-chene.glb,305,models/hz003/hz003_grand_caisse-chene.usdz,304,44,1024x576,False,resized to 1024x576,hz003.jpg,0b2be20fd600d6df5c40475185e948a9c69ebdf6ab94d38bfc06a6f764f1f310,
hz003,grand,caisse-noir,horizontal,120.0,67.5,122.8,70.3,3.5,models/hz003/hz003_grand_caisse-noir.glb,275,models/hz003/hz003_grand_caisse-noir.usdz,274,44,1024x576,False,resized to 1024x576,hz003.jpg,0b2be20fd600d6df5c40475185e948a9c69ebdf6ab94d38bfc06a6f764f1f310,
hz003,grand,dibond,horizontal,120.0,67.5,120.0,67.5,2.3,models/hz003/hz003_grand_dibond.glb,273,models/hz003/hz003_grand_dibond.usdz,273,20,1024x576,False,resized to 1024x576,hz003.jpg,0b2be20fd600d6df5c40475185e948a9c69ebdf6ab94d38bfc06a6f764f1f310,
hz003,moyen,caisse-blanc,horizontal,80.0,45.0,82.8,47.8,3.5,models/hz003/hz003_moyen_caisse-blanc.glb,275,models/hz003/hz003_moyen_caisse-blanc.usdz,274,44,1024x576,False,resized to 1024x576,hz003.jpg,0b2be20fd600d6df5c40475185e948a9c69ebdf6ab94d38bfc06a6f764f1f310,
hz003,moyen,caisse-chene,horizontal,80.0,45.0,82.8,47.8,3.5,models/hz003/hz003_moyen_caisse-chene.glb,305,models/hz003/hz003_moyen_caisse-chene.usdz,304,44,1024x576,False,resized to 1024x576,hz003.jpg,0b2be20fd600d6df5c40475185e948a9c69ebdf6ab94d38bfc06a6f764f1f310,
hz003,moyen,caisse-noir,horizontal,80.0,45.0,82.8,47.8,3.5,models/hz003/hz003_moyen_caisse-noir.glb,275,models/hz003/hz003_moyen_caisse-noir.usdz,274,44,1024x576,False,resized to 1024x576,hz003.jpg,0b2be20fd600d6df5c40475185e948a9c69ebdf6ab94d38bfc06a6f764f1f310,
hz003,moyen,dibond,horizontal,80.0,45.0,80.0,45.0,2.3,models/hz003/hz003_moyen_dibond.glb,273,models/hz003/hz003_moyen_dibond.usdz,273,20,1024x576,False,resized to 1024x576,hz003.jpg,0b2be20fd600d6df5c40475185e948a9c69ebdf6ab94d38bfc06a6f764f1f310,
hz003,moyen,passe-partout,horizontal,80.0,45.0,100.0,65.0,0.5,models/hz003/hz003_moyen_passe-partout.glb,274,models/hz003/hz003_moyen_passe-partout.usdz,274,38,1024x576,False,resized to 1024x576,hz003.jpg,0b2be20fd600d6df5c40475185e948a9c69ebdf6ab94d38bfc06a6f764f1f310,
hz005,grand,caisse-blanc,horizontal,120.0,67.5,122.8,70.3,3.5,models/hz005/hz005_grand_caisse-blanc.glb,221,models/hz005/hz005_grand_caisse-blanc.usdz,220,44,1024x576,False,resized to 1024x576,hz005.jpg,0984e43d12a50717d76ddfe21f39cb2845fd85beb5ca81d1e86948fab575b55e,
hz005,grand,caisse-chene,horizontal,120.0,67.5,122.8,70.3,3.5,models/hz005/hz005_grand_caisse-chene.glb,251,models/hz005/hz005_grand_caisse-chene.usdz,250,44,1024x576,False,resized to 1024x576,hz005.jpg,0984e43d12a50717d76ddfe21f39cb2845fd85beb5ca81d1e86948fab575b55e,
hz005,grand,caisse-noir,horizontal,120.0,67.5,122.8,70.3,3.5,models/hz005/hz005_grand_caisse-noir.glb,221,models/hz005/hz005_grand_caisse-noir.usdz,220,44,1024x576,False,resized to 1024x576,hz005.jpg,0984e43d12a50717d76ddfe21f39cb2845fd85beb5ca81d1e86948fab575b55e,
hz005,grand,dibond,horizontal,120.0,67.5,120.0,67.5,2.3,models/hz005/hz005_grand_dibond.glb,219,models/hz005/hz005_grand_dibond.usdz,218,20,1024x576,False,resized to 1024x576,hz005.jpg,0984e43d12a50717d76ddfe21f39cb2845fd85beb5ca81d1e86948fab575b55e,
hz005,moyen,caisse-blanc,horizontal,80.0,45.0,82.8,47.8,3.5,models/hz005/hz005_moyen_caisse-blanc.glb,221,models/hz005/hz005_moyen_caisse-blanc.usdz,220,44,1024x576,False,resized to 1024x576,hz005.jpg,0984e43d12a50717d76ddfe21f39cb2845fd85beb5ca81d1e86948fab575b55e,
hz005,moyen,caisse-chene,horizontal,80.0,45.0,82.8,47.8,3.5,models/hz005/hz005_moyen_caisse-chene.glb,251,models/hz005/hz005_moyen_caisse-chene.usdz,250,44,1024x576,False,resized to 1024x576,hz005.jpg,0984e43d12a50717d76ddfe21f39cb2845fd85beb5ca81d1e86948fab575b55e,
hz005,moyen,caisse-noir,horizontal,80.0,45.0,82.8,47.8,3.5,models/hz005/hz005_moyen_caisse-noir.glb,221,models/hz005/hz005_moyen_caisse-noir.usdz,220,44,1024x576,False,resized to 1024x576,hz005.jpg,0984e43d12a50717d76ddfe21f39cb2845fd85beb5ca81d1e86948fab575b55e,
hz005,moyen,dibond,horizontal,80.0,45.0,80.0,45.0,2.3,models/hz005/hz005_moyen_dibond.glb,219,models/hz005/hz005_moyen_dibond.usdz,218,20,1024x576,False,resized to 1024x576,hz005.jpg,0984e43d12a50717d76ddfe21f39cb2845fd85beb5ca81d1e86948fab575b55e,
hz005,moyen,passe-partout,horizontal,80.0,45.0,100.0,65.0,0.5,models/hz005/hz005_moyen_passe-partout.glb,220,models/hz005/hz005_moyen_passe-partout.usdz,220,38,1024x576,False,resized to 1024x576,hz005.jpg,0984e43d12a50717d76ddfe21f39cb2845fd85beb5ca81d1e86948fab575b55e,
hz006,grand,caisse-blanc,horizontal,120.0,67.5,122.8,70.3,3.5,models/hz006/hz006_grand_caisse-blanc.glb,291,models/hz006/hz006_grand_caisse-blanc.usdz,290,44,1024x576,False,resized to 1024x576,hz006.jpg,fa6a657020db3356855d272ce249e4f9fbd97d1b4145d018420b890a6017e7da,
hz006,grand,caisse-chene,horizontal,120.0,67.5,122.8,70.3,3.5,models/hz006/hz006_grand_caisse-chene.glb,321,models/hz006/hz006_grand_caisse-chene.usdz,320,44,1024x576,False,resized to 1024x576,hz006.jpg,fa6a657020db3356855d272ce249e4f9fbd97d1b4145d018420b890a6017e7da,
hz006,grand,caisse-noir,horizontal,120.0,67.5,122.8,70.3,3.5,models/hz006/hz006_grand_caisse-noir.glb,291,models/hz006/hz006_grand_caisse-noir.usdz,290,44,1024x576,False,resized to 1024x576,hz006.jpg,fa6a657020db3356855d272ce249e4f9fbd97d1b4145d018420b890a6017e7da,
hz006,grand,dibond,horizontal,120.0,67.5,120.0,67.5,2.3,models/hz006/hz006_grand_dibond.glb,289,models/hz006/hz006_grand_dibond.usdz,288,20,1024x576,False,resized to 1024x576,hz006.jpg,fa6a657020db3356855d272ce249e4f9fbd97d1b4145d018420b890a6017e7da,
hz006,moyen,caisse-blanc,horizontal,80.0,45.0,82.8,47.8,3.5,models/hz006/hz006_moyen_caisse-blanc.glb,291,models/hz006/hz006_moyen_caisse-blanc.usdz,290,44,1024x576,False,resized to 1024x576,hz006.jpg,fa6a657020db3356855d272ce249e4f9fbd97d1b4145d018420b890a6017e7da,
hz006,moyen,caisse-chene,horizontal,80.0,45.0,82.8,47.8,3.5,models/hz006/hz006_moyen_caisse-chene.glb,321,models/hz006/hz006_moyen_caisse-chene.usdz,320,44,1024x576,False,resized to 1024x576,hz006.jpg,fa6a657020db3356855d272ce249e4f9fbd97d1b4145d018420b890a6017e7da,
hz006,moyen,caisse-noir,horizontal,80.0,45.0,82.8,47.8,3.5,models/hz006/hz006_moyen_caisse-noir.glb,291,models/hz006/hz006_moyen_caisse-noir.usdz,290,44,1024x576,False,resized to 1024x576,hz006.jpg,fa6a657020db3356855d272ce249e4f9fbd97d1b4145d018420b890a6017e7da,
hz006,moyen,dibond,horizontal,80.0,45.0,80.0,45.0,2.3,models/hz006/hz006_moyen_dibond.glb,289,models/hz006/hz006_moyen_dibond.usdz,288,20,1024x576,False,resized to 1024x576,hz006.jpg,fa6a657020db3356855d272ce249e4f9fbd97d1b4145d018420b890a6017e7da,
hz006,moyen,passe-partout,horizontal,80.0,45.0,100.0,65.0,0.5,models/hz006/hz006_moyen_passe-partout.glb,290,models/hz006/hz006_moyen_passe-partout.usdz,290,38,1024x576,False,resized to 1024x576,hz006.jpg,fa6a657020db3356855d272ce249e4f9fbd97d1b4145d018420b890a6017e7da,
hz007,grand,caisse-blanc,horizontal,120.0,67.5,122.8,70.3,3.5,models/hz007/hz007_grand_caisse-blanc.glb,237,models/hz007/hz007_grand_caisse-blanc.usdz,236,44,1024x576,False,resized to 1024x576,hz007.jpg,bee0c38249d86c0ba3dbb1d2526bd34d9f65231097c5791b6ea12d24f9eb318a,
hz007,grand,caisse-chene,horizontal,120.0,67.5,122.8,70.3,3.5,models/hz007/hz007_grand_caisse-chene.glb,266,models/hz007/hz007_grand_caisse-chene.usdz,266,44,1024x576,False,resized to 1024x576,hz007.jpg,bee0c38249d86c0ba3dbb1d2526bd34d9f65231097c5791b6ea12d24f9eb318a,
hz007,grand,caisse-noir,horizontal,120.0,67.5,122.8,70.3,3.5,models/hz007/hz007_grand_caisse-noir.glb,237,models/hz007/hz007_grand_caisse-noir.usdz,236,44,1024x576,False,resized to 1024x576,hz007.jpg,bee0c38249d86c0ba3dbb1d2526bd34d9f65231097c5791b6ea12d24f9eb318a,
hz007,grand,dibond,horizontal,120.0,67.5,120.0,67.5,2.3,models/hz007/hz007_grand_dibond.glb,235,models/hz007/hz007_grand_dibond.usdz,234,20,1024x576,False,resized to 1024x576,hz007.jpg,bee0c38249d86c0ba3dbb1d2526bd34d9f65231097c5791b6ea12d24f9eb318a,
hz007,moyen,caisse-blanc,horizontal,80.0,45.0,82.8,47.8,3.5,models/hz007/hz007_moyen_caisse-blanc.glb,237,models/hz007/hz007_moyen_caisse-blanc.usdz,236,44,1024x576,False,resized to 1024x576,hz007.jpg,bee0c38249d86c0ba3dbb1d2526bd34d9f65231097c5791b6ea12d24f9eb318a,
hz007,moyen,caisse-chene,horizontal,80.0,45.0,82.8,47.8,3.5,models/hz007/hz007_moyen_caisse-chene.glb,266,models/hz007/hz007_moyen_caisse-chene.usdz,266,44,1024x576,False,resized to 1024x576,hz007.jpg,bee0c38249d86c0ba3dbb1d2526bd34d9f65231097c5791b6ea12d24f9eb318a,
hz007,moyen,caisse-noir,horizontal,80.0,45.0,82.8,47.8,3.5,models/hz007/hz007_moyen_caisse-noir.glb,237,models/hz007/hz007_moyen_caisse-noir.usdz,236,44,1024x576,False,resized to 1024x576,hz007.jpg,bee0c38249d86c0ba3dbb1d2526bd34d9f65231097c5791b6ea12d24f9eb318a,
hz007,moyen,dibond,horizontal,80.0,45.0,80.0,45.0,2.3,models/hz007/hz007_moyen_dibond.glb,235,models/hz007/hz007_moyen_dibond.usdz,234,20,1024x576,False,resized to 1024x576,hz007.jpg,bee0c38249d86c0ba3dbb1d2526bd34d9f65231097c5791b6ea12d24f9eb318a,
hz007,moyen,passe-partout,horizontal,80.0,45.0,100.0,65.0,0.5,models/hz007/hz007_moyen_passe-partout.glb,236,models/hz007/hz007_moyen_passe-partout.usdz,236,38,1024x576,False,resized to 1024x576,hz007.jpg,bee0c38249d86c0ba3dbb1d2526bd34d9f65231097c5791b6ea12d24f9eb318a,
hz009,grand,caisse-blanc,horizontal,120.0,67.5,122.8,70.3,3.5,models/hz009/hz009_grand_caisse-blanc.glb,203,models/hz009/hz009_grand_caisse-blanc.usdz,202,44,1024x576,False,resized to 1024x576,hz009.jpg,fd235f029dbf180bce653480034533f0624bf4896572145268cd3cf21f925ebb,
hz009,grand,caisse-chene,horizontal,120.0,67.5,122.8,70.3,3.5,models/hz009/hz009_grand_caisse-chene.glb,233,models/hz009/hz009_grand_caisse-chene.usdz,232,44,1024x576,False,resized to 1024x576,hz009.jpg,fd235f029dbf180bce653480034533f0624bf4896572145268cd3cf21f925ebb,
hz009,grand,caisse-noir,horizontal,120.0,67.5,122.8,70.3,3.5,models/hz009/hz009_grand_caisse-noir.glb,203,models/hz009/hz009_grand_caisse-noir.usdz,202,44,1024x576,False,resized to 1024x576,hz009.jpg,fd235f029dbf180bce653480034533f0624bf4896572145268cd3cf21f925ebb,
hz009,grand,dibond,horizontal,120.0,67.5,120.0,67.5,2.3,models/hz009/hz009_grand_dibond.glb,201,models/hz009/hz009_grand_dibond.usdz,201,20,1024x576,False,resized to 1024x576,hz009.jpg,fd235f029dbf180bce653480034533f0624bf4896572145268cd3cf21f925ebb,
hz009,moyen,caisse-blanc,horizontal,80.0,45.0,82.8,47.8,3.5,models/hz009/hz009_moyen_caisse-blanc.glb,203,models/hz009/hz009_moyen_caisse-blanc.usdz,202,44,1024x576,False,resized to 1024x576,hz009.jpg,fd235f029dbf180bce653480034533f0624bf4896572145268cd3cf21f925ebb,
hz009,moyen,caisse-chene,horizontal,80.0,45.0,82.8,47.8,3.5,models/hz009/hz009_moyen_caisse-chene.glb,233,models/hz009/hz009_moyen_caisse-chene.usdz,232,44,1024x576,False,resized to 1024x576,hz009.jpg,fd235f029dbf180bce653480034533f0624bf4896572145268cd3cf21f925ebb,
hz009,moyen,caisse-noir,horizontal,80.0,45.0,82.8,47.8,3.5,models/hz009/hz009_moyen_caisse-noir.glb,203,models/hz009/hz009_moyen_caisse-noir.usdz,202,44,1024x576,False,resized to 1024x576,hz009.jpg,fd235f029dbf180bce653480034533f0624bf4896572145268cd3cf21f925ebb,
hz009,moyen,dibond,horizontal,80.0,45.0,80.0,45.0,2.3,models/hz009/hz009_moyen_dibond.glb,201,models/hz009/hz009_moyen_dibond.usdz,201,20,1024x576,False,resized to 1024x576,hz009.jpg,fd235f029dbf180bce653480034533f0624bf4896572145268cd3cf21f925ebb,
hz009,moyen,passe-partout,horizontal,80.0,45.0,100.0,65.0,0.5,models/hz009/hz009_moyen_passe-partout.glb,202,models/hz009/hz009_moyen_passe-partout.usdz,202,38,1024x576,False,resized to 1024x576,hz009.jpg,fd235f029dbf180bce653480034533f0624bf4896572145268cd3cf21f925ebb,
hz010,grand,caisse-blanc,horizontal,120.0,67.5,122.8,70.3,3.5,models/hz010/hz010_grand_caisse-blanc.glb,154,models/hz010/hz010_grand_caisse-blanc.usdz,154,44,1024x576,False,resized to 1024x576,hz010.jpg,301ede3cb7efb79d405bff2d9d6d67f1022cbef1072d77666e1ea10a3f0f668d,
hz010,grand,caisse-chene,horizontal,120.0,67.5,122.8,70.3,3.5,models/hz010/hz010_grand_caisse-chene.glb,184,models/hz010/hz010_grand_caisse-chene.usdz,184,44,1024x576,False,resized to 1024x576,hz010.jpg,301ede3cb7efb79d405bff2d9d6d67f1022cbef1072d77666e1ea10a3f0f668d,
hz010,grand,caisse-noir,horizontal,120.0,67.5,122.8,70.3,3.5,models/hz010/hz010_grand_caisse-noir.glb,154,models/hz010/hz010_grand_caisse-noir.usdz,154,44,1024x576,False,resized to 1024x576,hz010.jpg,301ede3cb7efb79d405bff2d9d6d67f1022cbef1072d77666e1ea10a3f0f668d,
hz010,grand,dibond,horizontal,120.0,67.5,120.0,67.5,2.3,models/hz010/hz010_grand_dibond.glb,153,models/hz010/hz010_grand_dibond.usdz,152,20,1024x576,False,resized to 1024x576,hz010.jpg,301ede3cb7efb79d405bff2d9d6d67f1022cbef1072d77666e1ea10a3f0f668d,
hz010,moyen,caisse-blanc,horizontal,80.0,45.0,82.8,47.8,3.5,models/hz010/hz010_moyen_caisse-blanc.glb,154,models/hz010/hz010_moyen_caisse-blanc.usdz,154,44,1024x576,False,resized to 1024x576,hz010.jpg,301ede3cb7efb79d405bff2d9d6d67f1022cbef1072d77666e1ea10a3f0f668d,
hz010,moyen,caisse-chene,horizontal,80.0,45.0,82.8,47.8,3.5,models/hz010/hz010_moyen_caisse-chene.glb,184,models/hz010/hz010_moyen_caisse-chene.usdz,184,44,1024x576,False,resized to 1024x576,hz010.jpg,301ede3cb7efb79d405bff2d9d6d67f1022cbef1072d77666e1ea10a3f0f668d,
hz010,moyen,caisse-noir,horizontal,80.0,45.0,82.8,47.8,3.5,models/hz010/hz010_moyen_caisse-noir.glb,154,models/hz010/hz010_moyen_caisse-noir.usdz,154,44,1024x576,False,resized to 1024x576,hz010.jpg,301ede3cb7efb79d405bff2d9d6d67f1022cbef1072d77666e1ea10a3f0f668d,
hz010,moyen,dibond,horizontal,80.0,45.0,80.0,45.0,2.3,models/hz010/hz010_moyen_dibond.glb,153,models/hz010/hz010_moyen_dibond.usdz,152,20,1024x576,False,resized to 1024x576,hz010.jpg,301ede3cb7efb79d405bff2d9d6d67f1022cbef1072d77666e1ea10a3f0f668d,
hz010,moyen,passe-partout,horizontal,80.0,45.0,100.0,65.0,0.5,models/hz010/hz010_moyen_passe-partout.glb,154,models/hz010/hz010_moyen_passe-partout.usdz,153,38,1024x576,False,resized to 1024x576,hz010.jpg,301ede3cb7efb79d405bff2d9d6d67f1022cbef1072d77666e1ea10a3f0f668d,
hz012,grand,caisse-blanc,horizontal,120.0,67.5,122.8,70.3,3.5,models/hz012/hz012_grand_caisse-blanc.glb,252,models/hz012/hz012_grand_caisse-blanc.usdz,252,44,1024x576,False,resized to 1024x576,hz012.jpg,bcca27ba3b815824fcf2b64c4cb5e0dd28d5e1439913e02b4035d5cf1e51cdeb,
hz012,grand,caisse-chene,horizontal,120.0,67.5,122.8,70.3,3.5,models/hz012/hz012_grand_caisse-chene.glb,282,models/hz012/hz012_grand_caisse-chene.usdz,282,44,1024x576,False,resized to 1024x576,hz012.jpg,bcca27ba3b815824fcf2b64c4cb5e0dd28d5e1439913e02b4035d5cf1e51cdeb,
hz012,grand,caisse-noir,horizontal,120.0,67.5,122.8,70.3,3.5,models/hz012/hz012_grand_caisse-noir.glb,252,models/hz012/hz012_grand_caisse-noir.usdz,252,44,1024x576,False,resized to 1024x576,hz012.jpg,bcca27ba3b815824fcf2b64c4cb5e0dd28d5e1439913e02b4035d5cf1e51cdeb,
hz012,grand,dibond,horizontal,120.0,67.5,120.0,67.5,2.3,models/hz012/hz012_grand_dibond.glb,251,models/hz012/hz012_grand_dibond.usdz,250,20,1024x576,False,resized to 1024x576,hz012.jpg,bcca27ba3b815824fcf2b64c4cb5e0dd28d5e1439913e02b4035d5cf1e51cdeb,
hz012,moyen,caisse-blanc,horizontal,80.0,45.0,82.8,47.8,3.5,models/hz012/hz012_moyen_caisse-blanc.glb,252,models/hz012/hz012_moyen_caisse-blanc.usdz,252,44,1024x576,False,resized to 1024x576,hz012.jpg,bcca27ba3b815824fcf2b64c4cb5e0dd28d5e1439913e02b4035d5cf1e51cdeb,
hz012,moyen,caisse-chene,horizontal,80.0,45.0,82.8,47.8,3.5,models/hz012/hz012_moyen_caisse-chene.glb,282,models/hz012/hz012_moyen_caisse-chene.usdz,282,44,1024x576,False,resized to 1024x576,hz012.jpg,bcca27ba3b815824fcf2b64c4cb5e0dd28d5e1439913e02b4035d5cf1e51cdeb,
hz012,moyen,caisse-noir,horizontal,80.0,45.0,82.8,47.8,3.5,models/hz012/hz012_moyen_caisse-noir.glb,252,models/hz012/hz012_moyen_caisse-noir.usdz,252,44,1024x576,False,resized to 1024x576,hz012.jpg,bcca27ba3b815824fcf2b64c4cb5e0dd28d5e1439913e02b4035d5cf1e51cdeb,
hz012,moyen,dibond,horizontal,80.0,45.0,80.0,45.0,2.3,models/hz012/hz012_moyen_dibond.glb,251,models/hz012/hz012_moyen_dibond.usdz,250,20,1024x576,False,resized to 1024x576,hz012.jpg,bcca27ba3b815824fcf2b64c4cb5e0dd28d5e1439913e02b4035d5cf1e51cdeb,
hz012,moyen,passe-partout,horizontal,80.0,45.0,100.0,65.0,0.5,models/hz012/hz012_moyen_passe-partout.glb,252,models/hz012/hz012_moyen_passe-partout.usdz,251,38,1024x576,False,resized to 1024x576,hz012.jpg,bcca27ba3b815824fcf2b64c4cb5e0dd28d5e1439913e02b4035d5cf1e51cdeb,
hz013,grand,caisse-blanc,horizontal,120.0,67.5,122.8,70.3,3.5,models/hz013/hz013_grand_caisse-blanc.glb,323,models/hz013/hz013_grand_caisse-blanc.usdz,323,44,1024x576,False,resized to 1024x576,hz013.jpg,df5e73e9cd8196b51e770d413f8e9534c1120843d7d8a7a597c9c759a298accc,
hz013,grand,caisse-chene,horizontal,120.0,67.5,122.8,70.3,3.5,models/hz013/hz013_grand_caisse-chene.glb,353,models/hz013/hz013_grand_caisse-chene.usdz,353,44,1024x576,False,resized to 1024x576,hz013.jpg,df5e73e9cd8196b51e770d413f8e9534c1120843d7d8a7a597c9c759a298accc,
hz013,grand,caisse-noir,horizontal,120.0,67.5,122.8,70.3,3.5,models/hz013/hz013_grand_caisse-noir.glb,323,models/hz013/hz013_grand_caisse-noir.usdz,323,44,1024x576,False,resized to 1024x576,hz013.jpg,df5e73e9cd8196b51e770d413f8e9534c1120843d7d8a7a597c9c759a298accc,
hz013,grand,dibond,horizontal,120.0,67.5,120.0,67.5,2.3,models/hz013/hz013_grand_dibond.glb,322,models/hz013/hz013_grand_dibond.usdz,321,20,1024x576,False,resized to 1024x576,hz013.jpg,df5e73e9cd8196b51e770d413f8e9534c1120843d7d8a7a597c9c759a298accc,
hz013,moyen,caisse-blanc,horizontal,80.0,45.0,82.8,47.8,3.5,models/hz013/hz013_moyen_caisse-blanc.glb,323,models/hz013/hz013_moyen_caisse-blanc.usdz,323,44,1024x576,False,resized to 1024x576,hz013.jpg,df5e73e9cd8196b51e770d413f8e9534c1120843d7d8a7a597c9c759a298accc,
hz013,moyen,caisse-chene,horizontal,80.0,45.0,82.8,47.8,3.5,models/hz013/hz013_moyen_caisse-chene.glb,353,models/hz013/hz013_moyen_caisse-chene.usdz,353,44,1024x576,False,resized to 1024x576,hz013.jpg,df5e73e9cd8196b51e770d413f8e9534c1120843d7d8a7a597c9c759a298accc,
hz013,moyen,caisse-noir,horizontal,80.0,45.0,82.8,47.8,3.5,models/hz013/hz013_moyen_caisse-noir.glb,323,models/hz013/hz013_moyen_caisse-noir.usdz,323,44,1024x576,False,resized to 1024x576,hz013.jpg,df5e73e9cd8196b51e770d413f8e9534c1120843d7d8a7a597c9c759a298accc,
hz013,moyen,dibond,horizontal,80.0,45.0,80.0,45.0,2.3,models/hz013/hz013_moyen_dibond.glb,322,models/hz013/hz013_moyen_dibond.usdz,321,20,1024x576,False,resized to 1024x576,hz013.jpg,df5e73e9cd8196b51e770d413f8e9534c1120843d7d8a7a597c9c759a298accc,
hz013,moyen,passe-partout,horizontal,80.0,45.0,100.0,65.0,0.5,models/hz013/hz013_moyen_passe-partout.glb,323,models/hz013/hz013_moyen_passe-partout.usdz,322,38,1024x576,False,resized to 1024x576,hz013.jpg,df5e73e9cd8196b51e770d413f8e9534c1120843d7d8a7a597c9c759a298accc,
hz015,grand,caisse-blanc,horizontal,120.0,67.5,122.8,70.3,3.5,models/hz015/hz015_grand_caisse-blanc.glb,235,models/hz015/hz015_grand_caisse-blanc.usdz,235,44,1024x576,False,resized to 1024x576,hz015.jpg,e33d4c01919acdedf65bc64d8358cc2e14eb8c0350803484bd99343a9bb9d0f6,
hz015,grand,caisse-chene,horizontal,120.0,67.5,122.8,70.3,3.5,models/hz015/hz015_grand_caisse-chene.glb,265,models/hz015/hz015_grand_caisse-chene.usdz,265,44,1024x576,False,resized to 1024x576,hz015.jpg,e33d4c01919acdedf65bc64d8358cc2e14eb8c0350803484bd99343a9bb9d0f6,
hz015,grand,caisse-noir,horizontal,120.0,67.5,122.8,70.3,3.5,models/hz015/hz015_grand_caisse-noir.glb,235,models/hz015/hz015_grand_caisse-noir.usdz,235,44,1024x576,False,resized to 1024x576,hz015.jpg,e33d4c01919acdedf65bc64d8358cc2e14eb8c0350803484bd99343a9bb9d0f6,
hz015,grand,dibond,horizontal,120.0,67.5,120.0,67.5,2.3,models/hz015/hz015_grand_dibond.glb,234,models/hz015/hz015_grand_dibond.usdz,233,20,1024x576,False,resized to 1024x576,hz015.jpg,e33d4c01919acdedf65bc64d8358cc2e14eb8c0350803484bd99343a9bb9d0f6,
hz015,moyen,caisse-blanc,horizontal,80.0,45.0,82.8,47.8,3.5,models/hz015/hz015_moyen_caisse-blanc.glb,235,models/hz015/hz015_moyen_caisse-blanc.usdz,235,44,1024x576,False,resized to 1024x576,hz015.jpg,e33d4c01919acdedf65bc64d8358cc2e14eb8c0350803484bd99343a9bb9d0f6,
hz015,moyen,caisse-chene,horizontal,80.0,45.0,82.8,47.8,3.5,models/hz015/hz015_moyen_caisse-chene.glb,265,models/hz015/hz015_moyen_caisse-chene.usdz,265,44,1024x576,False,resized to 1024x576,hz015.jpg,e33d4c01919acdedf65bc64d8358cc2e14eb8c0350803484bd99343a9bb9d0f6,
hz015,moyen,caisse-noir,horizontal,80.0,45.0,82.8,47.8,3.5,models/hz015/hz015_moyen_caisse-noir.glb,235,models/hz015/hz015_moyen_caisse-noir.usdz,235,44,1024x576,False,resized to 1024x576,hz015.jpg,e33d4c01919acdedf65bc64d8358cc2e14eb8c0350803484bd99343a9bb9d0f6,
hz015,moyen,dibond,horizontal,80.0,45.0,80.0,45.0,2.3,models/hz015/hz015_moyen_dibond.glb,234,models/hz015/hz015_moyen_dibond.usdz,233,20,1024x576,False,resized to 1024x576,hz015.jpg,e33d4c01919acdedf65bc64d8358cc2e14eb8c0350803484bd99343a9bb9d0f6,
hz015,moyen,passe-partout,horizontal,80.0,45.0,100.0,65.0,0.5,models/hz015/hz015_moyen_passe-partout.glb,235,models/hz015/hz015_moyen_passe-partout.usdz,234,38,1024x576,False,resized to 1024x576,hz015.jpg,e33d4c01919acdedf65bc64d8358cc2e14eb8c0350803484bd99343a9bb9d0f6,
hz016,grand,caisse-blanc,horizontal,120.0,67.5,122.8,70.3,3.5,models/hz016/hz016_grand_caisse-blanc.glb,154,models/hz016/hz016_grand_caisse-blanc.usdz,154,44,1024x576,False,resized to 1024x576,hz016.jpg,f4694774d01d8774ba2466dd2acb73dbce259f3a7b8e1436134f5fbbacbcad33,
hz016,grand,caisse-chene,horizontal,120.0,67.5,122.8,70.3,3.5,models/hz016/hz016_grand_caisse-chene.glb,184,models/hz016/hz016_grand_caisse-chene.usdz,184,44,1024x576,False,resized to 1024x576,hz016.jpg,f4694774d01d8774ba2466dd2acb73dbce259f3a7b8e1436134f5fbbacbcad33,
hz016,grand,caisse-noir,horizontal,120.0,67.5,122.8,70.3,3.5,models/hz016/hz016_grand_caisse-noir.glb,154,models/hz016/hz016_grand_caisse-noir.usdz,154,44,1024x576,False,resized to 1024x576,hz016.jpg,f4694774d01d8774ba2466dd2acb73dbce259f3a7b8e1436134f5fbbacbcad33,
hz016,grand,dibond,horizontal,120.0,67.5,120.0,67.5,2.3,models/hz016/hz016_grand_dibond.glb,152,models/hz016/hz016_grand_dibond.usdz,152,20,1024x576,False,resized to 1024x576,hz016.jpg,f4694774d01d8774ba2466dd2acb73dbce259f3a7b8e1436134f5fbbacbcad33,
hz016,moyen,caisse-blanc,horizontal,80.0,45.0,82.8,47.8,3.5,models/hz016/hz016_moyen_caisse-blanc.glb,154,models/hz016/hz016_moyen_caisse-blanc.usdz,154,44,1024x576,False,resized to 1024x576,hz016.jpg,f4694774d01d8774ba2466dd2acb73dbce259f3a7b8e1436134f5fbbacbcad33,
hz016,moyen,caisse-chene,horizontal,80.0,45.0,82.8,47.8,3.5,models/hz016/hz016_moyen_caisse-chene.glb,184,models/hz016/hz016_moyen_caisse-chene.usdz,184,44,1024x576,False,resized to 1024x576,hz016.jpg,f4694774d01d8774ba2466dd2acb73dbce259f3a7b8e1436134f5fbbacbcad33,
hz016,moyen,caisse-noir,horizontal,80.0,45.0,82.8,47.8,3.5,models/hz016/hz016_moyen_caisse-noir.glb,154,models/hz016/hz016_moyen_caisse-noir.usdz,154,44,1024x576,False,resized to 1024x576,hz016.jpg,f4694774d01d8774ba2466dd2acb73dbce259f3a7b8e1436134f5fbbacbcad33,
hz016,moyen,dibond,horizontal,80.0,45.0,80.0,45.0,2.3,models/hz016/hz016_moyen_dibond.glb,152,models/hz016/hz016_moyen_dibond.usdz,152,20,1024x576,False,resized to 1024x576,hz016.jpg,f4694774d01d8774ba2466dd2acb73dbce259f3a7b8e1436134f5fbbacbcad33,
hz016,moyen,passe-partout,horizontal,80.0,45.0,100.0,65.0,0.5,models/hz016/hz016_moyen_passe-partout.glb,154,models/hz016/hz016_moyen_passe-partout.usdz,153,38,1024x576,False,resized to 1024x576,hz016.jpg,f4694774d01d8774ba2466dd2acb73dbce259f3a7b8e1436134f5fbbacbcad33,
hz017,grand,caisse-blanc,horizontal,120.0,67.5,122.8,70.3,3.5,models/hz017/hz017_grand_caisse-blanc.glb,210,models/hz017/hz017_grand_caisse-blanc.usdz,210,44,1024x576,False,resized to 1024x576,hz017.jpg,4f3127d845cd3bfcd5682381135736202a6f25abb7ba345cbf71abf0149bb6fa,
hz017,grand,caisse-chene,horizontal,120.0,67.5,122.8,70.3,3.5,models/hz017/hz017_grand_caisse-chene.glb,240,models/hz017/hz017_grand_caisse-chene.usdz,240,44,1024x576,False,resized to 1024x576,hz017.jpg,4f3127d845cd3bfcd5682381135736202a6f25abb7ba345cbf71abf0149bb6fa,
hz017,grand,caisse-noir,horizontal,120.0,67.5,122.8,70.3,3.5,models/hz017/hz017_grand_caisse-noir.glb,210,models/hz017/hz017_grand_caisse-noir.usdz,210,44,1024x576,False,resized to 1024x576,hz017.jpg,4f3127d845cd3bfcd5682381135736202a6f25abb7ba345cbf71abf0149bb6fa,
hz017,grand,dibond,horizontal,120.0,67.5,120.0,67.5,2.3,models/hz017/hz017_grand_dibond.glb,209,models/hz017/hz017_grand_dibond.usdz,208,20,1024x576,False,resized to 1024x576,hz017.jpg,4f3127d845cd3bfcd5682381135736202a6f25abb7ba345cbf71abf0149bb6fa,
hz017,moyen,caisse-blanc,horizontal,80.0,45.0,82.8,47.8,3.5,models/hz017/hz017_moyen_caisse-blanc.glb,210,models/hz017/hz017_moyen_caisse-blanc.usdz,210,44,1024x576,False,resized to 1024x576,hz017.jpg,4f3127d845cd3bfcd5682381135736202a6f25abb7ba345cbf71abf0149bb6fa,
hz017,moyen,caisse-chene,horizontal,80.0,45.0,82.8,47.8,3.5,models/hz017/hz017_moyen_caisse-chene.glb,240,models/hz017/hz017_moyen_caisse-chene.usdz,240,44,1024x576,False,resized to 1024x576,hz017.jpg,4f3127d845cd3bfcd5682381135736202a6f25abb7ba345cbf71abf0149bb6fa,
hz017,moyen,caisse-noir,horizontal,80.0,45.0,82.8,47.8,3.5,models/hz017/hz017_moyen_caisse-noir.glb,210,models/hz017/hz017_moyen_caisse-noir.usdz,210,44,1024x576,False,resized to 1024x576,hz017.jpg,4f3127d845cd3bfcd5682381135736202a6f25abb7ba345cbf71abf0149bb6fa,
hz017,moyen,dibond,horizontal,80.0,45.0,80.0,45.0,2.3,models/hz017/hz017_moyen_dibond.glb,209,models/hz017/hz017_moyen_dibond.usdz,208,20,1024x576,False,resized to 1024x576,hz017.jpg,4f3127d845cd3bfcd5682381135736202a6f25abb7ba345cbf71abf0149bb6fa,
hz017,moyen,passe-partout,horizontal,80.0,45.0,100.0,65.0,0.5,models/hz017/hz017_moyen_passe-partout.glb,210,models/hz017/hz017_moyen_passe-partout.usdz,209,38,1024x576,False,resized to 1024x576,hz017.jpg,4f3127d845cd3bfcd5682381135736202a6f25abb7ba345cbf71abf0149bb6fa,
hz018,grand,caisse-blanc,horizontal,120.0,67.5,122.8,70.3,3.5,models/hz018/hz018_grand_caisse-blanc.glb,221,models/hz018/hz018_grand_caisse-blanc.usdz,220,44,1024x576,False,resized to 1024x576,hz018.jpg,eeb19b05fd921b6d8d1121376636cb8ac1fcc1ed49f88f4317e649a1b7e747fc,
hz018,grand,caisse-chene,horizontal,120.0,67.5,122.8,70.3,3.5,models/hz018/hz018_grand_caisse-chene.glb,250,models/hz018/hz018_grand_caisse-chene.usdz,250,44,1024x576,False,resized to 1024x576,hz018.jpg,eeb19b05fd921b6d8d1121376636cb8ac1fcc1ed49f88f4317e649a1b7e747fc,
hz018,grand,caisse-noir,horizontal,120.0,67.5,122.8,70.3,3.5,models/hz018/hz018_grand_caisse-noir.glb,221,models/hz018/hz018_grand_caisse-noir.usdz,220,44,1024x576,False,resized to 1024x576,hz018.jpg,eeb19b05fd921b6d8d1121376636cb8ac1fcc1ed49f88f4317e649a1b7e747fc,
hz018,grand,dibond,horizontal,120.0,67.5,120.0,67.5,2.3,models/hz018/hz018_grand_dibond.glb,219,models/hz018/hz018_grand_dibond.usdz,218,20,1024x576,False,resized to 1024x576,hz018.jpg,eeb19b05fd921b6d8d1121376636cb8ac1fcc1ed49f88f4317e649a1b7e747fc,
hz018,moyen,caisse-blanc,horizontal,80.0,45.0,82.8,47.8,3.5,models/hz018/hz018_moyen_caisse-blanc.glb,221,models/hz018/hz018_moyen_caisse-blanc.usdz,220,44,1024x576,False,resized to 1024x576,hz018.jpg,eeb19b05fd921b6d8d1121376636cb8ac1fcc1ed49f88f4317e649a1b7e747fc,
hz018,moyen,caisse-chene,horizontal,80.0,45.0,82.8,47.8,3.5,models/hz018/hz018_moyen_caisse-chene.glb,250,models/hz018/hz018_moyen_caisse-chene.usdz,250,44,1024x576,False,resized to 1024x576,hz018.jpg,eeb19b05fd921b6d8d1121376636cb8ac1fcc1ed49f88f4317e649a1b7e747fc,
hz018,moyen,caisse-noir,horizontal,80.0,45.0,82.8,47.8,3.5,models/hz018/hz018_moyen_caisse-noir.glb,221,models/hz018/hz018_moyen_caisse-noir.usdz,220,44,1024x576,False,resized to 1024x576,hz018.jpg,eeb19b05fd921b6d8d1121376636cb8ac1fcc1ed49f88f4317e649a1b7e747fc,
hz018,moyen,dibond,horizontal,80.0,45.0,80.0,45.0,2.3,models/hz018/hz018_moyen_dibond.glb,219,models/hz018/hz018_moyen_dibond.usdz,218,20,1024x576,False,resized to 1024x576,hz018.jpg,eeb19b05fd921b6d8d1121376636cb8ac1fcc1ed49f88f4317e649a1b7e747fc,
hz018,moyen,passe-partout,horizontal,80.0,45.0,100.0,65.0,0.5,models/hz018/hz018_moyen_passe-partout.glb,220,models/hz018/hz018_moyen_passe-partout.usdz,220,38,1024x576,False,resized to 1024x576,hz018.jpg,eeb19b05fd921b6d8d1121376636cb8ac1fcc1ed49f88f4317e649a1b7e747fc,
hz019,grand,caisse-blanc,horizontal,120.0,67.5,122.8,70.3,3.5,models/hz019/hz019_grand_caisse-blanc.glb,150,models/hz019/hz019_grand_caisse-blanc.usdz,150,44,1024x576,False,resized to 1024x576,hz019.jpg,db5c4a50cd6b3c5126eedc72f857d42d2eff9144d91d06e5ac8e4e4e09835057,
hz019,grand,caisse-chene,horizontal,120.0,67.5,122.8,70.3,3.5,models/hz019/hz019_grand_caisse-chene.glb,180,models/hz019/hz019_grand_caisse-chene.usdz,180,44,1024x576,False,resized to 1024x576,hz019.jpg,db5c4a50cd6b3c5126eedc72f857d42d2eff9144d91d06e5ac8e4e4e09835057,
hz019,grand,caisse-noir,horizontal,120.0,67.5,122.8,70.3,3.5,models/hz019/hz019_grand_caisse-noir.glb,150,models/hz019/hz019_grand_caisse-noir.usdz,150,44,1024x576,False,resized to 1024x576,hz019.jpg,db5c4a50cd6b3c5126eedc72f857d42d2eff9144d91d06e5ac8e4e4e09835057,
hz019,grand,dibond,horizontal,120.0,67.5,120.0,67.5,2.3,models/hz019/hz019_grand_dibond.glb,149,models/hz019/hz019_grand_dibond.usdz,148,20,1024x576,False,resized to 1024x576,hz019.jpg,db5c4a50cd6b3c5126eedc72f857d42d2eff9144d91d06e5ac8e4e4e09835057,
hz019,moyen,caisse-blanc,horizontal,80.0,45.0,82.8,47.8,3.5,models/hz019/hz019_moyen_caisse-blanc.glb,150,models/hz019/hz019_moyen_caisse-blanc.usdz,150,44,1024x576,False,resized to 1024x576,hz019.jpg,db5c4a50cd6b3c5126eedc72f857d42d2eff9144d91d06e5ac8e4e4e09835057,
hz019,moyen,caisse-chene,horizontal,80.0,45.0,82.8,47.8,3.5,models/hz019/hz019_moyen_caisse-chene.glb,180,models/hz019/hz019_moyen_caisse-chene.usdz,180,44,1024x576,False,resized to 1024x576,hz019.jpg,db5c4a50cd6b3c5126eedc72f857d42d2eff9144d91d06e5ac8e4e4e09835057,
hz019,moyen,caisse-noir,horizontal,80.0,45.0,82.8,47.8,3.5,models/hz019/hz019_moyen_caisse-noir.glb,150,models/hz019/hz019_moyen_caisse-noir.usdz,150,44,1024x576,False,resized to 1024x576,hz019.jpg,db5c4a50cd6b3c5126eedc72f857d42d2eff9144d91d06e5ac8e4e4e09835057,
hz019,moyen,dibond,horizontal,80.0,45.0,80.0,45.0,2.3,models/hz019/hz019_moyen_dibond.glb,149,models/hz019/hz019_moyen_dibond.usdz,148,20,1024x576,False,resized to 1024x576,hz019.jpg,db5c4a50cd6b3c5126eedc72f857d42d2eff9144d91d06e5ac8e4e4e09835057,
hz019,moyen,passe-partout,horizontal,80.0,45.0,100.0,65.0,0.5,models/hz019/hz019_moyen_passe-partout.glb,150,models/hz019/hz019_moyen_passe-partout.usdz,149,38,1024x576,False,resized to 1024x576,hz019.jpg,db5c4a50cd6b3c5126eedc72f857d42d2eff9144d91d06e5ac8e4e4e09835057,
hz020,grand,caisse-blanc,horizontal,120.0,67.5,122.8,70.3,3.5,models/hz020/hz020_grand_caisse-blanc.glb,226,models/hz020/hz020_grand_caisse-blanc.usdz,226,44,1024x576,False,resized to 1024x576,hz020.jpg,11e31b4bec65d797e385bb943123968fbd34512f6872aef2a9158083d5ba84f4,
hz020,grand,caisse-chene,horizontal,120.0,67.5,122.8,70.3,3.5,models/hz020/hz020_grand_caisse-chene.glb,256,models/hz020/hz020_grand_caisse-chene.usdz,256,44,1024x576,False,resized to 1024x576,hz020.jpg,11e31b4bec65d797e385bb943123968fbd34512f6872aef2a9158083d5ba84f4,
hz020,grand,caisse-noir,horizontal,120.0,67.5,122.8,70.3,3.5,models/hz020/hz020_grand_caisse-noir.glb,226,models/hz020/hz020_grand_caisse-noir.usdz,226,44,1024x576,False,resized to 1024x576,hz020.jpg,11e31b4bec65d797e385bb943123968fbd34512f6872aef2a9158083d5ba84f4,
hz020,grand,dibond,horizontal,120.0,67.5,120.0,67.5,2.3,models/hz020/hz020_grand_dibond.glb,225,models/hz020/hz020_grand_dibond.usdz,224,20,1024x576,False,resized to 1024x576,hz020.jpg,11e31b4bec65d797e385bb943123968fbd34512f6872aef2a9158083d5ba84f4,
hz020,moyen,caisse-blanc,horizontal,80.0,45.0,82.8,47.8,3.5,models/hz020/hz020_moyen_caisse-blanc.glb,226,models/hz020/hz020_moyen_caisse-blanc.usdz,226,44,1024x576,False,resized to 1024x576,hz020.jpg,11e31b4bec65d797e385bb943123968fbd34512f6872aef2a9158083d5ba84f4,
hz020,moyen,caisse-chene,horizontal,80.0,45.0,82.8,47.8,3.5,models/hz020/hz020_moyen_caisse-chene.glb,256,models/hz020/hz020_moyen_caisse-chene.usdz,256,44,1024x576,False,resized to 1024x576,hz020.jpg,11e31b4bec65d797e385bb943123968fbd34512f6872aef2a9158083d5ba84f4,
hz020,moyen,caisse-noir,horizontal,80.0,45.0,82.8,47.8,3.5,models/hz020/hz020_moyen_caisse-noir.glb,226,models/hz020/hz020_moyen_caisse-noir.usdz,226,44,1024x576,False,resized to 1024x576,hz020.jpg,11e31b4bec65d797e385bb943123968fbd34512f6872aef2a9158083d5ba84f4,
hz020,moyen,dibond,horizontal,80.0,45.0,80.0,45.0,2.3,models/hz020/hz020_moyen_dibond.glb,225,models/hz020/hz020_moyen_dibond.usdz,224,20,1024x576,False,resized to 1024x576,hz020.jpg,11e31b4bec65d797e385bb943123968fbd34512f6872aef2a9158083d5ba84f4,
hz020,moyen,passe-partout,horizontal,80.0,45.0,100.0,65.0,0.5,models/hz020/hz020_moyen_passe-partout.glb,226,models/hz020/hz020_moyen_passe-partout.usdz,225,38,1024x576,False,resized to 1024x576,hz020.jpg,11e31b4bec65d797e385bb943123968fbd34512f6872aef2a9158083d5ba84f4,
hz024,grand,caisse-blanc,horizontal,120.0,67.5,122.8,70.3,3.5,models/hz024/hz024_grand_caisse-blanc.glb,253,models/hz024/hz024_grand_caisse-blanc.usdz,253,44,1024x576,False,resized to 1024x576,hz024.jpg,d2e04d48e6ca87271ac2e25dadea47dc844c99e10291567919b586cbebacafbd,
hz024,grand,caisse-chene,horizontal,120.0,67.5,122.8,70.3,3.5,models/hz024/hz024_grand_caisse-chene.glb,283,models/hz024/hz024_grand_caisse-chene.usdz,283,44,1024x576,False,resized to 1024x576,hz024.jpg,d2e04d48e6ca87271ac2e25dadea47dc844c99e10291567919b586cbebacafbd,
hz024,grand,caisse-noir,horizontal,120.0,67.5,122.8,70.3,3.5,models/hz024/hz024_grand_caisse-noir.glb,253,models/hz024/hz024_grand_caisse-noir.usdz,253,44,1024x576,False,resized to 1024x576,hz024.jpg,d2e04d48e6ca87271ac2e25dadea47dc844c99e10291567919b586cbebacafbd,
hz024,grand,dibond,horizontal,120.0,67.5,120.0,67.5,2.3,models/hz024/hz024_grand_dibond.glb,252,models/hz024/hz024_grand_dibond.usdz,251,20,1024x576,False,resized to 1024x576,hz024.jpg,d2e04d48e6ca87271ac2e25dadea47dc844c99e10291567919b586cbebacafbd,
hz024,moyen,caisse-blanc,horizontal,80.0,45.0,82.8,47.8,3.5,models/hz024/hz024_moyen_caisse-blanc.glb,253,models/hz024/hz024_moyen_caisse-blanc.usdz,253,44,1024x576,False,resized to 1024x576,hz024.jpg,d2e04d48e6ca87271ac2e25dadea47dc844c99e10291567919b586cbebacafbd,
hz024,moyen,caisse-chene,horizontal,80.0,45.0,82.8,47.8,3.5,models/hz024/hz024_moyen_caisse-chene.glb,283,models/hz024/hz024_moyen_caisse-chene.usdz,283,44,1024x576,False,resized to 1024x576,hz024.jpg,d2e04d48e6ca87271ac2e25dadea47dc844c99e10291567919b586cbebacafbd,
hz024,moyen,caisse-noir,horizontal,80.0,45.0,82.8,47.8,3.5,models/hz024/hz024_moyen_caisse-noir.glb,253,models/hz024/hz024_moyen_caisse-noir.usdz,253,44,1024x576,False,resized to 1024x576,hz024.jpg,d2e04d48e6ca87271ac2e25dadea47dc844c99e10291567919b586cbebacafbd,
hz024,moyen,dibond,horizontal,80.0,45.0,80.0,45.0,2.3,models/hz024/hz024_moyen_dibond.glb,252,models/hz024/hz024_moyen_dibond.usdz,251,20,1024x576,False,resized to 1024x576,hz024.jpg,d2e04d48e6ca87271ac2e25dadea47dc844c99e10291567919b586cbebacafbd,
hz024,moyen,passe-partout,horizontal,80.0,45.0,100.0,65.0,0.5,models/hz024/hz024_moyen_passe-partout.glb,253,models/hz024/hz024_moyen_passe-partout.usdz,252,38,1024x576,False,resized to 1024x576,hz024.jpg,d2e04d48e6ca87271ac2e25dadea47dc844c99e10291567919b586cbebacafbd,
hz025,grand,caisse-blanc,horizontal,120.0,67.5,122.8,70.3,3.5,models/hz025/hz025_grand_caisse-blanc.glb,199,models/hz025/hz025_grand_caisse-blanc.usdz,198,44,1024x576,False,resized to 1024x576,hz025.jpg,890d2160ffc7c24270a987204743bfd31865cad4ffe7e6f13da5fbe72842bf94,
hz025,grand,caisse-chene,horizontal,120.0,67.5,122.8,70.3,3.5,models/hz025/hz025_grand_caisse-chene.glb,229,models/hz025/hz025_grand_caisse-chene.usdz,228,44,1024x576,False,resized to 1024x576,hz025.jpg,890d2160ffc7c24270a987204743bfd31865cad4ffe7e6f13da5fbe72842bf94,
hz025,grand,caisse-noir,horizontal,120.0,67.5,122.8,70.3,3.5,models/hz025/hz025_grand_caisse-noir.glb,199,models/hz025/hz025_grand_caisse-noir.usdz,198,44,1024x576,False,resized to 1024x576,hz025.jpg,890d2160ffc7c24270a987204743bfd31865cad4ffe7e6f13da5fbe72842bf94,
hz025,grand,dibond,horizontal,120.0,67.5,120.0,67.5,2.3,models/hz025/hz025_grand_dibond.glb,197,models/hz025/hz025_grand_dibond.usdz,197,20,1024x576,False,resized to 1024x576,hz025.jpg,890d2160ffc7c24270a987204743bfd31865cad4ffe7e6f13da5fbe72842bf94,
hz025,moyen,caisse-blanc,horizontal,80.0,45.0,82.8,47.8,3.5,models/hz025/hz025_moyen_caisse-blanc.glb,199,models/hz025/hz025_moyen_caisse-blanc.usdz,198,44,1024x576,False,resized to 1024x576,hz025.jpg,890d2160ffc7c24270a987204743bfd31865cad4ffe7e6f13da5fbe72842bf94,
hz025,moyen,caisse-chene,horizontal,80.0,45.0,82.8,47.8,3.5,models/hz025/hz025_moyen_caisse-chene.glb,229,models/hz025/hz025_moyen_caisse-chene.usdz,228,44,1024x576,False,resized to 1024x576,hz025.jpg,890d2160ffc7c24270a987204743bfd31865cad4ffe7e6f13da5fbe72842bf94,
hz025,moyen,caisse-noir,horizontal,80.0,45.0,82.8,47.8,3.5,models/hz025/hz025_moyen_caisse-noir.glb,199,models/hz025/hz025_moyen_caisse-noir.usdz,198,44,1024x576,False,resized to 1024x576,hz025.jpg,890d2160ffc7c24270a987204743bfd31865cad4ffe7e6f13da5fbe72842bf94,
hz025,moyen,dibond,horizontal,80.0,45.0,80.0,45.0,2.3,models/hz025/hz025_moyen_dibond.glb,197,models/hz025/hz025_moyen_dibond.usdz,197,20,1024x576,False,resized to 1024x576,hz025.jpg,890d2160ffc7c24270a987204743bfd31865cad4ffe7e6f13da5fbe72842bf94,
hz025,moyen,passe-partout,horizontal,80.0,45.0,100.0,65.0,0.5,models/hz025/hz025_moyen_passe-partout.glb,198,models/hz025/hz025_moyen_passe-partout.usdz,198,38,1024x576,False,resized to 1024x576,hz025.jpg,890d2160ffc7c24270a987204743bfd31865cad4ffe7e6f13da5fbe72842bf94,
hz028,grand,caisse-blanc,horizontal,120.0,67.5,122.8,70.3,3.5,models/hz028/hz028_grand_caisse-blanc.glb,320,models/hz028/hz028_grand_caisse-blanc.usdz,319,44,1024x576,False,resized to 1024x576,hz028.jpg,4d2f40872b3172be3bfbb8996663b921741836d147c492fba23ee7fd55b7ed99,
hz028,grand,caisse-chene,horizontal,120.0,67.5,122.8,70.3,3.5,models/hz028/hz028_grand_caisse-chene.glb,350,models/hz028/hz028_grand_caisse-chene.usdz,349,44,1024x576,False,resized to 1024x576,hz028.jpg,4d2f40872b3172be3bfbb8996663b921741836d147c492fba23ee7fd55b7ed99,
hz028,grand,caisse-noir,horizontal,120.0,67.5,122.8,70.3,3.5,models/hz028/hz028_grand_caisse-noir.glb,320,models/hz028/hz028_grand_caisse-noir.usdz,319,44,1024x576,False,resized to 1024x576,hz028.jpg,4d2f40872b3172be3bfbb8996663b921741836d147c492fba23ee7fd55b7ed99,
hz028,grand,dibond,horizontal,120.0,67.5,120.0,67.5,2.3,models/hz028/hz028_grand_dibond.glb,318,models/hz028/hz028_grand_dibond.usdz,318,20,1024x576,False,resized to 1024x576,hz028.jpg,4d2f40872b3172be3bfbb8996663b921741836d147c492fba23ee7fd55b7ed99,
hz028,moyen,caisse-blanc,horizontal,80.0,45.0,82.8,47.8,3.5,models/hz028/hz028_moyen_caisse-blanc.glb,320,models/hz028/hz028_moyen_caisse-blanc.usdz,319,44,1024x576,False,resized to 1024x576,hz028.jpg,4d2f40872b3172be3bfbb8996663b921741836d147c492fba23ee7fd55b7ed99,
hz028,moyen,caisse-chene,horizontal,80.0,45.0,82.8,47.8,3.5,models/hz028/hz028_moyen_caisse-chene.glb,350,models/hz028/hz028_moyen_caisse-chene.usdz,349,44,1024x576,False,resized to 1024x576,hz028.jpg,4d2f40872b3172be3bfbb8996663b921741836d147c492fba23ee7fd55b7ed99,
hz028,moyen,caisse-noir,horizontal,80.0,45.0,82.8,47.8,3.5,models/hz028/hz028_moyen_caisse-noir.glb,320,models/hz028/hz028_moyen_caisse-noir.usdz,319,44,1024x576,False,resized to 1024x576,hz028.jpg,4d2f40872b3172be3bfbb8996663b921741836d147c492fba23ee7fd55b7ed99,
hz028,moyen,dibond,horizontal,80.0,45.0,80.0,45.0,2.3,models/hz028/hz028_moyen_dibond.glb,318,models/hz028/hz028_moyen_dibond.usdz,318,20,1024x576,False,resized to 1024x576,hz028.jpg,4d2f40872b3172be3bfbb8996663b921741836d147c492fba23ee7fd55b7ed99,
hz028,moyen,passe-partout,horizontal,80.0,45.0,100.0,65.0,0.5,models/hz028/hz028_moyen_passe-partout.glb,320,models/hz028/hz028_moyen_passe-partout.usdz,319,38,1024x576,False,resized to 1024x576,hz028.jpg,4d2f40872b3172be3bfbb8996663b921741836d147c492fba23ee7fd55b7ed99,
hz029,grand,caisse-blanc,horizontal,120.0,67.5,122.8,70.3,3.5,models/hz029/hz029_grand_caisse-blanc.glb,98,models/hz029/hz029_grand_caisse-blanc.usdz,98,44,1024x576,False,resized to 1024x576,hz029.jpg,a2b9e0d8172a3439309fa1374c13093f9bb98e0f27744338ff09392e5f83aab5,
hz029,grand,caisse-chene,horizontal,120.0,67.5,122.8,70.3,3.5,models/hz029/hz029_grand_caisse-chene.glb,128,models/hz029/hz029_grand_caisse-chene.usdz,128,44,1024x576,False,resized to 1024x576,hz029.jpg,a2b9e0d8172a3439309fa1374c13093f9bb98e0f27744338ff09392e5f83aab5,
hz029,grand,caisse-noir,horizontal,120.0,67.5,122.8,70.3,3.5,models/hz029/hz029_grand_caisse-noir.glb,98,models/hz029/hz029_grand_caisse-noir.usdz,98,44,1024x576,False,resized to 1024x576,hz029.jpg,a2b9e0d8172a3439309fa1374c13093f9bb98e0f27744338ff09392e5f83aab5,
hz029,grand,dibond,horizontal,120.0,67.5,120.0,67.5,2.3,models/hz029/hz029_grand_dibond.glb,97,models/hz029/hz029_grand_dibond.usdz,96,20,1024x576,False,resized to 1024x576,hz029.jpg,a2b9e0d8172a3439309fa1374c13093f9bb98e0f27744338ff09392e5f83aab5,
hz029,moyen,caisse-blanc,horizontal,80.0,45.0,82.8,47.8,3.5,models/hz029/hz029_moyen_caisse-blanc.glb,98,models/hz029/hz029_moyen_caisse-blanc.usdz,98,44,1024x576,False,resized to 1024x576,hz029.jpg,a2b9e0d8172a3439309fa1374c13093f9bb98e0f27744338ff09392e5f83aab5,
hz029,moyen,caisse-chene,horizontal,80.0,45.0,82.8,47.8,3.5,models/hz029/hz029_moyen_caisse-chene.glb,128,models/hz029/hz029_moyen_caisse-chene.usdz,128,44,1024x576,False,resized to 1024x576,hz029.jpg,a2b9e0d8172a3439309fa1374c13093f9bb98e0f27744338ff09392e5f83aab5,
hz029,moyen,caisse-noir,horizontal,80.0,45.0,82.8,47.8,3.5,models/hz029/hz029_moyen_caisse-noir.glb,98,models/hz029/hz029_moyen_caisse-noir.usdz,98,44,1024x576,False,resized to 1024x576,hz029.jpg,a2b9e0d8172a3439309fa1374c13093f9bb98e0f27744338ff09392e5f83aab5,
hz029,moyen,dibond,horizontal,80.0,45.0,80.0,45.0,2.3,models/hz029/hz029_moyen_dibond.glb,97,models/hz029/hz029_moyen_dibond.usdz,96,20,1024x576,False,resized to 1024x576,hz029.jpg,a2b9e0d8172a3439309fa1374c13093f9bb98e0f27744338ff09392e5f83aab5,
hz029,moyen,passe-partout,horizontal,80.0,45.0,100.0,65.0,0.5,models/hz029/hz029_moyen_passe-partout.glb,98,models/hz029/hz029_moyen_passe-partout.usdz,97,38,1024x576,False,resized to 1024x576,hz029.jpg,a2b9e0d8172a3439309fa1374c13093f9bb98e0f27744338ff09392e5f83aab5,
hz032,grand,caisse-blanc,horizontal,120.0,67.5,122.8,70.3,3.5,models/hz032/hz032_grand_caisse-blanc.glb,161,models/hz032/hz032_grand_caisse-blanc.usdz,161,44,1024x576,False,resized to 1024x576,hz032.jpg,1a388da9ec386c1b06d0c54b62335ec917987d1c87edb8d0d3ee771101fd1593,
hz032,grand,caisse-chene,horizontal,120.0,67.5,122.8,70.3,3.5,models/hz032/hz032_grand_caisse-chene.glb,191,models/hz032/hz032_grand_caisse-chene.usdz,191,44,1024x576,False,resized to 1024x576,hz032.jpg,1a388da9ec386c1b06d0c54b62335ec917987d1c87edb8d0d3ee771101fd1593,
hz032,grand,caisse-noir,horizontal,120.0,67.5,122.8,70.3,3.5,models/hz032/hz032_grand_caisse-noir.glb,161,models/hz032/hz032_grand_caisse-noir.usdz,161,44,1024x576,False,resized to 1024x576,hz032.jpg,1a388da9ec386c1b06d0c54b62335ec917987d1c87edb8d0d3ee771101fd1593,
hz032,grand,dibond,horizontal,120.0,67.5,120.0,67.5,2.3,models/hz032/hz032_grand_dibond.glb,160,models/hz032/hz032_grand_dibond.usdz,159,20,1024x576,False,resized to 1024x576,hz032.jpg,1a388da9ec386c1b06d0c54b62335ec917987d1c87edb8d0d3ee771101fd1593,
hz032,moyen,caisse-blanc,horizontal,80.0,45.0,82.8,47.8,3.5,models/hz032/hz032_moyen_caisse-blanc.glb,161,models/hz032/hz032_moyen_caisse-blanc.usdz,161,44,1024x576,False,resized to 1024x576,hz032.jpg,1a388da9ec386c1b06d0c54b62335ec917987d1c87edb8d0d3ee771101fd1593,
hz032,moyen,caisse-chene,horizontal,80.0,45.0,82.8,47.8,3.5,models/hz032/hz032_moyen_caisse-chene.glb,191,models/hz032/hz032_moyen_caisse-chene.usdz,191,44,1024x576,False,resized to 1024x576,hz032.jpg,1a388da9ec386c1b06d0c54b62335ec917987d1c87edb8d0d3ee771101fd1593,
hz032,moyen,caisse-noir,horizontal,80.0,45.0,82.8,47.8,3.5,models/hz032/hz032_moyen_caisse-noir.glb,161,models/hz032/hz032_moyen_caisse-noir.usdz,161,44,1024x576,False,resized to 1024x576,hz032.jpg,1a388da9ec386c1b06d0c54b62335ec917987d1c87edb8d0d3ee771101fd1593,
hz032,moyen,dibond,horizontal,80.0,45.0,80.0,45.0,2.3,models/hz032/hz032_moyen_dibond.glb,160,models/hz032/hz032_moyen_dibond.usdz,159,20,1024x576,False,resized to 1024x576,hz032.jpg,1a388da9ec386c1b06d0c54b62335ec917987d1c87edb8d0d3ee771101fd1593,
hz032,moyen,passe-partout,horizontal,80.0,45.0,100.0,65.0,0.5,models/hz032/hz032_moyen_passe-partout.glb,161,models/hz032/hz032_moyen_passe-partout.usdz,160,38,1024x576,False,resized to 1024x576,hz032.jpg,1a388da9ec386c1b06d0c54b62335ec917987d1c87edb8d0d3ee771101fd1593,
hz036,grand,caisse-blanc,horizontal,120.0,67.5,122.8,70.3,3.5,models/hz036/hz036_grand_caisse-blanc.glb,287,models/hz036/hz036_grand_caisse-blanc.usdz,287,44,1024x576,False,resized to 1024x576,hz036.jpg,9d7d6b68babc02eb3475ca729609b0ace1b09a4a83a2fc32280d0cca2b30481d,
hz036,grand,caisse-chene,horizontal,120.0,67.5,122.8,70.3,3.5,models/hz036/hz036_grand_caisse-chene.glb,317,models/hz036/hz036_grand_caisse-chene.usdz,317,44,1024x576,False,resized to 1024x576,hz036.jpg,9d7d6b68babc02eb3475ca729609b0ace1b09a4a83a2fc32280d0cca2b30481d,
hz036,grand,caisse-noir,horizontal,120.0,67.5,122.8,70.3,3.5,models/hz036/hz036_grand_caisse-noir.glb,287,models/hz036/hz036_grand_caisse-noir.usdz,287,44,1024x576,False,resized to 1024x576,hz036.jpg,9d7d6b68babc02eb3475ca729609b0ace1b09a4a83a2fc32280d0cca2b30481d,
hz036,grand,dibond,horizontal,120.0,67.5,120.0,67.5,2.3,models/hz036/hz036_grand_dibond.glb,286,models/hz036/hz036_grand_dibond.usdz,285,20,1024x576,False,resized to 1024x576,hz036.jpg,9d7d6b68babc02eb3475ca729609b0ace1b09a4a83a2fc32280d0cca2b30481d,
hz036,moyen,caisse-blanc,horizontal,80.0,45.0,82.8,47.8,3.5,models/hz036/hz036_moyen_caisse-blanc.glb,287,models/hz036/hz036_moyen_caisse-blanc.usdz,287,44,1024x576,False,resized to 1024x576,hz036.jpg,9d7d6b68babc02eb3475ca729609b0ace1b09a4a83a2fc32280d0cca2b30481d,
hz036,moyen,caisse-chene,horizontal,80.0,45.0,82.8,47.8,3.5,models/hz036/hz036_moyen_caisse-chene.glb,317,models/hz036/hz036_moyen_caisse-chene.usdz,317,44,1024x576,False,resized to 1024x576,hz036.jpg,9d7d6b68babc02eb3475ca729609b0ace1b09a4a83a2fc32280d0cca2b30481d,
hz036,moyen,caisse-noir,horizontal,80.0,45.0,82.8,47.8,3.5,models/hz036/hz036_moyen_caisse-noir.glb,287,models/hz036/hz036_moyen_caisse-noir.usdz,287,44,1024x576,False,resized to 1024x576,hz036.jpg,9d7d6b68babc02eb3475ca729609b0ace1b09a4a83a2fc32280d0cca2b30481d,
hz036,moyen,dibond,horizontal,80.0,45.0,80.0,45.0,2.3,models/hz036/hz036_moyen_dibond.glb,286,models/hz036/hz036_moyen_dibond.usdz,285,20,1024x576,False,resized to 1024x576,hz036.jpg,9d7d6b68babc02eb3475ca729609b0ace1b09a4a83a2fc32280d0cca2b30481d,
hz036,moyen,passe-partout,horizontal,80.0,45.0,100.0,65.0,0.5,models/hz036/hz036_moyen_passe-partout.glb,287,models/hz036/hz036_moyen_passe-partout.usdz,286,38,1024x576,False,resized to 1024x576,hz036.jpg,9d7d6b68babc02eb3475ca729609b0ace1b09a4a83a2fc32280d0cca2b30481d,
hz037,grand,caisse-blanc,horizontal,120.0,67.5,122.8,70.3,3.5,models/hz037/hz037_grand_caisse-blanc.glb,178,models/hz037/hz037_grand_caisse-blanc.usdz,178,44,1024x576,False,resized to 1024x576,hz037.jpg,74f4dcc38bd571f118a023d5be9e14475546bacc17398463dba46ec880672f89,
hz037,grand,caisse-chene,horizontal,120.0,67.5,122.8,70.3,3.5,models/hz037/hz037_grand_caisse-chene.glb,208,models/hz037/hz037_grand_caisse-chene.usdz,208,44,1024x576,False,resized to 1024x576,hz037.jpg,74f4dcc38bd571f118a023d5be9e14475546bacc17398463dba46ec880672f89,
hz037,grand,caisse-noir,horizontal,120.0,67.5,122.8,70.3,3.5,models/hz037/hz037_grand_caisse-noir.glb,178,models/hz037/hz037_grand_caisse-noir.usdz,178,44,1024x576,False,resized to 1024x576,hz037.jpg,74f4dcc38bd571f118a023d5be9e14475546bacc17398463dba46ec880672f89,
hz037,grand,dibond,horizontal,120.0,67.5,120.0,67.5,2.3,models/hz037/hz037_grand_dibond.glb,177,models/hz037/hz037_grand_dibond.usdz,176,20,1024x576,False,resized to 1024x576,hz037.jpg,74f4dcc38bd571f118a023d5be9e14475546bacc17398463dba46ec880672f89,
hz037,moyen,caisse-blanc,horizontal,80.0,45.0,82.8,47.8,3.5,models/hz037/hz037_moyen_caisse-blanc.glb,178,models/hz037/hz037_moyen_caisse-blanc.usdz,178,44,1024x576,False,resized to 1024x576,hz037.jpg,74f4dcc38bd571f118a023d5be9e14475546bacc17398463dba46ec880672f89,
hz037,moyen,caisse-chene,horizontal,80.0,45.0,82.8,47.8,3.5,models/hz037/hz037_moyen_caisse-chene.glb,208,models/hz037/hz037_moyen_caisse-chene.usdz,208,44,1024x576,False,resized to 1024x576,hz037.jpg,74f4dcc38bd571f118a023d5be9e14475546bacc17398463dba46ec880672f89,
hz037,moyen,caisse-noir,horizontal,80.0,45.0,82.8,47.8,3.5,models/hz037/hz037_moyen_caisse-noir.glb,178,models/hz037/hz037_moyen_caisse-noir.usdz,178,44,1024x576,False,resized to 1024x576,hz037.jpg,74f4dcc38bd571f118a023d5be9e14475546bacc17398463dba46ec880672f89,
hz037,moyen,dibond,horizontal,80.0,45.0,80.0,45.0,2.3,models/hz037/hz037_moyen_dibond.glb,177,models/hz037/hz037_moyen_dibond.usdz,176,20,1024x576,False,resized to 1024x576,hz037.jpg,74f4dcc38bd571f118a023d5be9e14475546bacc17398463dba46ec880672f89,
hz037,moyen,passe-partout,horizontal,80.0,45.0,100.0,65.0,0.5,models/hz037/hz037_moyen_passe-partout.glb,178,models/hz037/hz037_moyen_passe-partout.usdz,177,38,1024x576,False,resized to 1024x576,hz037.jpg,74f4dcc38bd571f118a023d5be9e14475546bacc17398463dba46ec880672f89,
hz038,grand,caisse-blanc,horizontal,120.0,67.5,122.8,70.3,3.5,models/hz038/hz038_grand_caisse-blanc.glb,190,models/hz038/hz038_grand_caisse-blanc.usdz,190,44,1024x576,False,resized to 1024x576,hz038.jpg,a7ad8c92928cbe749c330e5fac7f4dd9ba9e49091581c617795241d32a6d9dbb,
hz038,grand,caisse-chene,horizontal,120.0,67.5,122.8,70.3,3.5,models/hz038/hz038_grand_caisse-chene.glb,220,models/hz038/hz038_grand_caisse-chene.usdz,220,44,1024x576,False,resized to 1024x576,hz038.jpg,a7ad8c92928cbe749c330e5fac7f4dd9ba9e49091581c617795241d32a6d9dbb,
hz038,grand,caisse-noir,horizontal,120.0,67.5,122.8,70.3,3.5,models/hz038/hz038_grand_caisse-noir.glb,190,models/hz038/hz038_grand_caisse-noir.usdz,190,44,1024x576,False,resized to 1024x576,hz038.jpg,a7ad8c92928cbe749c330e5fac7f4dd9ba9e49091581c617795241d32a6d9dbb,
hz038,grand,dibond,horizontal,120.0,67.5,120.0,67.5,2.3,models/hz038/hz038_grand_dibond.glb,189,models/hz038/hz038_grand_dibond.usdz,188,20,1024x576,False,resized to 1024x576,hz038.jpg,a7ad8c92928cbe749c330e5fac7f4dd9ba9e49091581c617795241d32a6d9dbb,
hz038,moyen,caisse-blanc,horizontal,80.0,45.0,82.8,47.8,3.5,models/hz038/hz038_moyen_caisse-blanc.glb,190,models/hz038/hz038_moyen_caisse-blanc.usdz,190,44,1024x576,False,resized to 1024x576,hz038.jpg,a7ad8c92928cbe749c330e5fac7f4dd9ba9e49091581c617795241d32a6d9dbb,
hz038,moyen,caisse-chene,horizontal,80.0,45.0,82.8,47.8,3.5,models/hz038/hz038_moyen_caisse-chene.glb,220,models/hz038/hz038_moyen_caisse-chene.usdz,220,44,1024x576,False,resized to 1024x576,hz038.jpg,a7ad8c92928cbe749c330e5fac7f4dd9ba9e49091581c617795241d32a6d9dbb,
hz038,moyen,caisse-noir,horizontal,80.0,45.0,82.8,47.8,3.5,models/hz038/hz038_moyen_caisse-noir.glb,190,models/hz038/hz038_moyen_caisse-noir.usdz,190,44,1024x576,False,resized to 1024x576,hz038.jpg,a7ad8c92928cbe749c330e5fac7f4dd9ba9e49091581c617795241d32a6d9dbb,
hz038,moyen,dibond,horizontal,80.0,45.0,80.0,45.0,2.3,models/hz038/hz038_moyen_dibond.glb,189,models/hz038/hz038_moyen_dibond.usdz,188,20,1024x576,False,resized to 1024x576,hz038.jpg,a7ad8c92928cbe749c330e5fac7f4dd9ba9e49091581c617795241d32a6d9dbb,
hz038,moyen,passe-partout,horizontal,80.0,45.0,100.0,65.0,0.5,models/hz038/hz038_moyen_passe-partout.glb,190,models/hz038/hz038_moyen_passe-partout.usdz,189,38,1024x576,False,resized to 1024x576,hz038.jpg,a7ad8c92928cbe749c330e5fac7f4dd9ba9e49091581c617795241d32a6d9dbb,
hz041,grand,caisse-blanc,horizontal,120.0,67.5,122.8,70.3,3.5,models/hz041/hz041_grand_caisse-blanc.glb,193,models/hz041/hz041_grand_caisse-blanc.usdz,193,44,1024x576,False,resized to 1024x576,hz041.jpg,6c944d366ec697f579bd81f9512f466fa314d4fbe3b850b5281b7011ca86846f,
hz041,grand,caisse-chene,horizontal,120.0,67.5,122.8,70.3,3.5,models/hz041/hz041_grand_caisse-chene.glb,223,models/hz041/hz041_grand_caisse-chene.usdz,223,44,1024x576,False,resized to 1024x576,hz041.jpg,6c944d366ec697f579bd81f9512f466fa314d4fbe3b850b5281b7011ca86846f,
hz041,grand,caisse-noir,horizontal,120.0,67.5,122.8,70.3,3.5,models/hz041/hz041_grand_caisse-noir.glb,193,models/hz041/hz041_grand_caisse-noir.usdz,193,44,1024x576,False,resized to 1024x576,hz041.jpg,6c944d366ec697f579bd81f9512f466fa314d4fbe3b850b5281b7011ca86846f,
hz041,grand,dibond,horizontal,120.0,67.5,120.0,67.5,2.3,models/hz041/hz041_grand_dibond.glb,191,models/hz041/hz041_grand_dibond.usdz,191,20,1024x576,False,resized to 1024x576,hz041.jpg,6c944d366ec697f579bd81f9512f466fa314d4fbe3b850b5281b7011ca86846f,
hz041,moyen,caisse-blanc,horizontal,80.0,45.0,82.8,47.8,3.5,models/hz041/hz041_moyen_caisse-blanc.glb,193,models/hz041/hz041_moyen_caisse-blanc.usdz,193,44,1024x576,False,resized to 1024x576,hz041.jpg,6c944d366ec697f579bd81f9512f466fa314d4fbe3b850b5281b7011ca86846f,
hz041,moyen,caisse-chene,horizontal,80.0,45.0,82.8,47.8,3.5,models/hz041/hz041_moyen_caisse-chene.glb,223,models/hz041/hz041_moyen_caisse-chene.usdz,223,44,1024x576,False,resized to 1024x576,hz041.jpg,6c944d366ec697f579bd81f9512f466fa314d4fbe3b850b5281b7011ca86846f,
hz041,moyen,caisse-noir,horizontal,80.0,45.0,82.8,47.8,3.5,models/hz041/hz041_moyen_caisse-noir.glb,193,models/hz041/hz041_moyen_caisse-noir.usdz,193,44,1024x576,False,resized to 1024x576,hz041.jpg,6c944d366ec697f579bd81f9512f466fa314d4fbe3b850b5281b7011ca86846f,
hz041,moyen,dibond,horizontal,80.0,45.0,80.0,45.0,2.3,models/hz041/hz041_moyen_dibond.glb,191,models/hz041/hz041_moyen_dibond.usdz,191,20,1024x576,False,resized to 1024x576,hz041.jpg,6c944d366ec697f579bd81f9512f466fa314d4fbe3b850b5281b7011ca86846f,
hz041,moyen,passe-partout,horizontal,80.0,45.0,100.0,65.0,0.5,models/hz041/hz041_moyen_passe-partout.glb,193,models/hz041/hz041_moyen_passe-partout.usdz,192,38,1024x576,False,resized to 1024x576,hz041.jpg,6c944d366ec697f579bd81f9512f466fa314d4fbe3b850b5281b7011ca86846f,
hz042,grand,caisse-blanc,horizontal,120.0,67.5,122.8,70.3,3.5,models/hz042/hz042_grand_caisse-blanc.glb,266,models/hz042/hz042_grand_caisse-blanc.usdz,266,44,1024x576,False,resized to 1024x576,hz042.jpg,d815256a8fecb551a377495f1406c011435ab4a7216a49c57a7dea96a916f0f0,
hz042,grand,caisse-chene,horizontal,120.0,67.5,122.8,70.3,3.5,models/hz042/hz042_grand_caisse-chene.glb,296,models/hz042/hz042_grand_caisse-chene.usdz,296,44,1024x576,False,resized to 1024x576,hz042.jpg,d815256a8fecb551a377495f1406c011435ab4a7216a49c57a7dea96a916f0f0,
hz042,grand,caisse-noir,horizontal,120.0,67.5,122.8,70.3,3.5,models/hz042/hz042_grand_caisse-noir.glb,266,models/hz042/hz042_grand_caisse-noir.usdz,266,44,1024x576,False,resized to 1024x576,hz042.jpg,d815256a8fecb551a377495f1406c011435ab4a7216a49c57a7dea96a916f0f0,
hz042,grand,dibond,horizontal,120.0,67.5,120.0,67.5,2.3,models/hz042/hz042_grand_dibond.glb,265,models/hz042/hz042_grand_dibond.usdz,264,20,1024x576,False,resized to 1024x576,hz042.jpg,d815256a8fecb551a377495f1406c011435ab4a7216a49c57a7dea96a916f0f0,
hz042,moyen,caisse-blanc,horizontal,80.0,45.0,82.8,47.8,3.5,models/hz042/hz042_moyen_caisse-blanc.glb,266,models/hz042/hz042_moyen_caisse-blanc.usdz,266,44,1024x576,False,resized to 1024x576,hz042.jpg,d815256a8fecb551a377495f1406c011435ab4a7216a49c57a7dea96a916f0f0,
hz042,moyen,caisse-chene,horizontal,80.0,45.0,82.8,47.8,3.5,models/hz042/hz042_moyen_caisse-chene.glb,296,models/hz042/hz042_moyen_caisse-chene.usdz,296,44,1024x576,False,resized to 1024x576,hz042.jpg,d815256a8fecb551a377495f1406c011435ab4a7216a49c57a7dea96a916f0f0,
hz042,moyen,caisse-noir,horizontal,80.0,45.0,82.8,47.8,3.5,models/hz042/hz042_moyen_caisse-noir.glb,266,models/hz042/hz042_moyen_caisse-noir.usdz,266,44,1024x576,False,resized to 1024x576,hz042.jpg,d815256a8fecb551a377495f1406c011435ab4a7216a49c57a7dea96a916f0f0,
hz042,moyen,dibond,horizontal,80.0,45.0,80.0,45.0,2.3,models/hz042/hz042_moyen_dibond.glb,265,models/hz042/hz042_moyen_dibond.usdz,264,20,1024x576,False,resized to 1024x576,hz042.jpg,d815256a8fecb551a377495f1406c011435ab4a7216a49c57a7dea96a916f0f0,
hz042,moyen,passe-partout,horizontal,80.0,45.0,100.0,65.0,0.5,models/hz042/hz042_moyen_passe-partout.glb,266,models/hz042/hz042_moyen_passe-partout.usdz,265,38,1024x576,False,resized to 1024x576,hz042.jpg,d815256a8fecb551a377495f1406c011435ab4a7216a49c57a7dea96a916f0f0,
hz043,grand,caisse-blanc,horizontal,120.0,67.5,122.8,70.3,3.5,models/hz043/hz043_grand_caisse-blanc.glb,154,models/hz043/hz043_grand_caisse-blanc.usdz,154,44,1024x576,False,resized to 1024x576,hz043.jpg,8334c36b76967b090907602434bd9aa2db78c9f1452d21f655e3997168a99376,
hz043,grand,caisse-chene,horizontal,120.0,67.5,122.8,70.3,3.5,models/hz043/hz043_grand_caisse-chene.glb,184,models/hz043/hz043_grand_caisse-chene.usdz,183,44,1024x576,False,resized to 1024x576,hz043.jpg,8334c36b76967b090907602434bd9aa2db78c9f1452d21f655e3997168a99376,
hz043,grand,caisse-noir,horizontal,120.0,67.5,122.8,70.3,3.5,models/hz043/hz043_grand_caisse-noir.glb,154,models/hz043/hz043_grand_caisse-noir.usdz,153,44,1024x576,False,resized to 1024x576,hz043.jpg,8334c36b76967b090907602434bd9aa2db78c9f1452d21f655e3997168a99376,
hz043,grand,dibond,horizontal,120.0,67.5,120.0,67.5,2.3,models/hz043/hz043_grand_dibond.glb,152,models/hz043/hz043_grand_dibond.usdz,152,20,1024x576,False,resized to 1024x576,hz043.jpg,8334c36b76967b090907602434bd9aa2db78c9f1452d21f655e3997168a99376,
hz043,moyen,caisse-blanc,horizontal,80.0,45.0,82.8,47.8,3.5,models/hz043/hz043_moyen_caisse-blanc.glb,154,models/hz043/hz043_moyen_caisse-blanc.usdz,154,44,1024x576,False,resized to 1024x576,hz043.jpg,8334c36b76967b090907602434bd9aa2db78c9f1452d21f655e3997168a99376,
hz043,moyen,caisse-chene,horizontal,80.0,45.0,82.8,47.8,3.5,models/hz043/hz043_moyen_caisse-chene.glb,184,models/hz043/hz043_moyen_caisse-chene.usdz,183,44,1024x576,False,resized to 1024x576,hz043.jpg,8334c36b76967b090907602434bd9aa2db78c9f1452d21f655e3997168a99376,
hz043,moyen,caisse-noir,horizontal,80.0,45.0,82.8,47.8,3.5,models/hz043/hz043_moyen_caisse-noir.glb,154,models/hz043/hz043_moyen_caisse-noir.usdz,153,44,1024x576,False,resized to 1024x576,hz043.jpg,8334c36b76967b090907602434bd9aa2db78c9f1452d21f655e3997168a99376,
hz043,moyen,dibond,horizontal,80.0,45.0,80.0,45.0,2.3,models/hz043/hz043_moyen_dibond.glb,152,models/hz043/hz043_moyen_dibond.usdz,152,20,1024x576,False,resized to 1024x576,hz043.jpg,8334c36b76967b090907602434bd9aa2db78c9f1452d21f655e3997168a99376,
hz043,moyen,passe-partout,horizontal,80.0,45.0,100.0,65.0,0.5,models/hz043/hz043_moyen_passe-partout.glb,154,models/hz043/hz043_moyen_passe-partout.usdz,153,38,1024x576,False,resized to 1024x576,hz043.jpg,8334c36b76967b090907602434bd9aa2db78c9f1452d21f655e3997168a99376,
hz044,grand,caisse-blanc,horizontal,120.0,67.5,122.8,70.3,3.5,models/hz044/hz044_grand_caisse-blanc.glb,174,models/hz044/hz044_grand_caisse-blanc.usdz,174,44,1024x576,False,resized to 1024x576,hz044.jpg,625f5bb8470f199fd2a518154bc33d8f1ab1630e479243829171a80eab6ce800,
hz044,grand,caisse-chene,horizontal,120.0,67.5,122.8,70.3,3.5,models/hz044/hz044_grand_caisse-chene.glb,204,models/hz044/hz044_grand_caisse-chene.usdz,204,44,1024x576,False,resized to 1024x576,hz044.jpg,625f5bb8470f199fd2a518154bc33d8f1ab1630e479243829171a80eab6ce800,
hz044,grand,caisse-noir,horizontal,120.0,67.5,122.8,70.3,3.5,models/hz044/hz044_grand_caisse-noir.glb,174,models/hz044/hz044_grand_caisse-noir.usdz,174,44,1024x576,False,resized to 1024x576,hz044.jpg,625f5bb8470f199fd2a518154bc33d8f1ab1630e479243829171a80eab6ce800,
hz044,grand,dibond,horizontal,120.0,67.5,120.0,67.5,2.3,models/hz044/hz044_grand_dibond.glb,172,models/hz044/hz044_grand_dibond.usdz,172,20,1024x576,False,resized to 1024x576,hz044.jpg,625f5bb8470f199fd2a518154bc33d8f1ab1630e479243829171a80eab6ce800,
hz044,moyen,caisse-blanc,horizontal,80.0,45.0,82.8,47.8,3.5,models/hz044/hz044_moyen_caisse-blanc.glb,174,models/hz044/hz044_moyen_caisse-blanc.usdz,174,44,1024x576,False,resized to 1024x576,hz044.jpg,625f5bb8470f199fd2a518154bc33d8f1ab1630e479243829171a80eab6ce800,
hz044,moyen,caisse-chene,horizontal,80.0,45.0,82.8,47.8,3.5,models/hz044/hz044_moyen_caisse-chene.glb,204,models/hz044/hz044_moyen_caisse-chene.usdz,204,44,1024x576,False,resized to 1024x576,hz044.jpg,625f5bb8470f199fd2a518154bc33d8f1ab1630e479243829171a80eab6ce800,
hz044,moyen,caisse-noir,horizontal,80.0,45.0,82.8,47.8,3.5,models/hz044/hz044_moyen_caisse-noir.glb,174,models/hz044/hz044_moyen_caisse-noir.usdz,174,44,1024x576,False,resized to 1024x576,hz044.jpg,625f5bb8470f199fd2a518154bc33d8f1ab1630e479243829171a80eab6ce800,
hz044,moyen,dibond,horizontal,80.0,45.0,80.0,45.0,2.3,models/hz044/hz044_moyen_dibond.glb,172,models/hz044/hz044_moyen_dibond.usdz,172,20,1024x576,False,resized to 1024x576,hz044.jpg,625f5bb8470f199fd2a518154bc33d8f1ab1630e479243829171a80eab6ce800,
hz044,moyen,passe-partout,horizontal,80.0,45.0,100.0,65.0,0.5,models/hz044/hz044_moyen_passe-partout.glb,174,models/hz044/hz044_moyen_passe-partout.usdz,173,38,1024x576,False,resized to 1024x576,hz044.jpg,625f5bb8470f199fd2a518154bc33d8f1ab1630e479243829171a80eab6ce800,
hz046,grand,caisse-blanc,horizontal,120.0,67.5,122.8,70.3,3.5,models/hz046/hz046_grand_caisse-blanc.glb,156,models/hz046/hz046_grand_caisse-blanc.usdz,156,44,1024x576,False,resized to 1024x576,hz046.jpg,3a3136100a8d07aa5e8be985581aa7f2da1c1505742c5aa785fac74ebeb1b31c,
hz046,grand,caisse-chene,horizontal,120.0,67.5,122.8,70.3,3.5,models/hz046/hz046_grand_caisse-chene.glb,186,models/hz046/hz046_grand_caisse-chene.usdz,186,44,1024x576,False,resized to 1024x576,hz046.jpg,3a3136100a8d07aa5e8be985581aa7f2da1c1505742c5aa785fac74ebeb1b31c,
hz046,grand,caisse-noir,horizontal,120.0,67.5,122.8,70.3,3.5,models/hz046/hz046_grand_caisse-noir.glb,156,models/hz046/hz046_grand_caisse-noir.usdz,156,44,1024x576,False,resized to 1024x576,hz046.jpg,3a3136100a8d07aa5e8be985581aa7f2da1c1505742c5aa785fac74ebeb1b31c,
hz046,grand,dibond,horizontal,120.0,67.5,120.0,67.5,2.3,models/hz046/hz046_grand_dibond.glb,154,models/hz046/hz046_grand_dibond.usdz,154,20,1024x576,False,resized to 1024x576,hz046.jpg,3a3136100a8d07aa5e8be985581aa7f2da1c1505742c5aa785fac74ebeb1b31c,
hz046,moyen,caisse-blanc,horizontal,80.0,45.0,82.8,47.8,3.5,models/hz046/hz046_moyen_caisse-blanc.glb,156,models/hz046/hz046_moyen_caisse-blanc.usdz,156,44,1024x576,False,resized to 1024x576,hz046.jpg,3a3136100a8d07aa5e8be985581aa7f2da1c1505742c5aa785fac74ebeb1b31c,
hz046,moyen,caisse-chene,horizontal,80.0,45.0,82.8,47.8,3.5,models/hz046/hz046_moyen_caisse-chene.glb,186,models/hz046/hz046_moyen_caisse-chene.usdz,186,44,1024x576,False,resized to 1024x576,hz046.jpg,3a3136100a8d07aa5e8be985581aa7f2da1c1505742c5aa785fac74ebeb1b31c,
hz046,moyen,caisse-noir,horizontal,80.0,45.0,82.8,47.8,3.5,models/hz046/hz046_moyen_caisse-noir.glb,156,models/hz046/hz046_moyen_caisse-noir.usdz,156,44,1024x576,False,resized to 1024x576,hz046.jpg,3a3136100a8d07aa5e8be985581aa7f2da1c1505742c5aa785fac74ebeb1b31c,
hz046,moyen,dibond,horizontal,80.0,45.0,80.0,45.0,2.3,models/hz046/hz046_moyen_dibond.glb,154,models/hz046/hz046_moyen_dibond.usdz,154,20,1024x576,False,resized to 1024x576,hz046.jpg,3a3136100a8d07aa5e8be985581aa7f2da1c1505742c5aa785fac74ebeb1b31c,
hz046,moyen,passe-partout,horizontal,80.0,45.0,100.0,65.0,0.5,models/hz046/hz046_moyen_passe-partout.glb,156,models/hz046/hz046_moyen_passe-partout.usdz,155,38,1024x576,False,resized to 1024x576,hz046.jpg,3a3136100a8d07aa5e8be985581aa7f2da1c1505742c5aa785fac74ebeb1b31c,
hz048,grand,caisse-blanc,horizontal,120.0,67.5,122.8,70.3,3.5,models/hz048/hz048_grand_caisse-blanc.glb,141,models/hz048/hz048_grand_caisse-blanc.usdz,141,44,1024x576,False,resized to 1024x576,hz048.jpg,0e6ad11365210eda190bd84835b4e74c22cee2ad025fe3c89a966683ff7ab081,
hz048,grand,caisse-chene,horizontal,120.0,67.5,122.8,70.3,3.5,models/hz048/hz048_grand_caisse-chene.glb,171,models/hz048/hz048_grand_caisse-chene.usdz,171,44,1024x576,False,resized to 1024x576,hz048.jpg,0e6ad11365210eda190bd84835b4e74c22cee2ad025fe3c89a966683ff7ab081,
hz048,grand,caisse-noir,horizontal,120.0,67.5,122.8,70.3,3.5,models/hz048/hz048_grand_caisse-noir.glb,141,models/hz048/hz048_grand_caisse-noir.usdz,141,44,1024x576,False,resized to 1024x576,hz048.jpg,0e6ad11365210eda190bd84835b4e74c22cee2ad025fe3c89a966683ff7ab081,
hz048,grand,dibond,horizontal,120.0,67.5,120.0,67.5,2.3,models/hz048/hz048_grand_dibond.glb,140,models/hz048/hz048_grand_dibond.usdz,139,20,1024x576,False,resized to 1024x576,hz048.jpg,0e6ad11365210eda190bd84835b4e74c22cee2ad025fe3c89a966683ff7ab081,
hz048,moyen,caisse-blanc,horizontal,80.0,45.0,82.8,47.8,3.5,models/hz048/hz048_moyen_caisse-blanc.glb,141,models/hz048/hz048_moyen_caisse-blanc.usdz,141,44,1024x576,False,resized to 1024x576,hz048.jpg,0e6ad11365210eda190bd84835b4e74c22cee2ad025fe3c89a966683ff7ab081,
hz048,moyen,caisse-chene,horizontal,80.0,45.0,82.8,47.8,3.5,models/hz048/hz048_moyen_caisse-chene.glb,171,models/hz048/hz048_moyen_caisse-chene.usdz,171,44,1024x576,False,resized to 1024x576,hz048.jpg,0e6ad11365210eda190bd84835b4e74c22cee2ad025fe3c89a966683ff7ab081,
hz048,moyen,caisse-noir,horizontal,80.0,45.0,82.8,47.8,3.5,models/hz048/hz048_moyen_caisse-noir.glb,141,models/hz048/hz048_moyen_caisse-noir.usdz,141,44,1024x576,False,resized to 1024x576,hz048.jpg,0e6ad11365210eda190bd84835b4e74c22cee2ad025fe3c89a966683ff7ab081,
hz048,moyen,dibond,horizontal,80.0,45.0,80.0,45.0,2.3,models/hz048/hz048_moyen_dibond.glb,140,models/hz048/hz048_moyen_dibond.usdz,139,20,1024x576,False,resized to 1024x576,hz048.jpg,0e6ad11365210eda190bd84835b4e74c22cee2ad025fe3c89a966683ff7ab081,
hz048,moyen,passe-partout,horizontal,80.0,45.0,100.0,65.0,0.5,models/hz048/hz048_moyen_passe-partout.glb,141,models/hz048/hz048_moyen_passe-partout.usdz,140,38,1024x576,False,resized to 1024x576,hz048.jpg,0e6ad11365210eda190bd84835b4e74c22cee2ad025fe3c89a966683ff7ab081,
hz049,grand,caisse-blanc,horizontal,120.0,67.5,122.8,70.3,3.5,models/hz049/hz049_grand_caisse-blanc.glb,222,models/hz049/hz049_grand_caisse-blanc.usdz,222,44,1024x576,False,resized to 1024x576,hz049.jpg,d071051c319d238b1cf5e46361542fe99c52f2e144af6cb7595ef3086292b5c3,
hz049,grand,caisse-chene,horizontal,120.0,67.5,122.8,70.3,3.5,models/hz049/hz049_grand_caisse-chene.glb,252,models/hz049/hz049_grand_caisse-chene.usdz,252,44,1024x576,False,resized to 1024x576,hz049.jpg,d071051c319d238b1cf5e46361542fe99c52f2e144af6cb7595ef3086292b5c3,
hz049,grand,caisse-noir,horizontal,120.0,67.5,122.8,70.3,3.5,models/hz049/hz049_grand_caisse-noir.glb,222,models/hz049/hz049_grand_caisse-noir.usdz,222,44,1024x576,False,resized to 1024x576,hz049.jpg,d071051c319d238b1cf5e46361542fe99c52f2e144af6cb7595ef3086292b5c3,
hz049,grand,dibond,horizontal,120.0,67.5,120.0,67.5,2.3,models/hz049/hz049_grand_dibond.glb,221,models/hz049/hz049_grand_dibond.usdz,220,20,1024x576,False,resized to 1024x576,hz049.jpg,d071051c319d238b1cf5e46361542fe99c52f2e144af6cb7595ef3086292b5c3,
hz049,moyen,caisse-blanc,horizontal,80.0,45.0,82.8,47.8,3.5,models/hz049/hz049_moyen_caisse-blanc.glb,222,models/hz049/hz049_moyen_caisse-blanc.usdz,222,44,1024x576,False,resized to 1024x576,hz049.jpg,d071051c319d238b1cf5e46361542fe99c52f2e144af6cb7595ef3086292b5c3,
hz049,moyen,caisse-chene,horizontal,80.0,45.0,82.8,47.8,3.5,models/hz049/hz049_moyen_caisse-chene.glb,252,models/hz049/hz049_moyen_caisse-chene.usdz,252,44,1024x576,False,resized to 1024x576,hz049.jpg,d071051c319d238b1cf5e46361542fe99c52f2e144af6cb7595ef3086292b5c3,
hz049,moyen,caisse-noir,horizontal,80.0,45.0,82.8,47.8,3.5,models/hz049/hz049_moyen_caisse-noir.glb,222,models/hz049/hz049_moyen_caisse-noir.usdz,222,44,1024x576,False,resized to 1024x576,hz049.jpg,d071051c319d238b1cf5e46361542fe99c52f2e144af6cb7595ef3086292b5c3,
hz049,moyen,dibond,horizontal,80.0,45.0,80.0,45.0,2.3,models/hz049/hz049_moyen_dibond.glb,221,models/hz049/hz049_moyen_dibond.usdz,220,20,1024x576,False,resized to 1024x576,hz049.jpg,d071051c319d238b1cf5e46361542fe99c52f2e144af6cb7595ef3086292b5c3,
hz049,moyen,passe-partout,horizontal,80.0,45.0,100.0,65.0,0.5,models/hz049/hz049_moyen_passe-partout.glb,222,models/hz049/hz049_moyen_passe-partout.usdz,221,38,1024x576,False,resized to 1024x576,hz049.jpg,d071051c319d238b1cf5e46361542fe99c52f2e144af6cb7595ef3086292b5c3,
hz050,grand,caisse-blanc,horizontal,120.0,67.5,122.8,70.3,3.5,models/hz050/hz050_grand_caisse-blanc.glb,216,models/hz050/hz050_grand_caisse-blanc.usdz,216,44,1024x576,False,resized to 1024x576,hz050.jpg,731e4e2a8c37274ac0be13932b25768b9ac03f135900ef95ea291034e727cc29,
hz050,grand,caisse-chene,horizontal,120.0,67.5,122.8,70.3,3.5,models/hz050/hz050_grand_caisse-chene.glb,246,models/hz050/hz050_grand_caisse-chene.usdz,246,44,1024x576,False,resized to 1024x576,hz050.jpg,731e4e2a8c37274ac0be13932b25768b9ac03f135900ef95ea291034e727cc29,
hz050,grand,caisse-noir,horizontal,120.0,67.5,122.8,70.3,3.5,models/hz050/hz050_grand_caisse-noir.glb,216,models/hz050/hz050_grand_caisse-noir.usdz,216,44,1024x576,False,resized to 1024x576,hz050.jpg,731e4e2a8c37274ac0be13932b25768b9ac03f135900ef95ea291034e727cc29,
hz050,grand,dibond,horizontal,120.0,67.5,120.0,67.5,2.3,models/hz050/hz050_grand_dibond.glb,214,models/hz050/hz050_grand_dibond.usdz,214,20,1024x576,False,resized to 1024x576,hz050.jpg,731e4e2a8c37274ac0be13932b25768b9ac03f135900ef95ea291034e727cc29,
hz050,moyen,caisse-blanc,horizontal,80.0,45.0,82.8,47.8,3.5,models/hz050/hz050_moyen_caisse-blanc.glb,216,models/hz050/hz050_moyen_caisse-blanc.usdz,216,44,1024x576,False,resized to 1024x576,hz050.jpg,731e4e2a8c37274ac0be13932b25768b9ac03f135900ef95ea291034e727cc29,
hz050,moyen,caisse-chene,horizontal,80.0,45.0,82.8,47.8,3.5,models/hz050/hz050_moyen_caisse-chene.glb,246,models/hz050/hz050_moyen_caisse-chene.usdz,246,44,1024x576,False,resized to 1024x576,hz050.jpg,731e4e2a8c37274ac0be13932b25768b9ac03f135900ef95ea291034e727cc29,
hz050,moyen,caisse-noir,horizontal,80.0,45.0,82.8,47.8,3.5,models/hz050/hz050_moyen_caisse-noir.glb,216,models/hz050/hz050_moyen_caisse-noir.usdz,216,44,1024x576,False,resized to 1024x576,hz050.jpg,731e4e2a8c37274ac0be13932b25768b9ac03f135900ef95ea291034e727cc29,
hz050,moyen,dibond,horizontal,80.0,45.0,80.0,45.0,2.3,models/hz050/hz050_moyen_dibond.glb,214,models/hz050/hz050_moyen_dibond.usdz,214,20,1024x576,False,resized to 1024x576,hz050.jpg,731e4e2a8c37274ac0be13932b25768b9ac03f135900ef95ea291034e727cc29,
hz050,moyen,passe-partout,horizontal,80.0,45.0,100.0,65.0,0.5,models/hz050/hz050_moyen_passe-partout.glb,216,models/hz050/hz050_moyen_passe-partout.usdz,215,38,1024x576,False,resized to 1024x576,hz050.jpg,731e4e2a8c37274ac0be13932b25768b9ac03f135900ef95ea291034e727cc29,
hz051,grand,caisse-blanc,horizontal,120.0,67.5,122.8,70.3,3.5,models/hz051/hz051_grand_caisse-blanc.glb,168,models/hz051/hz051_grand_caisse-blanc.usdz,168,44,1024x576,False,resized to 1024x576,hz051.jpg,ae05442bf255f142042c86d6cd03e40d741a8039ca30e51aa6a1974fd7b2a983,
hz051,grand,caisse-chene,horizontal,120.0,67.5,122.8,70.3,3.5,models/hz051/hz051_grand_caisse-chene.glb,198,models/hz051/hz051_grand_caisse-chene.usdz,198,44,1024x576,False,resized to 1024x576,hz051.jpg,ae05442bf255f142042c86d6cd03e40d741a8039ca30e51aa6a1974fd7b2a983,
hz051,grand,caisse-noir,horizontal,120.0,67.5,122.8,70.3,3.5,models/hz051/hz051_grand_caisse-noir.glb,168,models/hz051/hz051_grand_caisse-noir.usdz,168,44,1024x576,False,resized to 1024x576,hz051.jpg,ae05442bf255f142042c86d6cd03e40d741a8039ca30e51aa6a1974fd7b2a983,
hz051,grand,dibond,horizontal,120.0,67.5,120.0,67.5,2.3,models/hz051/hz051_grand_dibond.glb,166,models/hz051/hz051_grand_dibond.usdz,166,20,1024x576,False,resized to 1024x576,hz051.jpg,ae05442bf255f142042c86d6cd03e40d741a8039ca30e51aa6a1974fd7b2a983,
hz051,moyen,caisse-blanc,horizontal,80.0,45.0,82.8,47.8,3.5,models/hz051/hz051_moyen_caisse-blanc.glb,168,models/hz051/hz051_moyen_caisse-blanc.usdz,168,44,1024x576,False,resized to 1024x576,hz051.jpg,ae05442bf255f142042c86d6cd03e40d741a8039ca30e51aa6a1974fd7b2a983,
hz051,moyen,caisse-chene,horizontal,80.0,45.0,82.8,47.8,3.5,models/hz051/hz051_moyen_caisse-chene.glb,198,models/hz051/hz051_moyen_caisse-chene.usdz,198,44,1024x576,False,resized to 1024x576,hz051.jpg,ae05442bf255f142042c86d6cd03e40d741a8039ca30e51aa6a1974fd7b2a983,
hz051,moyen,caisse-noir,horizontal,80.0,45.0,82.8,47.8,3.5,models/hz051/hz051_moyen_caisse-noir.glb,168,models/hz051/hz051_moyen_caisse-noir.usdz,168,44,1024x576,False,resized to 1024x576,hz051.jpg,ae05442bf255f142042c86d6cd03e40d741a8039ca30e51aa6a1974fd7b2a983,
hz051,moyen,dibond,horizontal,80.0,45.0,80.0,45.0,2.3,models/hz051/hz051_moyen_dibond.glb,166,models/hz051/hz051_moyen_dibond.usdz,166,20,1024x576,False,resized to 1024x576,hz051.jpg,ae05442bf255f142042c86d6cd03e40d741a8039ca30e51aa6a1974fd7b2a983,
hz051,moyen,passe-partout,horizontal,80.0,45.0,100.0,65.0,0.5,models/hz051/hz051_moyen_passe-partout.glb,168,models/hz051/hz051_moyen_passe-partout.usdz,167,38,1024x576,False,resized to 1024x576,hz051.jpg,ae05442bf255f142042c86d6cd03e40d741a8039ca30e51aa6a1974fd7b2a983,
hz052,grand,caisse-blanc,horizontal,120.0,67.5,122.8,70.3,3.5,models/hz052/hz052_grand_caisse-blanc.glb,114,models/hz052/hz052_grand_caisse-blanc.usdz,114,44,1024x576,False,resized to 1024x576,hz052.jpg,6f7d761c2cfbcb7ac4ccb3816fcc4a8c0a7503e20ac0f41be655c526bda589e6,
hz052,grand,caisse-chene,horizontal,120.0,67.5,122.8,70.3,3.5,models/hz052/hz052_grand_caisse-chene.glb,144,models/hz052/hz052_grand_caisse-chene.usdz,144,44,1024x576,False,resized to 1024x576,hz052.jpg,6f7d761c2cfbcb7ac4ccb3816fcc4a8c0a7503e20ac0f41be655c526bda589e6,
hz052,grand,caisse-noir,horizontal,120.0,67.5,122.8,70.3,3.5,models/hz052/hz052_grand_caisse-noir.glb,114,models/hz052/hz052_grand_caisse-noir.usdz,114,44,1024x576,False,resized to 1024x576,hz052.jpg,6f7d761c2cfbcb7ac4ccb3816fcc4a8c0a7503e20ac0f41be655c526bda589e6,
hz052,grand,dibond,horizontal,120.0,67.5,120.0,67.5,2.3,models/hz052/hz052_grand_dibond.glb,112,models/hz052/hz052_grand_dibond.usdz,112,20,1024x576,False,resized to 1024x576,hz052.jpg,6f7d761c2cfbcb7ac4ccb3816fcc4a8c0a7503e20ac0f41be655c526bda589e6,
hz052,moyen,caisse-blanc,horizontal,80.0,45.0,82.8,47.8,3.5,models/hz052/hz052_moyen_caisse-blanc.glb,114,models/hz052/hz052_moyen_caisse-blanc.usdz,114,44,1024x576,False,resized to 1024x576,hz052.jpg,6f7d761c2cfbcb7ac4ccb3816fcc4a8c0a7503e20ac0f41be655c526bda589e6,
hz052,moyen,caisse-chene,horizontal,80.0,45.0,82.8,47.8,3.5,models/hz052/hz052_moyen_caisse-chene.glb,144,models/hz052/hz052_moyen_caisse-chene.usdz,144,44,1024x576,False,resized to 1024x576,hz052.jpg,6f7d761c2cfbcb7ac4ccb3816fcc4a8c0a7503e20ac0f41be655c526bda589e6,
hz052,moyen,caisse-noir,horizontal,80.0,45.0,82.8,47.8,3.5,models/hz052/hz052_moyen_caisse-noir.glb,114,models/hz052/hz052_moyen_caisse-noir.usdz,114,44,1024x576,False,resized to 1024x576,hz052.jpg,6f7d761c2cfbcb7ac4ccb3816fcc4a8c0a7503e20ac0f41be655c526bda589e6,
hz052,moyen,dibond,horizontal,80.0,45.0,80.0,45.0,2.3,models/hz052/hz052_moyen_dibond.glb,112,models/hz052/hz052_moyen_dibond.usdz,112,20,1024x576,False,resized to 1024x576,hz052.jpg,6f7d761c2cfbcb7ac4ccb3816fcc4a8c0a7503e20ac0f41be655c526bda589e6,
hz052,moyen,passe-partout,horizontal,80.0,45.0,100.0,65.0,0.5,models/hz052/hz052_moyen_passe-partout.glb,114,models/hz052/hz052_moyen_passe-partout.usdz,113,38,1024x576,False,resized to 1024x576,hz052.jpg,6f7d761c2cfbcb7ac4ccb3816fcc4a8c0a7503e20ac0f41be655c526bda589e6,
hz055,grand,caisse-blanc,horizontal,120.0,67.5,122.8,70.3,3.5,models/hz055/hz055_grand_caisse-blanc.glb,307,models/hz055/hz055_grand_caisse-blanc.usdz,306,44,1024x576,False,resized to 1024x576,hz055.jpg,e4f5c3ea87ba4d5fc5352d5a7b105a3fcb2a8181c5068f5bbd1acf746c881a22,
hz055,grand,caisse-chene,horizontal,120.0,67.5,122.8,70.3,3.5,models/hz055/hz055_grand_caisse-chene.glb,337,models/hz055/hz055_grand_caisse-chene.usdz,336,44,1024x576,False,resized to 1024x576,hz055.jpg,e4f5c3ea87ba4d5fc5352d5a7b105a3fcb2a8181c5068f5bbd1acf746c881a22,
hz055,grand,caisse-noir,horizontal,120.0,67.5,122.8,70.3,3.5,models/hz055/hz055_grand_caisse-noir.glb,307,models/hz055/hz055_grand_caisse-noir.usdz,306,44,1024x576,False,resized to 1024x576,hz055.jpg,e4f5c3ea87ba4d5fc5352d5a7b105a3fcb2a8181c5068f5bbd1acf746c881a22,
hz055,grand,dibond,horizontal,120.0,67.5,120.0,67.5,2.3,models/hz055/hz055_grand_dibond.glb,305,models/hz055/hz055_grand_dibond.usdz,304,20,1024x576,False,resized to 1024x576,hz055.jpg,e4f5c3ea87ba4d5fc5352d5a7b105a3fcb2a8181c5068f5bbd1acf746c881a22,
hz055,moyen,caisse-blanc,horizontal,80.0,45.0,82.8,47.8,3.5,models/hz055/hz055_moyen_caisse-blanc.glb,307,models/hz055/hz055_moyen_caisse-blanc.usdz,306,44,1024x576,False,resized to 1024x576,hz055.jpg,e4f5c3ea87ba4d5fc5352d5a7b105a3fcb2a8181c5068f5bbd1acf746c881a22,
hz055,moyen,caisse-chene,horizontal,80.0,45.0,82.8,47.8,3.5,models/hz055/hz055_moyen_caisse-chene.glb,337,models/hz055/hz055_moyen_caisse-chene.usdz,336,44,1024x576,False,resized to 1024x576,hz055.jpg,e4f5c3ea87ba4d5fc5352d5a7b105a3fcb2a8181c5068f5bbd1acf746c881a22,
hz055,moyen,caisse-noir,horizontal,80.0,45.0,82.8,47.8,3.5,models/hz055/hz055_moyen_caisse-noir.glb,307,models/hz055/hz055_moyen_caisse-noir.usdz,306,44,1024x576,False,resized to 1024x576,hz055.jpg,e4f5c3ea87ba4d5fc5352d5a7b105a3fcb2a8181c5068f5bbd1acf746c881a22,
hz055,moyen,dibond,horizontal,80.0,45.0,80.0,45.0,2.3,models/hz055/hz055_moyen_dibond.glb,305,models/hz055/hz055_moyen_dibond.usdz,304,20,1024x576,False,resized to 1024x576,hz055.jpg,e4f5c3ea87ba4d5fc5352d5a7b105a3fcb2a8181c5068f5bbd1acf746c881a22,
hz055,moyen,passe-partout,horizontal,80.0,45.0,100.0,65.0,0.5,models/hz055/hz055_moyen_passe-partout.glb,306,models/hz055/hz055_moyen_passe-partout.usdz,306,38,1024x576,False,resized to 1024x576,hz055.jpg,e4f5c3ea87ba4d5fc5352d5a7b105a3fcb2a8181c5068f5bbd1acf746c881a22,
hz056,grand,caisse-blanc,horizontal,120.0,67.5,122.8,70.3,3.5,models/hz056/hz056_grand_caisse-blanc.glb,176,models/hz056/hz056_grand_caisse-blanc.usdz,175,44,1024x576,False,resized to 1024x576,hz056.jpg,aa45fb412de363b9be785f2770aa119dc142a6905a99118cd3b9967c304f5898,
hz056,grand,caisse-chene,horizontal,120.0,67.5,122.8,70.3,3.5,models/hz056/hz056_grand_caisse-chene.glb,206,models/hz056/hz056_grand_caisse-chene.usdz,206,44,1024x576,False,resized to 1024x576,hz056.jpg,aa45fb412de363b9be785f2770aa119dc142a6905a99118cd3b9967c304f5898,
hz056,grand,caisse-noir,horizontal,120.0,67.5,122.8,70.3,3.5,models/hz056/hz056_grand_caisse-noir.glb,176,models/hz056/hz056_grand_caisse-noir.usdz,175,44,1024x576,False,resized to 1024x576,hz056.jpg,aa45fb412de363b9be785f2770aa119dc142a6905a99118cd3b9967c304f5898,
hz056,grand,dibond,horizontal,120.0,67.5,120.0,67.5,2.3,models/hz056/hz056_grand_dibond.glb,174,models/hz056/hz056_grand_dibond.usdz,174,20,1024x576,False,resized to 1024x576,hz056.jpg,aa45fb412de363b9be785f2770aa119dc142a6905a99118cd3b9967c304f5898,
hz056,moyen,caisse-blanc,horizontal,80.0,45.0,82.8,47.8,3.5,models/hz056/hz056_moyen_caisse-blanc.glb,176,models/hz056/hz056_moyen_caisse-blanc.usdz,175,44,1024x576,False,resized to 1024x576,hz056.jpg,aa45fb412de363b9be785f2770aa119dc142a6905a99118cd3b9967c304f5898,
hz056,moyen,caisse-chene,horizontal,80.0,45.0,82.8,47.8,3.5,models/hz056/hz056_moyen_caisse-chene.glb,206,models/hz056/hz056_moyen_caisse-chene.usdz,206,44,1024x576,False,resized to 1024x576,hz056.jpg,aa45fb412de363b9be785f2770aa119dc142a6905a99118cd3b9967c304f5898,
hz056,moyen,caisse-noir,horizontal,80.0,45.0,82.8,47.8,3.5,models/hz056/hz056_moyen_caisse-noir.glb,176,models/hz056/hz056_moyen_caisse-noir.usdz,175,44,1024x576,False,resized to 1024x576,hz056.jpg,aa45fb412de363b9be785f2770aa119dc142a6905a99118cd3b9967c304f5898,
hz056,moyen,dibond,horizontal,80.0,45.0,80.0,45.0,2.3,models/hz056/hz056_moyen_dibond.glb,174,models/hz056/hz056_moyen_dibond.usdz,174,20,1024x576,False,resized to 1024x576,hz056.jpg,aa45fb412de363b9be785f2770aa119dc142a6905a99118cd3b9967c304f5898,
hz056,moyen,passe-partout,horizontal,80.0,45.0,100.0,65.0,0.5,models/hz056/hz056_moyen_passe-partout.glb,176,models/hz056/hz056_moyen_passe-partout.usdz,175,38,1024x576,False,resized to 1024x576,hz056.jpg,aa45fb412de363b9be785f2770aa119dc142a6905a99118cd3b9967c304f5898,
hz057,grand,caisse-blanc,horizontal,120.0,67.5,122.8,70.3,3.5,models/hz057/hz057_grand_caisse-blanc.glb,150,models/hz057/hz057_grand_caisse-blanc.usdz,150,44,1024x576,False,resized to 1024x576,hz057.jpg,17e2e99b1772459652e2beecd0582f6511d97c699d1f542c4587f696c064bfbb,
hz057,grand,caisse-chene,horizontal,120.0,67.5,122.8,70.3,3.5,models/hz057/hz057_grand_caisse-chene.glb,180,models/hz057/hz057_grand_caisse-chene.usdz,179,44,1024x576,False,resized to 1024x576,hz057.jpg,17e2e99b1772459652e2beecd0582f6511d97c699d1f542c4587f696c064bfbb,
hz057,grand,caisse-noir,horizontal,120.0,67.5,122.8,70.3,3.5,models/hz057/hz057_grand_caisse-noir.glb,150,models/hz057/hz057_grand_caisse-noir.usdz,149,44,1024x576,False,resized to 1024x576,hz057.jpg,17e2e99b1772459652e2beecd0582f6511d97c699d1f542c4587f696c064bfbb,
hz057,grand,dibond,horizontal,120.0,67.5,120.0,67.5,2.3,models/hz057/hz057_grand_dibond.glb,148,models/hz057/hz057_grand_dibond.usdz,148,20,1024x576,False,resized to 1024x576,hz057.jpg,17e2e99b1772459652e2beecd0582f6511d97c699d1f542c4587f696c064bfbb,
hz057,moyen,caisse-blanc,horizontal,80.0,45.0,82.8,47.8,3.5,models/hz057/hz057_moyen_caisse-blanc.glb,150,models/hz057/hz057_moyen_caisse-blanc.usdz,150,44,1024x576,False,resized to 1024x576,hz057.jpg,17e2e99b1772459652e2beecd0582f6511d97c699d1f542c4587f696c064bfbb,
hz057,moyen,caisse-chene,horizontal,80.0,45.0,82.8,47.8,3.5,models/hz057/hz057_moyen_caisse-chene.glb,180,models/hz057/hz057_moyen_caisse-chene.usdz,179,44,1024x576,False,resized to 1024x576,hz057.jpg,17e2e99b1772459652e2beecd0582f6511d97c699d1f542c4587f696c064bfbb,
hz057,moyen,caisse-noir,horizontal,80.0,45.0,82.8,47.8,3.5,models/hz057/hz057_moyen_caisse-noir.glb,150,models/hz057/hz057_moyen_caisse-noir.usdz,149,44,1024x576,False,resized to 1024x576,hz057.jpg,17e2e99b1772459652e2beecd0582f6511d97c699d1f542c4587f696c064bfbb,
hz057,moyen,dibond,horizontal,80.0,45.0,80.0,45.0,2.3,models/hz057/hz057_moyen_dibond.glb,148,models/hz057/hz057_moyen_dibond.usdz,148,20,1024x576,False,resized to 1024x576,hz057.jpg,17e2e99b1772459652e2beecd0582f6511d97c699d1f542c4587f696c064bfbb,
hz057,moyen,passe-partout,horizontal,80.0,45.0,100.0,65.0,0.5,models/hz057/hz057_moyen_passe-partout.glb,150,models/hz057/hz057_moyen_passe-partout.usdz,149,38,1024x576,False,resized to 1024x576,hz057.jpg,17e2e99b1772459652e2beecd0582f6511d97c699d1f542c4587f696c064bfbb,
hz061,grand,caisse-blanc,horizontal,120.0,67.5,122.8,70.3,3.5,models/hz061/hz061_grand_caisse-blanc.glb,267,models/hz061/hz061_grand_caisse-blanc.usdz,267,44,1024x576,False,resized to 1024x576,hz061.jpg,973d6522e00b6c247fc039bd76bc751487b6d9324b1adfc6a379f5a5954c8de7,
hz061,grand,caisse-chene,horizontal,120.0,67.5,122.8,70.3,3.5,models/hz061/hz061_grand_caisse-chene.glb,297,models/hz061/hz061_grand_caisse-chene.usdz,297,44,1024x576,False,resized to 1024x576,hz061.jpg,973d6522e00b6c247fc039bd76bc751487b6d9324b1adfc6a379f5a5954c8de7,
hz061,grand,caisse-noir,horizontal,120.0,67.5,122.8,70.3,3.5,models/hz061/hz061_grand_caisse-noir.glb,267,models/hz061/hz061_grand_caisse-noir.usdz,267,44,1024x576,False,resized to 1024x576,hz061.jpg,973d6522e00b6c247fc039bd76bc751487b6d9324b1adfc6a379f5a5954c8de7,
hz061,grand,dibond,horizontal,120.0,67.5,120.0,67.5,2.3,models/hz061/hz061_grand_dibond.glb,266,models/hz061/hz061_grand_dibond.usdz,265,20,1024x576,False,resized to 1024x576,hz061.jpg,973d6522e00b6c247fc039bd76bc751487b6d9324b1adfc6a379f5a5954c8de7,
hz061,moyen,caisse-blanc,horizontal,80.0,45.0,82.8,47.8,3.5,models/hz061/hz061_moyen_caisse-blanc.glb,268,models/hz061/hz061_moyen_caisse-blanc.usdz,267,44,1024x576,False,resized to 1024x576,hz061.jpg,973d6522e00b6c247fc039bd76bc751487b6d9324b1adfc6a379f5a5954c8de7,
hz061,moyen,caisse-chene,horizontal,80.0,45.0,82.8,47.8,3.5,models/hz061/hz061_moyen_caisse-chene.glb,297,models/hz061/hz061_moyen_caisse-chene.usdz,297,44,1024x576,False,resized to 1024x576,hz061.jpg,973d6522e00b6c247fc039bd76bc751487b6d9324b1adfc6a379f5a5954c8de7,
hz061,moyen,caisse-noir,horizontal,80.0,45.0,82.8,47.8,3.5,models/hz061/hz061_moyen_caisse-noir.glb,267,models/hz061/hz061_moyen_caisse-noir.usdz,267,44,1024x576,False,resized to 1024x576,hz061.jpg,973d6522e00b6c247fc039bd76bc751487b6d9324b1adfc6a379f5a5954c8de7,
hz061,moyen,dibond,horizontal,80.0,45.0,80.0,45.0,2.3,models/hz061/hz061_moyen_dibond.glb,266,models/hz061/hz061_moyen_dibond.usdz,265,20,1024x576,False,resized to 1024x576,hz061.jpg,973d6522e00b6c247fc039bd76bc751487b6d9324b1adfc6a379f5a5954c8de7,
hz061,moyen,passe-partout,horizontal,80.0,45.0,100.0,65.0,0.5,models/hz061/hz061_moyen_passe-partout.glb,267,models/hz061/hz061_moyen_passe-partout.usdz,266,38,1024x576,False,resized to 1024x576,hz061.jpg,973d6522e00b6c247fc039bd76bc751487b6d9324b1adfc6a379f5a5954c8de7,
hz063,grand,caisse-blanc,horizontal,120.0,67.5,122.8,70.3,3.5,models/hz063/hz063_grand_caisse-blanc.glb,201,models/hz063/hz063_grand_caisse-blanc.usdz,200,44,1024x576,False,resized to 1024x576,hz063.jpg,c44feafe062ad536ca2a93d7b336f30f4c0a36bc8227154f25811d2ab076c3a3,
hz063,grand,caisse-chene,horizontal,120.0,67.5,122.8,70.3,3.5,models/hz063/hz063_grand_caisse-chene.glb,231,models/hz063/hz063_grand_caisse-chene.usdz,230,44,1024x576,False,resized to 1024x576,hz063.jpg,c44feafe062ad536ca2a93d7b336f30f4c0a36bc8227154f25811d2ab076c3a3,
hz063,grand,caisse-noir,horizontal,120.0,67.5,122.8,70.3,3.5,models/hz063/hz063_grand_caisse-noir.glb,201,models/hz063/hz063_grand_caisse-noir.usdz,200,44,1024x576,False,resized to 1024x576,hz063.jpg,c44feafe062ad536ca2a93d7b336f30f4c0a36bc8227154f25811d2ab076c3a3,
hz063,grand,dibond,horizontal,120.0,67.5,120.0,67.5,2.3,models/hz063/hz063_grand_dibond.glb,199,models/hz063/hz063_grand_dibond.usdz,198,20,1024x576,False,resized to 1024x576,hz063.jpg,c44feafe062ad536ca2a93d7b336f30f4c0a36bc8227154f25811d2ab076c3a3,
hz063,moyen,caisse-blanc,horizontal,80.0,45.0,82.8,47.8,3.5,models/hz063/hz063_moyen_caisse-blanc.glb,201,models/hz063/hz063_moyen_caisse-blanc.usdz,200,44,1024x576,False,resized to 1024x576,hz063.jpg,c44feafe062ad536ca2a93d7b336f30f4c0a36bc8227154f25811d2ab076c3a3,
hz063,moyen,caisse-chene,horizontal,80.0,45.0,82.8,47.8,3.5,models/hz063/hz063_moyen_caisse-chene.glb,231,models/hz063/hz063_moyen_caisse-chene.usdz,230,44,1024x576,False,resized to 1024x576,hz063.jpg,c44feafe062ad536ca2a93d7b336f30f4c0a36bc8227154f25811d2ab076c3a3,
hz063,moyen,caisse-noir,horizontal,80.0,45.0,82.8,47.8,3.5,models/hz063/hz063_moyen_caisse-noir.glb,201,models/hz063/hz063_moyen_caisse-noir.usdz,200,44,1024x576,False,resized to 1024x576,hz063.jpg,c44feafe062ad536ca2a93d7b336f30f4c0a36bc8227154f25811d2ab076c3a3,
hz063,moyen,dibond,horizontal,80.0,45.0,80.0,45.0,2.3,models/hz063/hz063_moyen_dibond.glb,199,models/hz063/hz063_moyen_dibond.usdz,198,20,1024x576,False,resized to 1024x576,hz063.jpg,c44feafe062ad536ca2a93d7b336f30f4c0a36bc8227154f25811d2ab076c3a3,
hz063,moyen,passe-partout,horizontal,80.0,45.0,100.0,65.0,0.5,models/hz063/hz063_moyen_passe-partout.glb,200,models/hz063/hz063_moyen_passe-partout.usdz,200,38,1024x576,False,resized to 1024x576,hz063.jpg,c44feafe062ad536ca2a93d7b336f30f4c0a36bc8227154f25811d2ab076c3a3,
hz064,grand,caisse-blanc,horizontal,120.0,67.5,122.8,70.3,3.5,models/hz064/hz064_grand_caisse-blanc.glb,235,models/hz064/hz064_grand_caisse-blanc.usdz,234,44,1024x576,False,resized to 1024x576,hz064.jpg,99314b875818fa7674669a932708dbc811b0577af662761a679e62bb1d5dfeff,
hz064,grand,caisse-chene,horizontal,120.0,67.5,122.8,70.3,3.5,models/hz064/hz064_grand_caisse-chene.glb,265,models/hz064/hz064_grand_caisse-chene.usdz,265,44,1024x576,False,resized to 1024x576,hz064.jpg,99314b875818fa7674669a932708dbc811b0577af662761a679e62bb1d5dfeff,
hz064,grand,caisse-noir,horizontal,120.0,67.5,122.8,70.3,3.5,models/hz064/hz064_grand_caisse-noir.glb,235,models/hz064/hz064_grand_caisse-noir.usdz,234,44,1024x576,False,resized to 1024x576,hz064.jpg,99314b875818fa7674669a932708dbc811b0577af662761a679e62bb1d5dfeff,
hz064,grand,dibond,horizontal,120.0,67.5,120.0,67.5,2.3,models/hz064/hz064_grand_dibond.glb,233,models/hz064/hz064_grand_dibond.usdz,233,20,1024x576,False,resized to 1024x576,hz064.jpg,99314b875818fa7674669a932708dbc811b0577af662761a679e62bb1d5dfeff,
hz064,moyen,caisse-blanc,horizontal,80.0,45.0,82.8,47.8,3.5,models/hz064/hz064_moyen_caisse-blanc.glb,235,models/hz064/hz064_moyen_caisse-blanc.usdz,234,44,1024x576,False,resized to 1024x576,hz064.jpg,99314b875818fa7674669a932708dbc811b0577af662761a679e62bb1d5dfeff,
hz064,moyen,caisse-chene,horizontal,80.0,45.0,82.8,47.8,3.5,models/hz064/hz064_moyen_caisse-chene.glb,265,models/hz064/hz064_moyen_caisse-chene.usdz,265,44,1024x576,False,resized to 1024x576,hz064.jpg,99314b875818fa7674669a932708dbc811b0577af662761a679e62bb1d5dfeff,
hz064,moyen,caisse-noir,horizontal,80.0,45.0,82.8,47.8,3.5,models/hz064/hz064_moyen_caisse-noir.glb,235,models/hz064/hz064_moyen_caisse-noir.usdz,234,44,1024x576,False,resized to 1024x576,hz064.jpg,99314b875818fa7674669a932708dbc811b0577af662761a679e62bb1d5dfeff,
hz064,moyen,dibond,horizontal,80.0,45.0,80.0,45.0,2.3,models/hz064/hz064_moyen_dibond.glb,233,models/hz064/hz064_moyen_dibond.usdz,233,20,1024x576,False,resized to 1024x576,hz064.jpg,99314b875818fa7674669a932708dbc811b0577af662761a679e62bb1d5dfeff,
hz064,moyen,passe-partout,horizontal,80.0,45.0,100.0,65.0,0.5,models/hz064/hz064_moyen_passe-partout.glb,235,models/hz064/hz064_moyen_passe-partout.usdz,234,38,1024x576,False,resized to 1024x576,hz064.jpg,99314b875818fa7674669a932708dbc811b0577af662761a679e62bb1d5dfeff,
hz066,grand,caisse-blanc,horizontal,120.0,67.5,122.8,70.3,3.5,models/hz066/hz066_grand_caisse-blanc.glb,284,models/hz066/hz066_grand_caisse-blanc.usdz,284,44,1024x576,False,resized to 1024x576,hz066.jpg,118235c51859b2be3f549f90c68218daf463ac4522979a6831785b41c535ccb8,
hz066,grand,caisse-chene,horizontal,120.0,67.5,122.8,70.3,3.5,models/hz066/hz066_grand_caisse-chene.glb,314,models/hz066/hz066_grand_caisse-chene.usdz,314,44,1024x576,False,resized to 1024x576,hz066.jpg,118235c51859b2be3f549f90c68218daf463ac4522979a6831785b41c535ccb8,
hz066,grand,caisse-noir,horizontal,120.0,67.5,122.8,70.3,3.5,models/hz066/hz066_grand_caisse-noir.glb,284,models/hz066/hz066_grand_caisse-noir.usdz,284,44,1024x576,False,resized to 1024x576,hz066.jpg,118235c51859b2be3f549f90c68218daf463ac4522979a6831785b41c535ccb8,
hz066,grand,dibond,horizontal,120.0,67.5,120.0,67.5,2.3,models/hz066/hz066_grand_dibond.glb,282,models/hz066/hz066_grand_dibond.usdz,282,20,1024x576,False,resized to 1024x576,hz066.jpg,118235c51859b2be3f549f90c68218daf463ac4522979a6831785b41c535ccb8,
hz066,moyen,caisse-blanc,horizontal,80.0,45.0,82.8,47.8,3.5,models/hz066/hz066_moyen_caisse-blanc.glb,284,models/hz066/hz066_moyen_caisse-blanc.usdz,284,44,1024x576,False,resized to 1024x576,hz066.jpg,118235c51859b2be3f549f90c68218daf463ac4522979a6831785b41c535ccb8,
hz066,moyen,caisse-chene,horizontal,80.0,45.0,82.8,47.8,3.5,models/hz066/hz066_moyen_caisse-chene.glb,314,models/hz066/hz066_moyen_caisse-chene.usdz,314,44,1024x576,False,resized to 1024x576,hz066.jpg,118235c51859b2be3f549f90c68218daf463ac4522979a6831785b41c535ccb8,
hz066,moyen,caisse-noir,horizontal,80.0,45.0,82.8,47.8,3.5,models/hz066/hz066_moyen_caisse-noir.glb,284,models/hz066/hz066_moyen_caisse-noir.usdz,284,44,1024x576,False,resized to 1024x576,hz066.jpg,118235c51859b2be3f549f90c68218daf463ac4522979a6831785b41c535ccb8,
hz066,moyen,dibond,horizontal,80.0,45.0,80.0,45.0,2.3,models/hz066/hz066_moyen_dibond.glb,282,models/hz066/hz066_moyen_dibond.usdz,282,20,1024x576,False,resized to 1024x576,hz066.jpg,118235c51859b2be3f549f90c68218daf463ac4522979a6831785b41c535ccb8,
hz066,moyen,passe-partout,horizontal,80.0,45.0,100.0,65.0,0.5,models/hz066/hz066_moyen_passe-partout.glb,284,models/hz066/hz066_moyen_passe-partout.usdz,283,38,1024x576,False,resized to 1024x576,hz066.jpg,118235c51859b2be3f549f90c68218daf463ac4522979a6831785b41c535ccb8,
hz067,grand,caisse-blanc,horizontal,120.0,67.5,122.8,70.3,3.5,models/hz067/hz067_grand_caisse-blanc.glb,336,models/hz067/hz067_grand_caisse-blanc.usdz,336,44,1024x576,False,resized to 1024x576,hz067.jpg,8ccd9af02e4df65c371617e7907ad5f9ed3cbb91e221460e76a818fabda020ba,
hz067,grand,caisse-chene,horizontal,120.0,67.5,122.8,70.3,3.5,models/hz067/hz067_grand_caisse-chene.glb,366,models/hz067/hz067_grand_caisse-chene.usdz,366,44,1024x576,False,resized to 1024x576,hz067.jpg,8ccd9af02e4df65c371617e7907ad5f9ed3cbb91e221460e76a818fabda020ba,
hz067,grand,caisse-noir,horizontal,120.0,67.5,122.8,70.3,3.5,models/hz067/hz067_grand_caisse-noir.glb,336,models/hz067/hz067_grand_caisse-noir.usdz,336,44,1024x576,False,resized to 1024x576,hz067.jpg,8ccd9af02e4df65c371617e7907ad5f9ed3cbb91e221460e76a818fabda020ba,
hz067,grand,dibond,horizontal,120.0,67.5,120.0,67.5,2.3,models/hz067/hz067_grand_dibond.glb,335,models/hz067/hz067_grand_dibond.usdz,334,20,1024x576,False,resized to 1024x576,hz067.jpg,8ccd9af02e4df65c371617e7907ad5f9ed3cbb91e221460e76a818fabda020ba,
hz067,moyen,caisse-blanc,horizontal,80.0,45.0,82.8,47.8,3.5,models/hz067/hz067_moyen_caisse-blanc.glb,336,models/hz067/hz067_moyen_caisse-blanc.usdz,336,44,1024x576,False,resized to 1024x576,hz067.jpg,8ccd9af02e4df65c371617e7907ad5f9ed3cbb91e221460e76a818fabda020ba,
hz067,moyen,caisse-chene,horizontal,80.0,45.0,82.8,47.8,3.5,models/hz067/hz067_moyen_caisse-chene.glb,366,models/hz067/hz067_moyen_caisse-chene.usdz,366,44,1024x576,False,resized to 1024x576,hz067.jpg,8ccd9af02e4df65c371617e7907ad5f9ed3cbb91e221460e76a818fabda020ba,
hz067,moyen,caisse-noir,horizontal,80.0,45.0,82.8,47.8,3.5,models/hz067/hz067_moyen_caisse-noir.glb,336,models/hz067/hz067_moyen_caisse-noir.usdz,336,44,1024x576,False,resized to 1024x576,hz067.jpg,8ccd9af02e4df65c371617e7907ad5f9ed3cbb91e221460e76a818fabda020ba,
hz067,moyen,dibond,horizontal,80.0,45.0,80.0,45.0,2.3,models/hz067/hz067_moyen_dibond.glb,335,models/hz067/hz067_moyen_dibond.usdz,334,20,1024x576,False,resized to 1024x576,hz067.jpg,8ccd9af02e4df65c371617e7907ad5f9ed3cbb91e221460e76a818fabda020ba,
hz067,moyen,passe-partout,horizontal,80.0,45.0,100.0,65.0,0.5,models/hz067/hz067_moyen_passe-partout.glb,336,models/hz067/hz067_moyen_passe-partout.usdz,335,38,1024x576,False,resized to 1024x576,hz067.jpg,8ccd9af02e4df65c371617e7907ad5f9ed3cbb91e221460e76a818fabda020ba,
hz069,grand,caisse-blanc,horizontal,120.0,67.5,122.8,70.3,3.5,models/hz069/hz069_grand_caisse-blanc.glb,139,models/hz069/hz069_grand_caisse-blanc.usdz,138,44,1024x576,False,resized to 1024x576,hz069.jpg,553d2124dc55e295c0b90c3e1407ec5e4303e39ec19cb08523a61038a1dca594,
hz069,grand,caisse-chene,horizontal,120.0,67.5,122.8,70.3,3.5,models/hz069/hz069_grand_caisse-chene.glb,169,models/hz069/hz069_grand_caisse-chene.usdz,168,44,1024x576,False,resized to 1024x576,hz069.jpg,553d2124dc55e295c0b90c3e1407ec5e4303e39ec19cb08523a61038a1dca594,
hz069,grand,caisse-noir,horizontal,120.0,67.5,122.8,70.3,3.5,models/hz069/hz069_grand_caisse-noir.glb,139,models/hz069/hz069_grand_caisse-noir.usdz,138,44,1024x576,False,resized to 1024x576,hz069.jpg,553d2124dc55e295c0b90c3e1407ec5e4303e39ec19cb08523a61038a1dca594,
hz069,grand,dibond,horizontal,120.0,67.5,120.0,67.5,2.3,models/hz069/hz069_grand_dibond.glb,137,models/hz069/hz069_grand_dibond.usdz,136,20,1024x576,False,resized to 1024x576,hz069.jpg,553d2124dc55e295c0b90c3e1407ec5e4303e39ec19cb08523a61038a1dca594,
hz069,moyen,caisse-blanc,horizontal,80.0,45.0,82.8,47.8,3.5,models/hz069/hz069_moyen_caisse-blanc.glb,139,models/hz069/hz069_moyen_caisse-blanc.usdz,138,44,1024x576,False,resized to 1024x576,hz069.jpg,553d2124dc55e295c0b90c3e1407ec5e4303e39ec19cb08523a61038a1dca594,
hz069,moyen,caisse-chene,horizontal,80.0,45.0,82.8,47.8,3.5,models/hz069/hz069_moyen_caisse-chene.glb,169,models/hz069/hz069_moyen_caisse-chene.usdz,168,44,1024x576,False,resized to 1024x576,hz069.jpg,553d2124dc55e295c0b90c3e1407ec5e4303e39ec19cb08523a61038a1dca594,
hz069,moyen,caisse-noir,horizontal,80.0,45.0,82.8,47.8,3.5,models/hz069/hz069_moyen_caisse-noir.glb,139,models/hz069/hz069_moyen_caisse-noir.usdz,138,44,1024x576,False,resized to 1024x576,hz069.jpg,553d2124dc55e295c0b90c3e1407ec5e4303e39ec19cb08523a61038a1dca594,
hz069,moyen,dibond,horizontal,80.0,45.0,80.0,45.0,2.3,models/hz069/hz069_moyen_dibond.glb,137,models/hz069/hz069_moyen_dibond.usdz,136,20,1024x576,False,resized to 1024x576,hz069.jpg,553d2124dc55e295c0b90c3e1407ec5e4303e39ec19cb08523a61038a1dca594,
hz069,moyen,passe-partout,horizontal,80.0,45.0,100.0,65.0,0.5,models/hz069/hz069_moyen_passe-partout.glb,138,models/hz069/hz069_moyen_passe-partout.usdz,138,38,1024x576,False,resized to 1024x576,hz069.jpg,553d2124dc55e295c0b90c3e1407ec5e4303e39ec19cb08523a61038a1dca594,
hz072,grand,caisse-blanc,horizontal,120.0,67.5,122.8,70.3,3.5,models/hz072/hz072_grand_caisse-blanc.glb,252,models/hz072/hz072_grand_caisse-blanc.usdz,251,44,1024x576,False,resized to 1024x576,hz072.jpg,3a8472ce9ee0ca346d3133c9f666666466655d5d61f8889c990b80e5d3486145,
hz072,grand,caisse-chene,horizontal,120.0,67.5,122.8,70.3,3.5,models/hz072/hz072_grand_caisse-chene.glb,282,models/hz072/hz072_grand_caisse-chene.usdz,281,44,1024x576,False,resized to 1024x576,hz072.jpg,3a8472ce9ee0ca346d3133c9f666666466655d5d61f8889c990b80e5d3486145,
hz072,grand,caisse-noir,horizontal,120.0,67.5,122.8,70.3,3.5,models/hz072/hz072_grand_caisse-noir.glb,252,models/hz072/hz072_grand_caisse-noir.usdz,251,44,1024x576,False,resized to 1024x576,hz072.jpg,3a8472ce9ee0ca346d3133c9f666666466655d5d61f8889c990b80e5d3486145,
hz072,grand,dibond,horizontal,120.0,67.5,120.0,67.5,2.3,models/hz072/hz072_grand_dibond.glb,250,models/hz072/hz072_grand_dibond.usdz,250,20,1024x576,False,resized to 1024x576,hz072.jpg,3a8472ce9ee0ca346d3133c9f666666466655d5d61f8889c990b80e5d3486145,
hz072,moyen,caisse-blanc,horizontal,80.0,45.0,82.8,47.8,3.5,models/hz072/hz072_moyen_caisse-blanc.glb,252,models/hz072/hz072_moyen_caisse-blanc.usdz,251,44,1024x576,False,resized to 1024x576,hz072.jpg,3a8472ce9ee0ca346d3133c9f666666466655d5d61f8889c990b80e5d3486145,
hz072,moyen,caisse-chene,horizontal,80.0,45.0,82.8,47.8,3.5,models/hz072/hz072_moyen_caisse-chene.glb,282,models/hz072/hz072_moyen_caisse-chene.usdz,281,44,1024x576,False,resized to 1024x576,hz072.jpg,3a8472ce9ee0ca346d3133c9f666666466655d5d61f8889c990b80e5d3486145,
hz072,moyen,caisse-noir,horizontal,80.0,45.0,82.8,47.8,3.5,models/hz072/hz072_moyen_caisse-noir.glb,252,models/hz072/hz072_moyen_caisse-noir.usdz,251,44,1024x576,False,resized to 1024x576,hz072.jpg,3a8472ce9ee0ca346d3133c9f666666466655d5d61f8889c990b80e5d3486145,
hz072,moyen,dibond,horizontal,80.0,45.0,80.0,45.0,2.3,models/hz072/hz072_moyen_dibond.glb,250,models/hz072/hz072_moyen_dibond.usdz,250,20,1024x576,False,resized to 1024x576,hz072.jpg,3a8472ce9ee0ca346d3133c9f666666466655d5d61f8889c990b80e5d3486145,
hz072,moyen,passe-partout,horizontal,80.0,45.0,100.0,65.0,0.5,models/hz072/hz072_moyen_passe-partout.glb,251,models/hz072/hz072_moyen_passe-partout.usdz,251,38,1024x576,False,resized to 1024x576,hz072.jpg,3a8472ce9ee0ca346d3133c9f666666466655d5d61f8889c990b80e5d3486145,
hz073,grand,caisse-blanc,horizontal,120.0,67.5,122.8,70.3,3.5,models/hz073/hz073_grand_caisse-blanc.glb,246,models/hz073/hz073_grand_caisse-blanc.usdz,245,44,1024x576,False,resized to 1024x576,hz073.jpg,49d82ab42ec27b1dee39da266d0b342f5f2fd5344b4dd15194a30f84943b854c,
hz073,grand,caisse-chene,horizontal,120.0,67.5,122.8,70.3,3.5,models/hz073/hz073_grand_caisse-chene.glb,276,models/hz073/hz073_grand_caisse-chene.usdz,275,44,1024x576,False,resized to 1024x576,hz073.jpg,49d82ab42ec27b1dee39da266d0b342f5f2fd5344b4dd15194a30f84943b854c,
hz073,grand,caisse-noir,horizontal,120.0,67.5,122.8,70.3,3.5,models/hz073/hz073_grand_caisse-noir.glb,246,models/hz073/hz073_grand_caisse-noir.usdz,245,44,1024x576,False,resized to 1024x576,hz073.jpg,49d82ab42ec27b1dee39da266d0b342f5f2fd5344b4dd15194a30f84943b854c,
hz073,grand,dibond,horizontal,120.0,67.5,120.0,67.5,2.3,models/hz073/hz073_grand_dibond.glb,244,models/hz073/hz073_grand_dibond.usdz,243,20,1024x576,False,resized to 1024x576,hz073.jpg,49d82ab42ec27b1dee39da266d0b342f5f2fd5344b4dd15194a30f84943b854c,
hz073,moyen,caisse-blanc,horizontal,80.0,45.0,82.8,47.8,3.5,models/hz073/hz073_moyen_caisse-blanc.glb,246,models/hz073/hz073_moyen_caisse-blanc.usdz,245,44,1024x576,False,resized to 1024x576,hz073.jpg,49d82ab42ec27b1dee39da266d0b342f5f2fd5344b4dd15194a30f84943b854c,
hz073,moyen,caisse-chene,horizontal,80.0,45.0,82.8,47.8,3.5,models/hz073/hz073_moyen_caisse-chene.glb,276,models/hz073/hz073_moyen_caisse-chene.usdz,275,44,1024x576,False,resized to 1024x576,hz073.jpg,49d82ab42ec27b1dee39da266d0b342f5f2fd5344b4dd15194a30f84943b854c,
hz073,moyen,caisse-noir,horizontal,80.0,45.0,82.8,47.8,3.5,models/hz073/hz073_moyen_caisse-noir.glb,246,models/hz073/hz073_moyen_caisse-noir.usdz,245,44,1024x576,False,resized to 1024x576,hz073.jpg,49d82ab42ec27b1dee39da266d0b342f5f2fd5344b4dd15194a30f84943b854c,
hz073,moyen,dibond,horizontal,80.0,45.0,80.0,45.0,2.3,models/hz073/hz073_moyen_dibond.glb,244,models/hz073/hz073_moyen_dibond.usdz,243,20,1024x576,False,resized to 1024x576,hz073.jpg,49d82ab42ec27b1dee39da266d0b342f5f2fd5344b4dd15194a30f84943b854c,
hz073,moyen,passe-partout,horizontal,80.0,45.0,100.0,65.0,0.5,models/hz073/hz073_moyen_passe-partout.glb,245,models/hz073/hz073_moyen_passe-partout.usdz,245,38,1024x576,False,resized to 1024x576,hz073.jpg,49d82ab42ec27b1dee39da266d0b342f5f2fd5344b4dd15194a30f84943b854c,
hz074,grand,caisse-blanc,horizontal,120.0,67.5,122.8,70.3,3.5,models/hz074/hz074_grand_caisse-blanc.glb,215,models/hz074/hz074_grand_caisse-blanc.usdz,214,44,1024x576,False,resized to 1024x576,hz074.jpg,feb2831b35bb886241d2d3d5c5df8fc37d09aafde08d2675fa66f985f7e520a8,
hz074,grand,caisse-chene,horizontal,120.0,67.5,122.8,70.3,3.5,models/hz074/hz074_grand_caisse-chene.glb,245,models/hz074/hz074_grand_caisse-chene.usdz,244,44,1024x576,False,resized to 1024x576,hz074.jpg,feb2831b35bb886241d2d3d5c5df8fc37d09aafde08d2675fa66f985f7e520a8,
hz074,grand,caisse-noir,horizontal,120.0,67.5,122.8,70.3,3.5,models/hz074/hz074_grand_caisse-noir.glb,215,models/hz074/hz074_grand_caisse-noir.usdz,214,44,1024x576,False,resized to 1024x576,hz074.jpg,feb2831b35bb886241d2d3d5c5df8fc37d09aafde08d2675fa66f985f7e520a8,
hz074,grand,dibond,horizontal,120.0,67.5,120.0,67.5,2.3,models/hz074/hz074_grand_dibond.glb,213,models/hz074/hz074_grand_dibond.usdz,212,20,1024x576,False,resized to 1024x576,hz074.jpg,feb2831b35bb886241d2d3d5c5df8fc37d09aafde08d2675fa66f985f7e520a8,
hz074,moyen,caisse-blanc,horizontal,80.0,45.0,82.8,47.8,3.5,models/hz074/hz074_moyen_caisse-blanc.glb,215,models/hz074/hz074_moyen_caisse-blanc.usdz,214,44,1024x576,False,resized to 1024x576,hz074.jpg,feb2831b35bb886241d2d3d5c5df8fc37d09aafde08d2675fa66f985f7e520a8,
hz074,moyen,caisse-chene,horizontal,80.0,45.0,82.8,47.8,3.5,models/hz074/hz074_moyen_caisse-chene.glb,245,models/hz074/hz074_moyen_caisse-chene.usdz,244,44,1024x576,False,resized to 1024x576,hz074.jpg,feb2831b35bb886241d2d3d5c5df8fc37d09aafde08d2675fa66f985f7e520a8,
hz074,moyen,caisse-noir,horizontal,80.0,45.0,82.8,47.8,3.5,models/hz074/hz074_moyen_caisse-noir.glb,215,models/hz074/hz074_moyen_caisse-noir.usdz,214,44,1024x576,False,resized to 1024x576,hz074.jpg,feb2831b35bb886241d2d3d5c5df8fc37d09aafde08d2675fa66f985f7e520a8,
hz074,moyen,dibond,horizontal,80.0,45.0,80.0,45.0,2.3,models/hz074/hz074_moyen_dibond.glb,213,models/hz074/hz074_moyen_dibond.usdz,212,20,1024x576,False,resized to 1024x576,hz074.jpg,feb2831b35bb886241d2d3d5c5df8fc37d09aafde08d2675fa66f985f7e520a8,
hz074,moyen,passe-partout,horizontal,80.0,45.0,100.0,65.0,0.5,models/hz074/hz074_moyen_passe-partout.glb,214,models/hz074/hz074_moyen_passe-partout.usdz,214,38,1024x576,False,resized to 1024x576,hz074.jpg,feb2831b35bb886241d2d3d5c5df8fc37d09aafde08d2675fa66f985f7e520a8,
hz075,grand,caisse-blanc,horizontal,120.0,67.5,122.8,70.3,3.5,models/hz075/hz075_grand_caisse-blanc.glb,222,models/hz075/hz075_grand_caisse-blanc.usdz,222,44,1024x576,False,resized to 1024x576,hz075.jpg,0a8d4a2cedf4922be31f847abab3af37b558bb1d11f23fe77a9dcdd4aa4ac6d5,
hz075,grand,caisse-chene,horizontal,120.0,67.5,122.8,70.3,3.5,models/hz075/hz075_grand_caisse-chene.glb,252,models/hz075/hz075_grand_caisse-chene.usdz,252,44,1024x576,False,resized to 1024x576,hz075.jpg,0a8d4a2cedf4922be31f847abab3af37b558bb1d11f23fe77a9dcdd4aa4ac6d5,
hz075,grand,caisse-noir,horizontal,120.0,67.5,122.8,70.3,3.5,models/hz075/hz075_grand_caisse-noir.glb,222,models/hz075/hz075_grand_caisse-noir.usdz,222,44,1024x576,False,resized to 1024x576,hz075.jpg,0a8d4a2cedf4922be31f847abab3af37b558bb1d11f23fe77a9dcdd4aa4ac6d5,
hz075,grand,dibond,horizontal,120.0,67.5,120.0,67.5,2.3,models/hz075/hz075_grand_dibond.glb,220,models/hz075/hz075_grand_dibond.usdz,220,20,1024x576,False,resized to 1024x576,hz075.jpg,0a8d4a2cedf4922be31f847abab3af37b558bb1d11f23fe77a9dcdd4aa4ac6d5,
hz075,moyen,caisse-blanc,horizontal,80.0,45.0,82.8,47.8,3.5,models/hz075/hz075_moyen_caisse-blanc.glb,222,models/hz075/hz075_moyen_caisse-blanc.usdz,222,44,1024x576,False,resized to 1024x576,hz075.jpg,0a8d4a2cedf4922be31f847abab3af37b558bb1d11f23fe77a9dcdd4aa4ac6d5,
hz075,moyen,caisse-chene,horizontal,80.0,45.0,82.8,47.8,3.5,models/hz075/hz075_moyen_caisse-chene.glb,252,models/hz075/hz075_moyen_caisse-chene.usdz,252,44,1024x576,False,resized to 1024x576,hz075.jpg,0a8d4a2cedf4922be31f847abab3af37b558bb1d11f23fe77a9dcdd4aa4ac6d5,
hz075,moyen,caisse-noir,horizontal,80.0,45.0,82.8,47.8,3.5,models/hz075/hz075_moyen_caisse-noir.glb,222,models/hz075/hz075_moyen_caisse-noir.usdz,222,44,1024x576,False,resized to 1024x576,hz075.jpg,0a8d4a2cedf4922be31f847abab3af37b558bb1d11f23fe77a9dcdd4aa4ac6d5,
hz075,moyen,dibond,horizontal,80.0,45.0,80.0,45.0,2.3,models/hz075/hz075_moyen_dibond.glb,220,models/hz075/hz075_moyen_dibond.usdz,220,20,1024x576,False,resized to 1024x576,hz075.jpg,0a8d4a2cedf4922be31f847abab3af37b558bb1d11f23fe77a9dcdd4aa4ac6d5,
hz075,moyen,passe-partout,horizontal,80.0,45.0,100.0,65.0,0.5,models/hz075/hz075_moyen_passe-partout.glb,222,models/hz075/hz075_moyen_passe-partout.usdz,221,38,1024x576,False,resized to 1024x576,hz075.jpg,0a8d4a2cedf4922be31f847abab3af37b558bb1d11f23fe77a9dcdd4aa4ac6d5,
hz078,grand,caisse-blanc,horizontal,120.0,67.5,122.8,70.3,3.5,models/hz078/hz078_grand_caisse-blanc.glb,213,models/hz078/hz078_grand_caisse-blanc.usdz,212,44,1024x576,False,resized to 1024x576,hz078.jpg,ea91613c5f1cd55dbdd0200845348d19ee9f3cea41e54f59a910814c54bae442,
hz078,grand,caisse-chene,horizontal,120.0,67.5,122.8,70.3,3.5,models/hz078/hz078_grand_caisse-chene.glb,243,models/hz078/hz078_grand_caisse-chene.usdz,242,44,1024x576,False,resized to 1024x576,hz078.jpg,ea91613c5f1cd55dbdd0200845348d19ee9f3cea41e54f59a910814c54bae442,
hz078,grand,caisse-noir,horizontal,120.0,67.5,122.8,70.3,3.5,models/hz078/hz078_grand_caisse-noir.glb,213,models/hz078/hz078_grand_caisse-noir.usdz,212,44,1024x576,False,resized to 1024x576,hz078.jpg,ea91613c5f1cd55dbdd0200845348d19ee9f3cea41e54f59a910814c54bae442,
hz078,grand,dibond,horizontal,120.0,67.5,120.0,67.5,2.3,models/hz078/hz078_grand_dibond.glb,211,models/hz078/hz078_grand_dibond.usdz,210,20,1024x576,False,resized to 1024x576,hz078.jpg,ea91613c5f1cd55dbdd0200845348d19ee9f3cea41e54f59a910814c54bae442,
hz078,moyen,caisse-blanc,horizontal,80.0,45.0,82.8,47.8,3.5,models/hz078/hz078_moyen_caisse-blanc.glb,213,models/hz078/hz078_moyen_caisse-blanc.usdz,212,44,1024x576,False,resized to 1024x576,hz078.jpg,ea91613c5f1cd55dbdd0200845348d19ee9f3cea41e54f59a910814c54bae442,
hz078,moyen,caisse-chene,horizontal,80.0,45.0,82.8,47.8,3.5,models/hz078/hz078_moyen_caisse-chene.glb,243,models/hz078/hz078_moyen_caisse-chene.usdz,242,44,1024x576,False,resized to 1024x576,hz078.jpg,ea91613c5f1cd55dbdd0200845348d19ee9f3cea41e54f59a910814c54bae442,
hz078,moyen,caisse-noir,horizontal,80.0,45.0,82.8,47.8,3.5,models/hz078/hz078_moyen_caisse-noir.glb,213,models/hz078/hz078_moyen_caisse-noir.usdz,212,44,1024x576,False,resized to 1024x576,hz078.jpg,ea91613c5f1cd55dbdd0200845348d19ee9f3cea41e54f59a910814c54bae442,
hz078,moyen,dibond,horizontal,80.0,45.0,80.0,45.0,2.3,models/hz078/hz078_moyen_dibond.glb,211,models/hz078/hz078_moyen_dibond.usdz,210,20,1024x576,False,resized to 1024x576,hz078.jpg,ea91613c5f1cd55dbdd0200845348d19ee9f3cea41e54f59a910814c54bae442,
hz078,moyen,passe-partout,horizontal,80.0,45.0,100.0,65.0,0.5,models/hz078/hz078_moyen_passe-partout.glb,212,models/hz078/hz078_moyen_passe-partout.usdz,212,38,1024x576,False,resized to 1024x576,hz078.jpg,ea91613c5f1cd55dbdd0200845348d19ee9f3cea41e54f59a910814c54bae442,
hz082,grand,caisse-blanc,horizontal,120.0,67.5,122.8,70.3,3.5,models/hz082/hz082_grand_caisse-blanc.glb,270,models/hz082/hz082_grand_caisse-blanc.usdz,270,44,1024x576,False,resized to 1024x576,hz082.jpg,7fbc036ce95bacbd85a4d9e0331a68b3230ae4f38c7af03191cdceed5f9875f8,
hz082,grand,caisse-chene,horizontal,120.0,67.5,122.8,70.3,3.5,models/hz082/hz082_grand_caisse-chene.glb,300,models/hz082/hz082_grand_caisse-chene.usdz,300,44,1024x576,False,resized to 1024x576,hz082.jpg,7fbc036ce95bacbd85a4d9e0331a68b3230ae4f38c7af03191cdceed5f9875f8,
hz082,grand,caisse-noir,horizontal,120.0,67.5,122.8,70.3,3.5,models/hz082/hz082_grand_caisse-noir.glb,270,models/hz082/hz082_grand_caisse-noir.usdz,270,44,1024x576,False,resized to 1024x576,hz082.jpg,7fbc036ce95bacbd85a4d9e0331a68b3230ae4f38c7af03191cdceed5f9875f8,
hz082,grand,dibond,horizontal,120.0,67.5,120.0,67.5,2.3,models/hz082/hz082_grand_dibond.glb,269,models/hz082/hz082_grand_dibond.usdz,268,20,1024x576,False,resized to 1024x576,hz082.jpg,7fbc036ce95bacbd85a4d9e0331a68b3230ae4f38c7af03191cdceed5f9875f8,
hz082,moyen,caisse-blanc,horizontal,80.0,45.0,82.8,47.8,3.5,models/hz082/hz082_moyen_caisse-blanc.glb,270,models/hz082/hz082_moyen_caisse-blanc.usdz,270,44,1024x576,False,resized to 1024x576,hz082.jpg,7fbc036ce95bacbd85a4d9e0331a68b3230ae4f38c7af03191cdceed5f9875f8,
hz082,moyen,caisse-chene,horizontal,80.0,45.0,82.8,47.8,3.5,models/hz082/hz082_moyen_caisse-chene.glb,300,models/hz082/hz082_moyen_caisse-chene.usdz,300,44,1024x576,False,resized to 1024x576,hz082.jpg,7fbc036ce95bacbd85a4d9e0331a68b3230ae4f38c7af03191cdceed5f9875f8,
hz082,moyen,caisse-noir,horizontal,80.0,45.0,82.8,47.8,3.5,models/hz082/hz082_moyen_caisse-noir.glb,270,models/hz082/hz082_moyen_caisse-noir.usdz,270,44,1024x576,False,resized to 1024x576,hz082.jpg,7fbc036ce95bacbd85a4d9e0331a68b3230ae4f38c7af03191cdceed5f9875f8,
hz082,moyen,dibond,horizontal,80.0,45.0,80.0,45.0,2.3,models/hz082/hz082_moyen_dibond.glb,269,models/hz082/hz082_moyen_dibond.usdz,268,20,1024x576,False,resized to 1024x576,hz082.jpg,7fbc036ce95bacbd85a4d9e0331a68b3230ae4f38c7af03191cdceed5f9875f8,
hz082,moyen,passe-partout,horizontal,80.0,45.0,100.0,65.0,0.5,models/hz082/hz082_moyen_passe-partout.glb,270,models/hz082/hz082_moyen_passe-partout.usdz,269,38,1024x576,False,resized to 1024x576,hz082.jpg,7fbc036ce95bacbd85a4d9e0331a68b3230ae4f38c7af03191cdceed5f9875f8,
hz083,grand,caisse-blanc,horizontal,120.0,67.5,122.8,70.3,3.5,models/hz083/hz083_grand_caisse-blanc.glb,293,models/hz083/hz083_grand_caisse-blanc.usdz,293,44,1024x576,False,resized to 1024x576,hz083.jpg,db42eedcb1cde1336a6eeb37a76becd67f3c24c2ba78d556d717cf06880585db,
hz083,grand,caisse-chene,horizontal,120.0,67.5,122.8,70.3,3.5,models/hz083/hz083_grand_caisse-chene.glb,323,models/hz083/hz083_grand_caisse-chene.usdz,323,44,1024x576,False,resized to 1024x576,hz083.jpg,db42eedcb1cde1336a6eeb37a76becd67f3c24c2ba78d556d717cf06880585db,
hz083,grand,caisse-noir,horizontal,120.0,67.5,122.8,70.3,3.5,models/hz083/hz083_grand_caisse-noir.glb,293,models/hz083/hz083_grand_caisse-noir.usdz,293,44,1024x576,False,resized to 1024x576,hz083.jpg,db42eedcb1cde1336a6eeb37a76becd67f3c24c2ba78d556d717cf06880585db,
hz083,grand,dibond,horizontal,120.0,67.5,120.0,67.5,2.3,models/hz083/hz083_grand_dibond.glb,292,models/hz083/hz083_grand_dibond.usdz,291,20,1024x576,False,resized to 1024x576,hz083.jpg,db42eedcb1cde1336a6eeb37a76becd67f3c24c2ba78d556d717cf06880585db,
hz083,moyen,caisse-blanc,horizontal,80.0,45.0,82.8,47.8,3.5,models/hz083/hz083_moyen_caisse-blanc.glb,293,models/hz083/hz083_moyen_caisse-blanc.usdz,293,44,1024x576,False,resized to 1024x576,hz083.jpg,db42eedcb1cde1336a6eeb37a76becd67f3c24c2ba78d556d717cf06880585db,
hz083,moyen,caisse-chene,horizontal,80.0,45.0,82.8,47.8,3.5,models/hz083/hz083_moyen_caisse-chene.glb,323,models/hz083/hz083_moyen_caisse-chene.usdz,323,44,1024x576,False,resized to 1024x576,hz083.jpg,db42eedcb1cde1336a6eeb37a76becd67f3c24c2ba78d556d717cf06880585db,
hz083,moyen,caisse-noir,horizontal,80.0,45.0,82.8,47.8,3.5,models/hz083/hz083_moyen_caisse-noir.glb,293,models/hz083/hz083_moyen_caisse-noir.usdz,293,44,1024x576,False,resized to 1024x576,hz083.jpg,db42eedcb1cde1336a6eeb37a76becd67f3c24c2ba78d556d717cf06880585db,
hz083,moyen,dibond,horizontal,80.0,45.0,80.0,45.0,2.3,models/hz083/hz083_moyen_dibond.glb,292,models/hz083/hz083_moyen_dibond.usdz,291,20,1024x576,False,resized to 1024x576,hz083.jpg,db42eedcb1cde1336a6eeb37a76becd67f3c24c2ba78d556d717cf06880585db,
hz083,moyen,passe-partout,horizontal,80.0,45.0,100.0,65.0,0.5,models/hz083/hz083_moyen_passe-partout.glb,293,models/hz083/hz083_moyen_passe-partout.usdz,292,38,1024x576,False,resized to 1024x576,hz083.jpg,db42eedcb1cde1336a6eeb37a76becd67f3c24c2ba78d556d717cf06880585db,
hz084,grand,caisse-blanc,horizontal,120.0,67.5,122.8,70.3,3.5,models/hz084/hz084_grand_caisse-blanc.glb,190,models/hz084/hz084_grand_caisse-blanc.usdz,189,44,1024x576,False,resized to 1024x576,hz084.jpg,834c7a80d29377e1a7b18d43206d144062ace4334dc759ac91e0411901545bcd,
hz084,grand,caisse-chene,horizontal,120.0,67.5,122.8,70.3,3.5,models/hz084/hz084_grand_caisse-chene.glb,220,models/hz084/hz084_grand_caisse-chene.usdz,219,44,1024x576,False,resized to 1024x576,hz084.jpg,834c7a80d29377e1a7b18d43206d144062ace4334dc759ac91e0411901545bcd,
hz084,grand,caisse-noir,horizontal,120.0,67.5,122.8,70.3,3.5,models/hz084/hz084_grand_caisse-noir.glb,190,models/hz084/hz084_grand_caisse-noir.usdz,189,44,1024x576,False,resized to 1024x576,hz084.jpg,834c7a80d29377e1a7b18d43206d144062ace4334dc759ac91e0411901545bcd,
hz084,grand,dibond,horizontal,120.0,67.5,120.0,67.5,2.3,models/hz084/hz084_grand_dibond.glb,188,models/hz084/hz084_grand_dibond.usdz,187,20,1024x576,False,resized to 1024x576,hz084.jpg,834c7a80d29377e1a7b18d43206d144062ace4334dc759ac91e0411901545bcd,
hz084,moyen,caisse-blanc,horizontal,80.0,45.0,82.8,47.8,3.5,models/hz084/hz084_moyen_caisse-blanc.glb,190,models/hz084/hz084_moyen_caisse-blanc.usdz,189,44,1024x576,False,resized to 1024x576,hz084.jpg,834c7a80d29377e1a7b18d43206d144062ace4334dc759ac91e0411901545bcd,
hz084,moyen,caisse-chene,horizontal,80.0,45.0,82.8,47.8,3.5,models/hz084/hz084_moyen_caisse-chene.glb,220,models/hz084/hz084_moyen_caisse-chene.usdz,219,44,1024x576,False,resized to 1024x576,hz084.jpg,834c7a80d29377e1a7b18d43206d144062ace4334dc759ac91e0411901545bcd,
hz084,moyen,caisse-noir,horizontal,80.0,45.0,82.8,47.8,3.5,models/hz084/hz084_moyen_caisse-noir.glb,190,models/hz084/hz084_moyen_caisse-noir.usdz,189,44,1024x576,False,resized to 1024x576,hz084.jpg,834c7a80d29377e1a7b18d43206d144062ace4334dc759ac91e0411901545bcd,
hz084,moyen,dibond,horizontal,80.0,45.0,80.0,45.0,2.3,models/hz084/hz084_moyen_dibond.glb,188,models/hz084/hz084_moyen_dibond.usdz,187,20,1024x576,False,resized to 1024x576,hz084.jpg,834c7a80d29377e1a7b18d43206d144062ace4334dc759ac91e0411901545bcd,
hz084,moyen,passe-partout,horizontal,80.0,45.0,100.0,65.0,0.5,models/hz084/hz084_moyen_passe-partout.glb,189,models/hz084/hz084_moyen_passe-partout.usdz,189,38,1024x576,False,resized to 1024x576,hz084.jpg,834c7a80d29377e1a7b18d43206d144062ace4334dc759ac91e0411901545bcd,
hz086,grand,caisse-blanc,horizontal,120.0,67.5,122.8,70.3,3.5,models/hz086/hz086_grand_caisse-blanc.glb,221,models/hz086/hz086_grand_caisse-blanc.usdz,221,44,1024x576,False,resized to 1024x576,hz086.jpg,26b66ac53c7e2b5035e9e94ef6cc338fc65efcb9bf6e570cbc2b6566ee951c6c,
hz086,grand,caisse-chene,horizontal,120.0,67.5,122.8,70.3,3.5,models/hz086/hz086_grand_caisse-chene.glb,251,models/hz086/hz086_grand_caisse-chene.usdz,251,44,1024x576,False,resized to 1024x576,hz086.jpg,26b66ac53c7e2b5035e9e94ef6cc338fc65efcb9bf6e570cbc2b6566ee951c6c,
hz086,grand,caisse-noir,horizontal,120.0,67.5,122.8,70.3,3.5,models/hz086/hz086_grand_caisse-noir.glb,221,models/hz086/hz086_grand_caisse-noir.usdz,221,44,1024x576,False,resized to 1024x576,hz086.jpg,26b66ac53c7e2b5035e9e94ef6cc338fc65efcb9bf6e570cbc2b6566ee951c6c,
hz086,grand,dibond,horizontal,120.0,67.5,120.0,67.5,2.3,models/hz086/hz086_grand_dibond.glb,219,models/hz086/hz086_grand_dibond.usdz,219,20,1024x576,False,resized to 1024x576,hz086.jpg,26b66ac53c7e2b5035e9e94ef6cc338fc65efcb9bf6e570cbc2b6566ee951c6c,
hz086,moyen,caisse-blanc,horizontal,80.0,45.0,82.8,47.8,3.5,models/hz086/hz086_moyen_caisse-blanc.glb,221,models/hz086/hz086_moyen_caisse-blanc.usdz,221,44,1024x576,False,resized to 1024x576,hz086.jpg,26b66ac53c7e2b5035e9e94ef6cc338fc65efcb9bf6e570cbc2b6566ee951c6c,
hz086,moyen,caisse-chene,horizontal,80.0,45.0,82.8,47.8,3.5,models/hz086/hz086_moyen_caisse-chene.glb,251,models/hz086/hz086_moyen_caisse-chene.usdz,251,44,1024x576,False,resized to 1024x576,hz086.jpg,26b66ac53c7e2b5035e9e94ef6cc338fc65efcb9bf6e570cbc2b6566ee951c6c,
hz086,moyen,caisse-noir,horizontal,80.0,45.0,82.8,47.8,3.5,models/hz086/hz086_moyen_caisse-noir.glb,221,models/hz086/hz086_moyen_caisse-noir.usdz,221,44,1024x576,False,resized to 1024x576,hz086.jpg,26b66ac53c7e2b5035e9e94ef6cc338fc65efcb9bf6e570cbc2b6566ee951c6c,
hz086,moyen,dibond,horizontal,80.0,45.0,80.0,45.0,2.3,models/hz086/hz086_moyen_dibond.glb,219,models/hz086/hz086_moyen_dibond.usdz,219,20,1024x576,False,resized to 1024x576,hz086.jpg,26b66ac53c7e2b5035e9e94ef6cc338fc65efcb9bf6e570cbc2b6566ee951c6c,
hz086,moyen,passe-partout,horizontal,80.0,45.0,100.0,65.0,0.5,models/hz086/hz086_moyen_passe-partout.glb,221,models/hz086/hz086_moyen_passe-partout.usdz,220,38,1024x576,False,resized to 1024x576,hz086.jpg,26b66ac53c7e2b5035e9e94ef6cc338fc65efcb9bf6e570cbc2b6566ee951c6c,
hz087,grand,caisse-blanc,horizontal,120.0,67.5,122.8,70.3,3.5,models/hz087/hz087_grand_caisse-blanc.glb,110,models/hz087/hz087_grand_caisse-blanc.usdz,110,44,1024x576,False,resized to 1024x576,hz087.jpg,bd288eb3bd2950ed2370ee63d363df2de17c0e12e52a5747ad9d2e411ca996c4,
hz087,grand,caisse-chene,horizontal,120.0,67.5,122.8,70.3,3.5,models/hz087/hz087_grand_caisse-chene.glb,140,models/hz087/hz087_grand_caisse-chene.usdz,140,44,1024x576,False,resized to 1024x576,hz087.jpg,bd288eb3bd2950ed2370ee63d363df2de17c0e12e52a5747ad9d2e411ca996c4,
hz087,grand,caisse-noir,horizontal,120.0,67.5,122.8,70.3,3.5,models/hz087/hz087_grand_caisse-noir.glb,110,models/hz087/hz087_grand_caisse-noir.usdz,110,44,1024x576,False,resized to 1024x576,hz087.jpg,bd288eb3bd2950ed2370ee63d363df2de17c0e12e52a5747ad9d2e411ca996c4,
hz087,grand,dibond,horizontal,120.0,67.5,120.0,67.5,2.3,models/hz087/hz087_grand_dibond.glb,108,models/hz087/hz087_grand_dibond.usdz,108,20,1024x576,False,resized to 1024x576,hz087.jpg,bd288eb3bd2950ed2370ee63d363df2de17c0e12e52a5747ad9d2e411ca996c4,
hz087,moyen,caisse-blanc,horizontal,80.0,45.0,82.8,47.8,3.5,models/hz087/hz087_moyen_caisse-blanc.glb,110,models/hz087/hz087_moyen_caisse-blanc.usdz,110,44,1024x576,False,resized to 1024x576,hz087.jpg,bd288eb3bd2950ed2370ee63d363df2de17c0e12e52a5747ad9d2e411ca996c4,
hz087,moyen,caisse-chene,horizontal,80.0,45.0,82.8,47.8,3.5,models/hz087/hz087_moyen_caisse-chene.glb,140,models/hz087/hz087_moyen_caisse-chene.usdz,140,44,1024x576,False,resized to 1024x576,hz087.jpg,bd288eb3bd2950ed2370ee63d363df2de17c0e12e52a5747ad9d2e411ca996c4,
hz087,moyen,caisse-noir,horizontal,80.0,45.0,82.8,47.8,3.5,models/hz087/hz087_moyen_caisse-noir.glb,110,models/hz087/hz087_moyen_caisse-noir.usdz,110,44,1024x576,False,resized to 1024x576,hz087.jpg,bd288eb3bd2950ed2370ee63d363df2de17c0e12e52a5747ad9d2e411ca996c4,
hz087,moyen,dibond,horizontal,80.0,45.0,80.0,45.0,2.3,models/hz087/hz087_moyen_dibond.glb,108,models/hz087/hz087_moyen_dibond.usdz,108,20,1024x576,False,resized to 1024x576,hz087.jpg,bd288eb3bd2950ed2370ee63d363df2de17c0e12e52a5747ad9d2e411ca996c4,
hz087,moyen,passe-partout,horizontal,80.0,45.0,100.0,65.0,0.5,models/hz087/hz087_moyen_passe-partout.glb,110,models/hz087/hz087_moyen_passe-partout.usdz,109,38,1024x576,False,resized to 1024x576,hz087.jpg,bd288eb3bd2950ed2370ee63d363df2de17c0e12e52a5747ad9d2e411ca996c4,
hz088,grand,caisse-blanc,horizontal,120.0,67.5,122.8,70.3,3.5,models/hz088/hz088_grand_caisse-blanc.glb,180,models/hz088/hz088_grand_caisse-blanc.usdz,179,44,1024x576,False,resized to 1024x576,hz088.jpg,f6e53f75305a01fbe88a6207796e3ee7790697d67d0b0658733b16a9278ba6eb,
hz088,grand,caisse-chene,horizontal,120.0,67.5,122.8,70.3,3.5,models/hz088/hz088_grand_caisse-chene.glb,210,models/hz088/hz088_grand_caisse-chene.usdz,209,44,1024x576,False,resized to 1024x576,hz088.jpg,f6e53f75305a01fbe88a6207796e3ee7790697d67d0b0658733b16a9278ba6eb,
hz088,grand,caisse-noir,horizontal,120.0,67.5,122.8,70.3,3.5,models/hz088/hz088_grand_caisse-noir.glb,180,models/hz088/hz088_grand_caisse-noir.usdz,179,44,1024x576,False,resized to 1024x576,hz088.jpg,f6e53f75305a01fbe88a6207796e3ee7790697d67d0b0658733b16a9278ba6eb,
hz088,grand,dibond,horizontal,120.0,67.5,120.0,67.5,2.3,models/hz088/hz088_grand_dibond.glb,178,models/hz088/hz088_grand_dibond.usdz,178,20,1024x576,False,resized to 1024x576,hz088.jpg,f6e53f75305a01fbe88a6207796e3ee7790697d67d0b0658733b16a9278ba6eb,
hz088,moyen,caisse-blanc,horizontal,80.0,45.0,82.8,47.8,3.5,models/hz088/hz088_moyen_caisse-blanc.glb,180,models/hz088/hz088_moyen_caisse-blanc.usdz,179,44,1024x576,False,resized to 1024x576,hz088.jpg,f6e53f75305a01fbe88a6207796e3ee7790697d67d0b0658733b16a9278ba6eb,
hz088,moyen,caisse-chene,horizontal,80.0,45.0,82.8,47.8,3.5,models/hz088/hz088_moyen_caisse-chene.glb,210,models/hz088/hz088_moyen_caisse-chene.usdz,209,44,1024x576,False,resized to 1024x576,hz088.jpg,f6e53f75305a01fbe88a6207796e3ee7790697d67d0b0658733b16a9278ba6eb,
hz088,moyen,caisse-noir,horizontal,80.0,45.0,82.8,47.8,3.5,models/hz088/hz088_moyen_caisse-noir.glb,180,models/hz088/hz088_moyen_caisse-noir.usdz,179,44,1024x576,False,resized to 1024x576,hz088.jpg,f6e53f75305a01fbe88a6207796e3ee7790697d67d0b0658733b16a9278ba6eb,
hz088,moyen,dibond,horizontal,80.0,45.0,80.0,45.0,2.3,models/hz088/hz088_moyen_dibond.glb,178,models/hz088/hz088_moyen_dibond.usdz,178,20,1024x576,False,resized to 1024x576,hz088.jpg,f6e53f75305a01fbe88a6207796e3ee7790697d67d0b0658733b16a9278ba6eb,
hz088,moyen,passe-partout,horizontal,80.0,45.0,100.0,65.0,0.5,models/hz088/hz088_moyen_passe-partout.glb,179,models/hz088/hz088_moyen_passe-partout.usdz,179,38,1024x576,False,resized to 1024x576,hz088.jpg,f6e53f75305a01fbe88a6207796e3ee7790697d67d0b0658733b16a9278ba6eb,
hz090,grand,caisse-blanc,horizontal,120.0,67.5,122.8,70.3,3.5,models/hz090/hz090_grand_caisse-blanc.glb,138,models/hz090/hz090_grand_caisse-blanc.usdz,137,44,1024x576,False,resized to 1024x576,hz090.jpg,fa9fc9ef9be6e7d1109648b20b662c7e0dc73deb6e34f75bdbf10b187e5489a3,
hz090,grand,caisse-chene,horizontal,120.0,67.5,122.8,70.3,3.5,models/hz090/hz090_grand_caisse-chene.glb,168,models/hz090/hz090_grand_caisse-chene.usdz,167,44,1024x576,False,resized to 1024x576,hz090.jpg,fa9fc9ef9be6e7d1109648b20b662c7e0dc73deb6e34f75bdbf10b187e5489a3,
hz090,grand,caisse-noir,horizontal,120.0,67.5,122.8,70.3,3.5,models/hz090/hz090_grand_caisse-noir.glb,138,models/hz090/hz090_grand_caisse-noir.usdz,137,44,1024x576,False,resized to 1024x576,hz090.jpg,fa9fc9ef9be6e7d1109648b20b662c7e0dc73deb6e34f75bdbf10b187e5489a3,
hz090,grand,dibond,horizontal,120.0,67.5,120.0,67.5,2.3,models/hz090/hz090_grand_dibond.glb,136,models/hz090/hz090_grand_dibond.usdz,136,20,1024x576,False,resized to 1024x576,hz090.jpg,fa9fc9ef9be6e7d1109648b20b662c7e0dc73deb6e34f75bdbf10b187e5489a3,
hz090,moyen,caisse-blanc,horizontal,80.0,45.0,82.8,47.8,3.5,models/hz090/hz090_moyen_caisse-blanc.glb,138,models/hz090/hz090_moyen_caisse-blanc.usdz,137,44,1024x576,False,resized to 1024x576,hz090.jpg,fa9fc9ef9be6e7d1109648b20b662c7e0dc73deb6e34f75bdbf10b187e5489a3,
hz090,moyen,caisse-chene,horizontal,80.0,45.0,82.8,47.8,3.5,models/hz090/hz090_moyen_caisse-chene.glb,168,models/hz090/hz090_moyen_caisse-chene.usdz,167,44,1024x576,False,resized to 1024x576,hz090.jpg,fa9fc9ef9be6e7d1109648b20b662c7e0dc73deb6e34f75bdbf10b187e5489a3,
hz090,moyen,caisse-noir,horizontal,80.0,45.0,82.8,47.8,3.5,models/hz090/hz090_moyen_caisse-noir.glb,138,models/hz090/hz090_moyen_caisse-noir.usdz,137,44,1024x576,False,resized to 1024x576,hz090.jpg,fa9fc9ef9be6e7d1109648b20b662c7e0dc73deb6e34f75bdbf10b187e5489a3,
hz090,moyen,dibond,horizontal,80.0,45.0,80.0,45.0,2.3,models/hz090/hz090_moyen_dibond.glb,136,models/hz090/hz090_moyen_dibond.usdz,136,20,1024x576,False,resized to 1024x576,hz090.jpg,fa9fc9ef9be6e7d1109648b20b662c7e0dc73deb6e34f75bdbf10b187e5489a3,
hz090,moyen,passe-partout,horizontal,80.0,45.0,100.0,65.0,0.5,models/hz090/hz090_moyen_passe-partout.glb,137,models/hz090/hz090_moyen_passe-partout.usdz,137,38,1024x576,False,resized to 1024x576,hz090.jpg,fa9fc9ef9be6e7d1109648b20b662c7e0dc73deb6e34f75bdbf10b187e5489a3,
hz093,grand,caisse-blanc,horizontal,120.0,67.5,122.8,70.3,3.5,models/hz093/hz093_grand_caisse-blanc.glb,189,models/hz093/hz093_grand_caisse-blanc.usdz,189,44,1024x576,False,resized to 1024x576,hz093.jpg,fb19cd231b4d3b3366e1dd72bbdd1f0f4317ca3065a3381c8bf02512f59d1829,
hz093,grand,caisse-chene,horizontal,120.0,67.5,122.8,70.3,3.5,models/hz093/hz093_grand_caisse-chene.glb,219,models/hz093/hz093_grand_caisse-chene.usdz,219,44,1024x576,False,resized to 1024x576,hz093.jpg,fb19cd231b4d3b3366e1dd72bbdd1f0f4317ca3065a3381c8bf02512f59d1829,
hz093,grand,caisse-noir,horizontal,120.0,67.5,122.8,70.3,3.5,models/hz093/hz093_grand_caisse-noir.glb,189,models/hz093/hz093_grand_caisse-noir.usdz,189,44,1024x576,False,resized to 1024x576,hz093.jpg,fb19cd231b4d3b3366e1dd72bbdd1f0f4317ca3065a3381c8bf02512f59d1829,
hz093,grand,dibond,horizontal,120.0,67.5,120.0,67.5,2.3,models/hz093/hz093_grand_dibond.glb,188,models/hz093/hz093_grand_dibond.usdz,187,20,1024x576,False,resized to 1024x576,hz093.jpg,fb19cd231b4d3b3366e1dd72bbdd1f0f4317ca3065a3381c8bf02512f59d1829,
hz093,moyen,caisse-blanc,horizontal,80.0,45.0,82.8,47.8,3.5,models/hz093/hz093_moyen_caisse-blanc.glb,189,models/hz093/hz093_moyen_caisse-blanc.usdz,189,44,1024x576,False,resized to 1024x576,hz093.jpg,fb19cd231b4d3b3366e1dd72bbdd1f0f4317ca3065a3381c8bf02512f59d1829,
hz093,moyen,caisse-chene,horizontal,80.0,45.0,82.8,47.8,3.5,models/hz093/hz093_moyen_caisse-chene.glb,219,models/hz093/hz093_moyen_caisse-chene.usdz,219,44,1024x576,False,resized to 1024x576,hz093.jpg,fb19cd231b4d3b3366e1dd72bbdd1f0f4317ca3065a3381c8bf02512f59d1829,
hz093,moyen,caisse-noir,horizontal,80.0,45.0,82.8,47.8,3.5,models/hz093/hz093_moyen_caisse-noir.glb,189,models/hz093/hz093_moyen_caisse-noir.usdz,189,44,1024x576,False,resized to 1024x576,hz093.jpg,fb19cd231b4d3b3366e1dd72bbdd1f0f4317ca3065a3381c8bf02512f59d1829,
hz093,moyen,dibond,horizontal,80.0,45.0,80.0,45.0,2.3,models/hz093/hz093_moyen_dibond.glb,188,models/hz093/hz093_moyen_dibond.usdz,187,20,1024x576,False,resized to 1024x576,hz093.jpg,fb19cd231b4d3b3366e1dd72bbdd1f0f4317ca3065a3381c8bf02512f59d1829,
hz093,moyen,passe-partout,horizontal,80.0,45.0,100.0,65.0,0.5,models/hz093/hz093_moyen_passe-partout.glb,189,models/hz093/hz093_moyen_passe-partout.usdz,188,38,1024x576,False,resized to 1024x576,hz093.jpg,fb19cd231b4d3b3366e1dd72bbdd1f0f4317ca3065a3381c8bf02512f59d1829,
hz099,grand,caisse-blanc,horizontal,120.0,67.5,122.8,70.3,3.5,models/hz099/hz099_grand_caisse-blanc.glb,75,models/hz099/hz099_grand_caisse-blanc.usdz,74,44,1024x576,False,resized to 1024x576,hz099.jpg,2a50054af77f3cbe56b000a20e131060798d76d35708cb00264399e85aff619e,
hz099,grand,caisse-chene,horizontal,120.0,67.5,122.8,70.3,3.5,models/hz099/hz099_grand_caisse-chene.glb,105,models/hz099/hz099_grand_caisse-chene.usdz,104,44,1024x576,False,resized to 1024x576,hz099.jpg,2a50054af77f3cbe56b000a20e131060798d76d35708cb00264399e85aff619e,
hz099,grand,caisse-noir,horizontal,120.0,67.5,122.8,70.3,3.5,models/hz099/hz099_grand_caisse-noir.glb,75,models/hz099/hz099_grand_caisse-noir.usdz,74,44,1024x576,False,resized to 1024x576,hz099.jpg,2a50054af77f3cbe56b000a20e131060798d76d35708cb00264399e85aff619e,
hz099,grand,dibond,horizontal,120.0,67.5,120.0,67.5,2.3,models/hz099/hz099_grand_dibond.glb,73,models/hz099/hz099_grand_dibond.usdz,72,20,1024x576,False,resized to 1024x576,hz099.jpg,2a50054af77f3cbe56b000a20e131060798d76d35708cb00264399e85aff619e,
hz099,moyen,caisse-blanc,horizontal,80.0,45.0,82.8,47.8,3.5,models/hz099/hz099_moyen_caisse-blanc.glb,75,models/hz099/hz099_moyen_caisse-blanc.usdz,74,44,1024x576,False,resized to 1024x576,hz099.jpg,2a50054af77f3cbe56b000a20e131060798d76d35708cb00264399e85aff619e,
hz099,moyen,caisse-chene,horizontal,80.0,45.0,82.8,47.8,3.5,models/hz099/hz099_moyen_caisse-chene.glb,105,models/hz099/hz099_moyen_caisse-chene.usdz,104,44,1024x576,False,resized to 1024x576,hz099.jpg,2a50054af77f3cbe56b000a20e131060798d76d35708cb00264399e85aff619e,
hz099,moyen,caisse-noir,horizontal,80.0,45.0,82.8,47.8,3.5,models/hz099/hz099_moyen_caisse-noir.glb,75,models/hz099/hz099_moyen_caisse-noir.usdz,74,44,1024x576,False,resized to 1024x576,hz099.jpg,2a50054af77f3cbe56b000a20e131060798d76d35708cb00264399e85aff619e,
hz099,moyen,dibond,horizontal,80.0,45.0,80.0,45.0,2.3,models/hz099/hz099_moyen_dibond.glb,73,models/hz099/hz099_moyen_dibond.usdz,72,20,1024x576,False,resized to 1024x576,hz099.jpg,2a50054af77f3cbe56b000a20e131060798d76d35708cb00264399e85aff619e,
hz099,moyen,passe-partout,horizontal,80.0,45.0,100.0,65.0,0.5,models/hz099/hz099_moyen_passe-partout.glb,74,models/hz099/hz099_moyen_passe-partout.usdz,74,38,1024x576,False,resized to 1024x576,hz099.jpg,2a50054af77f3cbe56b000a20e131060798d76d35708cb00264399e85aff619e,
os002,grand,caisse-blanc,vertical,75.4,120.0,78.2,122.8,3.5,models/os002/os002_grand_caisse-blanc.glb,283,models/os002/os002_grand_caisse-blanc.usdz,283,44,643x1024,False,resized to 643x1024,os002.jpg,6a5a57e3509584042cc23df59139e1668a58e8b9c1a2933194e2507d9ece1276,image ratio 0.628 differs from listed 68x120 cm ratio 0.567 by 10.8%; modelled at 75.4x120.0 cm
os002,grand,caisse-chene,vertical,75.4,120.0,78.2,122.8,3.5,models/os002/os002_grand_caisse-chene.glb,313,models/os002/os002_grand_caisse-chene.usdz,313,44,643x1024,False,resized to 643x1024,os002.jpg,6a5a57e3509584042cc23df59139e1668a58e8b9c1a2933194e2507d9ece1276,image ratio 0.628 differs from listed 68x120 cm ratio 0.567 by 10.8%; modelled at 75.4x120.0 cm
os002,grand,caisse-noir,vertical,75.4,120.0,78.2,122.8,3.5,models/os002/os002_grand_caisse-noir.glb,283,models/os002/os002_grand_caisse-noir.usdz,283,44,643x1024,False,resized to 643x1024,os002.jpg,6a5a57e3509584042cc23df59139e1668a58e8b9c1a2933194e2507d9ece1276,image ratio 0.628 differs from listed 68x120 cm ratio 0.567 by 10.8%; modelled at 75.4x120.0 cm
os002,grand,dibond,vertical,75.4,120.0,75.4,120.0,2.3,models/os002/os002_grand_dibond.glb,282,models/os002/os002_grand_dibond.usdz,281,20,643x1024,False,resized to 643x1024,os002.jpg,6a5a57e3509584042cc23df59139e1668a58e8b9c1a2933194e2507d9ece1276,image ratio 0.628 differs from listed 68x120 cm ratio 0.567 by 10.8%; modelled at 75.4x120.0 cm
os002,moyen,caisse-blanc,vertical,50.2,80.0,53.0,82.8,3.5,models/os002/os002_moyen_caisse-blanc.glb,283,models/os002/os002_moyen_caisse-blanc.usdz,283,44,643x1024,False,resized to 643x1024,os002.jpg,6a5a57e3509584042cc23df59139e1668a58e8b9c1a2933194e2507d9ece1276,image ratio 0.628 differs from listed 45x80 cm ratio 0.562 by 11.7%; modelled at 50.2x80.0 cm
os002,moyen,caisse-chene,vertical,50.2,80.0,53.0,82.8,3.5,models/os002/os002_moyen_caisse-chene.glb,313,models/os002/os002_moyen_caisse-chene.usdz,313,44,643x1024,False,resized to 643x1024,os002.jpg,6a5a57e3509584042cc23df59139e1668a58e8b9c1a2933194e2507d9ece1276,image ratio 0.628 differs from listed 45x80 cm ratio 0.562 by 11.7%; modelled at 50.2x80.0 cm
os002,moyen,caisse-noir,vertical,50.2,80.0,53.0,82.8,3.5,models/os002/os002_moyen_caisse-noir.glb,283,models/os002/os002_moyen_caisse-noir.usdz,283,44,643x1024,False,resized to 643x1024,os002.jpg,6a5a57e3509584042cc23df59139e1668a58e8b9c1a2933194e2507d9ece1276,image ratio 0.628 differs from listed 45x80 cm ratio 0.562 by 11.7%; modelled at 50.2x80.0 cm
os002,moyen,dibond,vertical,50.2,80.0,50.2,80.0,2.3,models/os002/os002_moyen_dibond.glb,282,models/os002/os002_moyen_dibond.usdz,281,20,643x1024,False,resized to 643x1024,os002.jpg,6a5a57e3509584042cc23df59139e1668a58e8b9c1a2933194e2507d9ece1276,image ratio 0.628 differs from listed 45x80 cm ratio 0.562 by 11.7%; modelled at 50.2x80.0 cm
os002,moyen,passe-partout,vertical,50.2,80.0,70.2,100.0,0.5,models/os002/os002_moyen_passe-partout.glb,283,models/os002/os002_moyen_passe-partout.usdz,282,38,643x1024,False,resized to 643x1024,os002.jpg,6a5a57e3509584042cc23df59139e1668a58e8b9c1a2933194e2507d9ece1276,image ratio 0.628 differs from listed 45x80 cm ratio 0.562 by 11.7%; modelled at 50.2x80.0 cm
os005,grand,caisse-blanc,vertical,75.4,120.0,78.2,122.8,3.5,models/os005/os005_grand_caisse-blanc.glb,281,models/os005/os005_grand_caisse-blanc.usdz,280,44,643x1024,False,resized to 643x1024,os005.jpg,5b7d82a1751ca140ae7ce236860ee51d353b426954303efbaa7f563083c759ec,image ratio 0.628 differs from listed 68x120 cm ratio 0.567 by 10.8%; modelled at 75.4x120.0 cm
os005,grand,caisse-chene,vertical,75.4,120.0,78.2,122.8,3.5,models/os005/os005_grand_caisse-chene.glb,311,models/os005/os005_grand_caisse-chene.usdz,310,44,643x1024,False,resized to 643x1024,os005.jpg,5b7d82a1751ca140ae7ce236860ee51d353b426954303efbaa7f563083c759ec,image ratio 0.628 differs from listed 68x120 cm ratio 0.567 by 10.8%; modelled at 75.4x120.0 cm
os005,grand,caisse-noir,vertical,75.4,120.0,78.2,122.8,3.5,models/os005/os005_grand_caisse-noir.glb,281,models/os005/os005_grand_caisse-noir.usdz,280,44,643x1024,False,resized to 643x1024,os005.jpg,5b7d82a1751ca140ae7ce236860ee51d353b426954303efbaa7f563083c759ec,image ratio 0.628 differs from listed 68x120 cm ratio 0.567 by 10.8%; modelled at 75.4x120.0 cm
os005,grand,dibond,vertical,75.4,120.0,75.4,120.0,2.3,models/os005/os005_grand_dibond.glb,279,models/os005/os005_grand_dibond.usdz,278,20,643x1024,False,resized to 643x1024,os005.jpg,5b7d82a1751ca140ae7ce236860ee51d353b426954303efbaa7f563083c759ec,image ratio 0.628 differs from listed 68x120 cm ratio 0.567 by 10.8%; modelled at 75.4x120.0 cm
os005,moyen,caisse-blanc,vertical,50.2,80.0,53.0,82.8,3.5,models/os005/os005_moyen_caisse-blanc.glb,281,models/os005/os005_moyen_caisse-blanc.usdz,280,44,643x1024,False,resized to 643x1024,os005.jpg,5b7d82a1751ca140ae7ce236860ee51d353b426954303efbaa7f563083c759ec,image ratio 0.628 differs from listed 45x80 cm ratio 0.562 by 11.7%; modelled at 50.2x80.0 cm
os005,moyen,caisse-chene,vertical,50.2,80.0,53.0,82.8,3.5,models/os005/os005_moyen_caisse-chene.glb,311,models/os005/os005_moyen_caisse-chene.usdz,310,44,643x1024,False,resized to 643x1024,os005.jpg,5b7d82a1751ca140ae7ce236860ee51d353b426954303efbaa7f563083c759ec,image ratio 0.628 differs from listed 45x80 cm ratio 0.562 by 11.7%; modelled at 50.2x80.0 cm
os005,moyen,caisse-noir,vertical,50.2,80.0,53.0,82.8,3.5,models/os005/os005_moyen_caisse-noir.glb,281,models/os005/os005_moyen_caisse-noir.usdz,280,44,643x1024,False,resized to 643x1024,os005.jpg,5b7d82a1751ca140ae7ce236860ee51d353b426954303efbaa7f563083c759ec,image ratio 0.628 differs from listed 45x80 cm ratio 0.562 by 11.7%; modelled at 50.2x80.0 cm
os005,moyen,dibond,vertical,50.2,80.0,50.2,80.0,2.3,models/os005/os005_moyen_dibond.glb,279,models/os005/os005_moyen_dibond.usdz,278,20,643x1024,False,resized to 643x1024,os005.jpg,5b7d82a1751ca140ae7ce236860ee51d353b426954303efbaa7f563083c759ec,image ratio 0.628 differs from listed 45x80 cm ratio 0.562 by 11.7%; modelled at 50.2x80.0 cm
os005,moyen,passe-partout,vertical,50.2,80.0,70.2,100.0,0.5,models/os005/os005_moyen_passe-partout.glb,280,models/os005/os005_moyen_passe-partout.usdz,280,38,643x1024,False,resized to 643x1024,os005.jpg,5b7d82a1751ca140ae7ce236860ee51d353b426954303efbaa7f563083c759ec,image ratio 0.628 differs from listed 45x80 cm ratio 0.562 by 11.7%; modelled at 50.2x80.0 cm
os006,grand,caisse-blanc,vertical,75.4,120.0,78.2,122.8,3.5,models/os006/os006_grand_caisse-blanc.glb,247,models/os006/os006_grand_caisse-blanc.usdz,246,44,643x1024,False,resized to 643x1024,os006.jpg,c8f0248d312698d00c39faffb555e1c23f6a7014e20eb87e2755d14573939748,image ratio 0.628 differs from listed 68x120 cm ratio 0.567 by 10.8%; modelled at 75.4x120.0 cm
os006,grand,caisse-chene,vertical,75.4,120.0,78.2,122.8,3.5,models/os006/os006_grand_caisse-chene.glb,277,models/os006/os006_grand_caisse-chene.usdz,276,44,643x1024,False,resized to 643x1024,os006.jpg,c8f0248d312698d00c39faffb555e1c23f6a7014e20eb87e2755d14573939748,image ratio 0.628 differs from listed 68x120 cm ratio 0.567 by 10.8%; modelled at 75.4x120.0 cm
os006,grand,caisse-noir,vertical,75.4,120.0,78.2,122.8,3.5,models/os006/os006_grand_caisse-noir.glb,247,models/os006/os006_grand_caisse-noir.usdz,246,44,643x1024,False,resized to 643x1024,os006.jpg,c8f0248d312698d00c39faffb555e1c23f6a7014e20eb87e2755d14573939748,image ratio 0.628 differs from listed 68x120 cm ratio 0.567 by 10.8%; modelled at 75.4x120.0 cm
os006,grand,dibond,vertical,75.4,120.0,75.4,120.0,2.3,models/os006/os006_grand_dibond.glb,245,models/os006/os006_grand_dibond.usdz,244,20,643x1024,False,resized to 643x1024,os006.jpg,c8f0248d312698d00c39faffb555e1c23f6a7014e20eb87e2755d14573939748,image ratio 0.628 differs from listed 68x120 cm ratio 0.567 by 10.8%; modelled at 75.4x120.0 cm
os006,moyen,caisse-blanc,vertical,50.2,80.0,53.0,82.8,3.5,models/os006/os006_moyen_caisse-blanc.glb,247,models/os006/os006_moyen_caisse-blanc.usdz,246,44,643x1024,False,resized to 643x1024,os006.jpg,c8f0248d312698d00c39faffb555e1c23f6a7014e20eb87e2755d14573939748,image ratio 0.628 differs from listed 45x80 cm ratio 0.562 by 11.7%; modelled at 50.2x80.0 cm
os006,moyen,caisse-chene,vertical,50.2,80.0,53.0,82.8,3.5,models/os006/os006_moyen_caisse-chene.glb,277,models/os006/os006_moyen_caisse-chene.usdz,276,44,643x1024,False,resized to 643x1024,os006.jpg,c8f0248d312698d00c39faffb555e1c23f6a7014e20eb87e2755d14573939748,image ratio 0.628 differs from listed 45x80 cm ratio 0.562 by 11.7%; modelled at 50.2x80.0 cm
os006,moyen,caisse-noir,vertical,50.2,80.0,53.0,82.8,3.5,models/os006/os006_moyen_caisse-noir.glb,247,models/os006/os006_moyen_caisse-noir.usdz,246,44,643x1024,False,resized to 643x1024,os006.jpg,c8f0248d312698d00c39faffb555e1c23f6a7014e20eb87e2755d14573939748,image ratio 0.628 differs from listed 45x80 cm ratio 0.562 by 11.7%; modelled at 50.2x80.0 cm
os006,moyen,dibond,vertical,50.2,80.0,50.2,80.0,2.3,models/os006/os006_moyen_dibond.glb,245,models/os006/os006_moyen_dibond.usdz,244,20,643x1024,False,resized to 643x1024,os006.jpg,c8f0248d312698d00c39faffb555e1c23f6a7014e20eb87e2755d14573939748,image ratio 0.628 differs from listed 45x80 cm ratio 0.562 by 11.7%; modelled at 50.2x80.0 cm
os006,moyen,passe-partout,vertical,50.2,80.0,70.2,100.0,0.5,models/os006/os006_moyen_passe-partout.glb,246,models/os006/os006_moyen_passe-partout.usdz,246,38,643x1024,False,resized to 643x1024,os006.jpg,c8f0248d312698d00c39faffb555e1c23f6a7014e20eb87e2755d14573939748,image ratio 0.628 differs from listed 45x80 cm ratio 0.562 by 11.7%; modelled at 50.2x80.0 cm
os008,grand,caisse-blanc,vertical,75.4,120.0,78.2,122.8,3.5,models/os008/os008_grand_caisse-blanc.glb,325,models/os008/os008_grand_caisse-blanc.usdz,325,44,643x1024,False,resized to 643x1024,os008.jpg,b932115bd7b65651d1195d50a23fff37fe9ecdc0cbb665a2393282d4b6a266d4,image ratio 0.628 differs from listed 68x120 cm ratio 0.567 by 10.8%; modelled at 75.4x120.0 cm
os008,grand,caisse-chene,vertical,75.4,120.0,78.2,122.8,3.5,models/os008/os008_grand_caisse-chene.glb,355,models/os008/os008_grand_caisse-chene.usdz,355,44,643x1024,False,resized to 643x1024,os008.jpg,b932115bd7b65651d1195d50a23fff37fe9ecdc0cbb665a2393282d4b6a266d4,image ratio 0.628 differs from listed 68x120 cm ratio 0.567 by 10.8%; modelled at 75.4x120.0 cm
os008,grand,caisse-noir,vertical,75.4,120.0,78.2,122.8,3.5,models/os008/os008_grand_caisse-noir.glb,325,models/os008/os008_grand_caisse-noir.usdz,325,44,643x1024,False,resized to 643x1024,os008.jpg,b932115bd7b65651d1195d50a23fff37fe9ecdc0cbb665a2393282d4b6a266d4,image ratio 0.628 differs from listed 68x120 cm ratio 0.567 by 10.8%; modelled at 75.4x120.0 cm
os008,grand,dibond,vertical,75.4,120.0,75.4,120.0,2.3,models/os008/os008_grand_dibond.glb,324,models/os008/os008_grand_dibond.usdz,323,20,643x1024,False,resized to 643x1024,os008.jpg,b932115bd7b65651d1195d50a23fff37fe9ecdc0cbb665a2393282d4b6a266d4,image ratio 0.628 differs from listed 68x120 cm ratio 0.567 by 10.8%; modelled at 75.4x120.0 cm
os008,moyen,caisse-blanc,vertical,50.2,80.0,53.0,82.8,3.5,models/os008/os008_moyen_caisse-blanc.glb,325,models/os008/os008_moyen_caisse-blanc.usdz,325,44,643x1024,False,resized to 643x1024,os008.jpg,b932115bd7b65651d1195d50a23fff37fe9ecdc0cbb665a2393282d4b6a266d4,image ratio 0.628 differs from listed 45x80 cm ratio 0.562 by 11.7%; modelled at 50.2x80.0 cm
os008,moyen,caisse-chene,vertical,50.2,80.0,53.0,82.8,3.5,models/os008/os008_moyen_caisse-chene.glb,355,models/os008/os008_moyen_caisse-chene.usdz,355,44,643x1024,False,resized to 643x1024,os008.jpg,b932115bd7b65651d1195d50a23fff37fe9ecdc0cbb665a2393282d4b6a266d4,image ratio 0.628 differs from listed 45x80 cm ratio 0.562 by 11.7%; modelled at 50.2x80.0 cm
os008,moyen,caisse-noir,vertical,50.2,80.0,53.0,82.8,3.5,models/os008/os008_moyen_caisse-noir.glb,325,models/os008/os008_moyen_caisse-noir.usdz,325,44,643x1024,False,resized to 643x1024,os008.jpg,b932115bd7b65651d1195d50a23fff37fe9ecdc0cbb665a2393282d4b6a266d4,image ratio 0.628 differs from listed 45x80 cm ratio 0.562 by 11.7%; modelled at 50.2x80.0 cm
os008,moyen,dibond,vertical,50.2,80.0,50.2,80.0,2.3,models/os008/os008_moyen_dibond.glb,324,models/os008/os008_moyen_dibond.usdz,323,20,643x1024,False,resized to 643x1024,os008.jpg,b932115bd7b65651d1195d50a23fff37fe9ecdc0cbb665a2393282d4b6a266d4,image ratio 0.628 differs from listed 45x80 cm ratio 0.562 by 11.7%; modelled at 50.2x80.0 cm
os008,moyen,passe-partout,vertical,50.2,80.0,70.2,100.0,0.5,models/os008/os008_moyen_passe-partout.glb,325,models/os008/os008_moyen_passe-partout.usdz,324,38,643x1024,False,resized to 643x1024,os008.jpg,b932115bd7b65651d1195d50a23fff37fe9ecdc0cbb665a2393282d4b6a266d4,image ratio 0.628 differs from listed 45x80 cm ratio 0.562 by 11.7%; modelled at 50.2x80.0 cm
os010,grand,caisse-blanc,vertical,75.0,120.0,77.8,122.8,3.5,models/os010/os010_grand_caisse-blanc.glb,185,models/os010/os010_grand_caisse-blanc.usdz,184,44,640x1024,False,resized to 640x1024,os010.jpg,ade06f57f09248793744c9507f0dbe948a74951a7720008a1891e6e58adef7d2,image ratio 0.625 differs from listed 68x120 cm ratio 0.567 by 10.3%; modelled at 75.0x120.0 cm
os010,grand,caisse-chene,vertical,75.0,120.0,77.8,122.8,3.5,models/os010/os010_grand_caisse-chene.glb,215,models/os010/os010_grand_caisse-chene.usdz,215,44,640x1024,False,resized to 640x1024,os010.jpg,ade06f57f09248793744c9507f0dbe948a74951a7720008a1891e6e58adef7d2,image ratio 0.625 differs from listed 68x120 cm ratio 0.567 by 10.3%; modelled at 75.0x120.0 cm
os010,grand,caisse-noir,vertical,75.0,120.0,77.8,122.8,3.5,models/os010/os010_grand_caisse-noir.glb,185,models/os010/os010_grand_caisse-noir.usdz,184,44,640x1024,False,resized to 640x1024,os010.jpg,ade06f57f09248793744c9507f0dbe948a74951a7720008a1891e6e58adef7d2,image ratio 0.625 differs from listed 68x120 cm ratio 0.567 by 10.3%; modelled at 75.0x120.0 cm
os010,grand,dibond,vertical,75.0,120.0,75.0,120.0,2.3,models/os010/os010_grand_dibond.glb,183,models/os010/os010_grand_dibond.usdz,183,20,640x1024,False,resized to 640x1024,os010.jpg,ade06f57f09248793744c9507f0dbe948a74951a7720008a1891e6e58adef7d2,image ratio 0.625 differs from listed 68x120 cm ratio 0.567 by 10.3%; modelled at 75.0x120.0 cm
os010,moyen,caisse-blanc,vertical,50.0,80.0,52.8,82.8,3.5,models/os010/os010_moyen_caisse-blanc.glb,185,models/os010/os010_moyen_caisse-blanc.usdz,184,44,640x1024,False,resized to 640x1024,os010.jpg,ade06f57f09248793744c9507f0dbe948a74951a7720008a1891e6e58adef7d2,image ratio 0.625 differs from listed 45x80 cm ratio 0.562 by 11.1%; modelled at 50.0x80.0 cm
os010,moyen,caisse-chene,vertical,50.0,80.0,52.8,82.8,3.5,models/os010/os010_moyen_caisse-chene.glb,215,models/os010/os010_moyen_caisse-chene.usdz,215,44,640x1024,False,resized to 640x1024,os010.jpg,ade06f57f09248793744c9507f0dbe948a74951a7720008a1891e6e58adef7d2,image ratio 0.625 differs from listed 45x80 cm ratio 0.562 by 11.1%; modelled at 50.0x80.0 cm
os010,moyen,caisse-noir,vertical,50.0,80.0,52.8,82.8,3.5,models/os010/os010_moyen_caisse-noir.glb,185,models/os010/os010_moyen_caisse-noir.usdz,184,44,640x1024,False,resized to 640x1024,os010.jpg,ade06f57f09248793744c9507f0dbe948a74951a7720008a1891e6e58adef7d2,image ratio 0.625 differs from listed 45x80 cm ratio 0.562 by 11.1%; modelled at 50.0x80.0 cm
os010,moyen,dibond,vertical,50.0,80.0,50.0,80.0,2.3,models/os010/os010_moyen_dibond.glb,183,models/os010/os010_moyen_dibond.usdz,183,20,640x1024,False,resized to 640x1024,os010.jpg,ade06f57f09248793744c9507f0dbe948a74951a7720008a1891e6e58adef7d2,image ratio 0.625 differs from listed 45x80 cm ratio 0.562 by 11.1%; modelled at 50.0x80.0 cm
os010,moyen,passe-partout,vertical,50.0,80.0,70.0,100.0,0.5,models/os010/os010_moyen_passe-partout.glb,184,models/os010/os010_moyen_passe-partout.usdz,184,38,640x1024,False,resized to 640x1024,os010.jpg,ade06f57f09248793744c9507f0dbe948a74951a7720008a1891e6e58adef7d2,image ratio 0.625 differs from listed 45x80 cm ratio 0.562 by 11.1%; modelled at 50.0x80.0 cm
os012,grand,caisse-blanc,vertical,75.4,120.0,78.2,122.8,3.5,models/os012/os012_grand_caisse-blanc.glb,175,models/os012/os012_grand_caisse-blanc.usdz,174,44,643x1024,False,resized to 643x1024,os012.jpg,a9cd552226c491ed06f9359fc5092d830382402a39e8f9b639218976859030c2,image ratio 0.628 differs from listed 68x120 cm ratio 0.567 by 10.8%; modelled at 75.4x120.0 cm
os012,grand,caisse-chene,vertical,75.4,120.0,78.2,122.8,3.5,models/os012/os012_grand_caisse-chene.glb,205,models/os012/os012_grand_caisse-chene.usdz,204,44,643x1024,False,resized to 643x1024,os012.jpg,a9cd552226c491ed06f9359fc5092d830382402a39e8f9b639218976859030c2,image ratio 0.628 differs from listed 68x120 cm ratio 0.567 by 10.8%; modelled at 75.4x120.0 cm
os012,grand,caisse-noir,vertical,75.4,120.0,78.2,122.8,3.5,models/os012/os012_grand_caisse-noir.glb,175,models/os012/os012_grand_caisse-noir.usdz,174,44,643x1024,False,resized to 643x1024,os012.jpg,a9cd552226c491ed06f9359fc5092d830382402a39e8f9b639218976859030c2,image ratio 0.628 differs from listed 68x120 cm ratio 0.567 by 10.8%; modelled at 75.4x120.0 cm
os012,grand,dibond,vertical,75.4,120.0,75.4,120.0,2.3,models/os012/os012_grand_dibond.glb,173,models/os012/os012_grand_dibond.usdz,172,20,643x1024,False,resized to 643x1024,os012.jpg,a9cd552226c491ed06f9359fc5092d830382402a39e8f9b639218976859030c2,image ratio 0.628 differs from listed 68x120 cm ratio 0.567 by 10.8%; modelled at 75.4x120.0 cm
os012,moyen,caisse-blanc,vertical,50.2,80.0,53.0,82.8,3.5,models/os012/os012_moyen_caisse-blanc.glb,175,models/os012/os012_moyen_caisse-blanc.usdz,174,44,643x1024,False,resized to 643x1024,os012.jpg,a9cd552226c491ed06f9359fc5092d830382402a39e8f9b639218976859030c2,image ratio 0.628 differs from listed 45x80 cm ratio 0.562 by 11.7%; modelled at 50.2x80.0 cm
os012,moyen,caisse-chene,vertical,50.2,80.0,53.0,82.8,3.5,models/os012/os012_moyen_caisse-chene.glb,205,models/os012/os012_moyen_caisse-chene.usdz,204,44,643x1024,False,resized to 643x1024,os012.jpg,a9cd552226c491ed06f9359fc5092d830382402a39e8f9b639218976859030c2,image ratio 0.628 differs from listed 45x80 cm ratio 0.562 by 11.7%; modelled at 50.2x80.0 cm
os012,moyen,caisse-noir,vertical,50.2,80.0,53.0,82.8,3.5,models/os012/os012_moyen_caisse-noir.glb,175,models/os012/os012_moyen_caisse-noir.usdz,174,44,643x1024,False,resized to 643x1024,os012.jpg,a9cd552226c491ed06f9359fc5092d830382402a39e8f9b639218976859030c2,image ratio 0.628 differs from listed 45x80 cm ratio 0.562 by 11.7%; modelled at 50.2x80.0 cm
os012,moyen,dibond,vertical,50.2,80.0,50.2,80.0,2.3,models/os012/os012_moyen_dibond.glb,173,models/os012/os012_moyen_dibond.usdz,172,20,643x1024,False,resized to 643x1024,os012.jpg,a9cd552226c491ed06f9359fc5092d830382402a39e8f9b639218976859030c2,image ratio 0.628 differs from listed 45x80 cm ratio 0.562 by 11.7%; modelled at 50.2x80.0 cm
os012,moyen,passe-partout,vertical,50.2,80.0,70.2,100.0,0.5,models/os012/os012_moyen_passe-partout.glb,174,models/os012/os012_moyen_passe-partout.usdz,174,38,643x1024,False,resized to 643x1024,os012.jpg,a9cd552226c491ed06f9359fc5092d830382402a39e8f9b639218976859030c2,image ratio 0.628 differs from listed 45x80 cm ratio 0.562 by 11.7%; modelled at 50.2x80.0 cm
os013,grand,caisse-blanc,vertical,75.4,120.0,78.2,122.8,3.5,models/os013/os013_grand_caisse-blanc.glb,185,models/os013/os013_grand_caisse-blanc.usdz,184,44,643x1024,False,resized to 643x1024,os013.jpg,a0ab01929905c37e6ddca3783578cd794fc0b17fc397d5fc90a2bcdce67a5ce9,image ratio 0.628 differs from listed 68x120 cm ratio 0.567 by 10.8%; modelled at 75.4x120.0 cm
os013,grand,caisse-chene,vertical,75.4,120.0,78.2,122.8,3.5,models/os013/os013_grand_caisse-chene.glb,215,models/os013/os013_grand_caisse-chene.usdz,214,44,643x1024,False,resized to 643x1024,os013.jpg,a0ab01929905c37e6ddca3783578cd794fc0b17fc397d5fc90a2bcdce67a5ce9,image ratio 0.628 differs from listed 68x120 cm ratio 0.567 by 10.8%; modelled at 75.4x120.0 cm
os013,grand,caisse-noir,vertical,75.4,120.0,78.2,122.8,3.5,models/os013/os013_grand_caisse-noir.glb,185,models/os013/os013_grand_caisse-noir.usdz,184,44,643x1024,False,resized to 643x1024,os013.jpg,a0ab01929905c37e6ddca3783578cd794fc0b17fc397d5fc90a2bcdce67a5ce9,image ratio 0.628 differs from listed 68x120 cm ratio 0.567 by 10.8%; modelled at 75.4x120.0 cm
os013,grand,dibond,vertical,75.4,120.0,75.4,120.0,2.3,models/os013/os013_grand_dibond.glb,183,models/os013/os013_grand_dibond.usdz,183,20,643x1024,False,resized to 643x1024,os013.jpg,a0ab01929905c37e6ddca3783578cd794fc0b17fc397d5fc90a2bcdce67a5ce9,image ratio 0.628 differs from listed 68x120 cm ratio 0.567 by 10.8%; modelled at 75.4x120.0 cm
os013,moyen,caisse-blanc,vertical,50.2,80.0,53.0,82.8,3.5,models/os013/os013_moyen_caisse-blanc.glb,185,models/os013/os013_moyen_caisse-blanc.usdz,184,44,643x1024,False,resized to 643x1024,os013.jpg,a0ab01929905c37e6ddca3783578cd794fc0b17fc397d5fc90a2bcdce67a5ce9,image ratio 0.628 differs from listed 45x80 cm ratio 0.562 by 11.7%; modelled at 50.2x80.0 cm
os013,moyen,caisse-chene,vertical,50.2,80.0,53.0,82.8,3.5,models/os013/os013_moyen_caisse-chene.glb,215,models/os013/os013_moyen_caisse-chene.usdz,214,44,643x1024,False,resized to 643x1024,os013.jpg,a0ab01929905c37e6ddca3783578cd794fc0b17fc397d5fc90a2bcdce67a5ce9,image ratio 0.628 differs from listed 45x80 cm ratio 0.562 by 11.7%; modelled at 50.2x80.0 cm
os013,moyen,caisse-noir,vertical,50.2,80.0,53.0,82.8,3.5,models/os013/os013_moyen_caisse-noir.glb,185,models/os013/os013_moyen_caisse-noir.usdz,184,44,643x1024,False,resized to 643x1024,os013.jpg,a0ab01929905c37e6ddca3783578cd794fc0b17fc397d5fc90a2bcdce67a5ce9,image ratio 0.628 differs from listed 45x80 cm ratio 0.562 by 11.7%; modelled at 50.2x80.0 cm
os013,moyen,dibond,vertical,50.2,80.0,50.2,80.0,2.3,models/os013/os013_moyen_dibond.glb,183,models/os013/os013_moyen_dibond.usdz,183,20,643x1024,False,resized to 643x1024,os013.jpg,a0ab01929905c37e6ddca3783578cd794fc0b17fc397d5fc90a2bcdce67a5ce9,image ratio 0.628 differs from listed 45x80 cm ratio 0.562 by 11.7%; modelled at 50.2x80.0 cm
os013,moyen,passe-partout,vertical,50.2,80.0,70.2,100.0,0.5,models/os013/os013_moyen_passe-partout.glb,184,models/os013/os013_moyen_passe-partout.usdz,184,38,643x1024,False,resized to 643x1024,os013.jpg,a0ab01929905c37e6ddca3783578cd794fc0b17fc397d5fc90a2bcdce67a5ce9,image ratio 0.628 differs from listed 45x80 cm ratio 0.562 by 11.7%; modelled at 50.2x80.0 cm
os015,grand,caisse-blanc,vertical,75.4,120.0,78.2,122.8,3.5,models/os015/os015_grand_caisse-blanc.glb,199,models/os015/os015_grand_caisse-blanc.usdz,198,44,643x1024,False,resized to 643x1024,os015.jpg,1c31602bac48d4ab43fc0db94ffa23ccb9f1048659a6ea70827999f0e009a8bb,image ratio 0.628 differs from listed 68x120 cm ratio 0.567 by 10.8%; modelled at 75.4x120.0 cm
os015,grand,caisse-chene,vertical,75.4,120.0,78.2,122.8,3.5,models/os015/os015_grand_caisse-chene.glb,229,models/os015/os015_grand_caisse-chene.usdz,228,44,643x1024,False,resized to 643x1024,os015.jpg,1c31602bac48d4ab43fc0db94ffa23ccb9f1048659a6ea70827999f0e009a8bb,image ratio 0.628 differs from listed 68x120 cm ratio 0.567 by 10.8%; modelled at 75.4x120.0 cm
os015,grand,caisse-noir,vertical,75.4,120.0,78.2,122.8,3.5,models/os015/os015_grand_caisse-noir.glb,199,models/os015/os015_grand_caisse-noir.usdz,198,44,643x1024,False,resized to 643x1024,os015.jpg,1c31602bac48d4ab43fc0db94ffa23ccb9f1048659a6ea70827999f0e009a8bb,image ratio 0.628 differs from listed 68x120 cm ratio 0.567 by 10.8%; modelled at 75.4x120.0 cm
os015,grand,dibond,vertical,75.4,120.0,75.4,120.0,2.3,models/os015/os015_grand_dibond.glb,197,models/os015/os015_grand_dibond.usdz,196,20,643x1024,False,resized to 643x1024,os015.jpg,1c31602bac48d4ab43fc0db94ffa23ccb9f1048659a6ea70827999f0e009a8bb,image ratio 0.628 differs from listed 68x120 cm ratio 0.567 by 10.8%; modelled at 75.4x120.0 cm
os015,moyen,caisse-blanc,vertical,50.2,80.0,53.0,82.8,3.5,models/os015/os015_moyen_caisse-blanc.glb,199,models/os015/os015_moyen_caisse-blanc.usdz,198,44,643x1024,False,resized to 643x1024,os015.jpg,1c31602bac48d4ab43fc0db94ffa23ccb9f1048659a6ea70827999f0e009a8bb,image ratio 0.628 differs from listed 45x80 cm ratio 0.562 by 11.7%; modelled at 50.2x80.0 cm
os015,moyen,caisse-chene,vertical,50.2,80.0,53.0,82.8,3.5,models/os015/os015_moyen_caisse-chene.glb,229,models/os015/os015_moyen_caisse-chene.usdz,228,44,643x1024,False,resized to 643x1024,os015.jpg,1c31602bac48d4ab43fc0db94ffa23ccb9f1048659a6ea70827999f0e009a8bb,image ratio 0.628 differs from listed 45x80 cm ratio 0.562 by 11.7%; modelled at 50.2x80.0 cm
os015,moyen,caisse-noir,vertical,50.2,80.0,53.0,82.8,3.5,models/os015/os015_moyen_caisse-noir.glb,199,models/os015/os015_moyen_caisse-noir.usdz,198,44,643x1024,False,resized to 643x1024,os015.jpg,1c31602bac48d4ab43fc0db94ffa23ccb9f1048659a6ea70827999f0e009a8bb,image ratio 0.628 differs from listed 45x80 cm ratio 0.562 by 11.7%; modelled at 50.2x80.0 cm
os015,moyen,dibond,vertical,50.2,80.0,50.2,80.0,2.3,models/os015/os015_moyen_dibond.glb,197,models/os015/os015_moyen_dibond.usdz,196,20,643x1024,False,resized to 643x1024,os015.jpg,1c31602bac48d4ab43fc0db94ffa23ccb9f1048659a6ea70827999f0e009a8bb,image ratio 0.628 differs from listed 45x80 cm ratio 0.562 by 11.7%; modelled at 50.2x80.0 cm
os015,moyen,passe-partout,vertical,50.2,80.0,70.2,100.0,0.5,models/os015/os015_moyen_passe-partout.glb,198,models/os015/os015_moyen_passe-partout.usdz,198,38,643x1024,False,resized to 643x1024,os015.jpg,1c31602bac48d4ab43fc0db94ffa23ccb9f1048659a6ea70827999f0e009a8bb,image ratio 0.628 differs from listed 45x80 cm ratio 0.562 by 11.7%; modelled at 50.2x80.0 cm
os016,grand,caisse-blanc,vertical,75.4,120.0,78.2,122.8,3.5,models/os016/os016_grand_caisse-blanc.glb,222,models/os016/os016_grand_caisse-blanc.usdz,222,44,643x1024,False,resized to 643x1024,os016.jpg,929c1990f7e89037b001a466e91f44bfd514eba43c19b3c23dbbba080ddd9c26,image ratio 0.628 differs from listed 68x120 cm ratio 0.567 by 10.8%; modelled at 75.4x120.0 cm
os016,grand,caisse-chene,vertical,75.4,120.0,78.2,122.8,3.5,models/os016/os016_grand_caisse-chene.glb,252,models/os016/os016_grand_caisse-chene.usdz,252,44,643x1024,False,resized to 643x1024,os016.jpg,929c1990f7e89037b001a466e91f44bfd514eba43c19b3c23dbbba080ddd9c26,image ratio 0.628 differs from listed 68x120 cm ratio 0.567 by 10.8%; modelled at 75.4x120.0 cm
os016,grand,caisse-noir,vertical,75.4,120.0,78.2,122.8,3.5,models/os016/os016_grand_caisse-noir.glb,222,models/os016/os016_grand_caisse-noir.usdz,222,44,643x1024,False,resized to 643x1024,os016.jpg,929c1990f7e89037b001a466e91f44bfd514eba43c19b3c23dbbba080ddd9c26,image ratio 0.628 differs from listed 68x120 cm ratio 0.567 by 10.8%; modelled at 75.4x120.0 cm
os016,grand,dibond,vertical,75.4,120.0,75.4,120.0,2.3,models/os016/os016_grand_dibond.glb,221,models/os016/os016_grand_dibond.usdz,220,20,643x1024,False,resized to 643x1024,os016.jpg,929c1990f7e89037b001a466e91f44bfd514eba43c19b3c23dbbba080ddd9c26,image ratio 0.628 differs from listed 68x120 cm ratio 0.567 by 10.8%; modelled at 75.4x120.0 cm
os016,moyen,caisse-blanc,vertical,50.2,80.0,53.0,82.8,3.5,models/os016/os016_moyen_caisse-blanc.glb,222,models/os016/os016_moyen_caisse-blanc.usdz,222,44,643x1024,False,resized to 643x1024,os016.jpg,929c1990f7e89037b001a466e91f44bfd514eba43c19b3c23dbbba080ddd9c26,image ratio 0.628 differs from listed 45x80 cm ratio 0.562 by 11.7%; modelled at 50.2x80.0 cm
os016,moyen,caisse-chene,vertical,50.2,80.0,53.0,82.8,3.5,models/os016/os016_moyen_caisse-chene.glb,252,models/os016/os016_moyen_caisse-chene.usdz,252,44,643x1024,False,resized to 643x1024,os016.jpg,929c1990f7e89037b001a466e91f44bfd514eba43c19b3c23dbbba080ddd9c26,image ratio 0.628 differs from listed 45x80 cm ratio 0.562 by 11.7%; modelled at 50.2x80.0 cm
os016,moyen,caisse-noir,vertical,50.2,80.0,53.0,82.8,3.5,models/os016/os016_moyen_caisse-noir.glb,222,models/os016/os016_moyen_caisse-noir.usdz,222,44,643x1024,False,resized to 643x1024,os016.jpg,929c1990f7e89037b001a466e91f44bfd514eba43c19b3c23dbbba080ddd9c26,image ratio 0.628 differs from listed 45x80 cm ratio 0.562 by 11.7%; modelled at 50.2x80.0 cm
os016,moyen,dibond,vertical,50.2,80.0,50.2,80.0,2.3,models/os016/os016_moyen_dibond.glb,221,models/os016/os016_moyen_dibond.usdz,220,20,643x1024,False,resized to 643x1024,os016.jpg,929c1990f7e89037b001a466e91f44bfd514eba43c19b3c23dbbba080ddd9c26,image ratio 0.628 differs from listed 45x80 cm ratio 0.562 by 11.7%; modelled at 50.2x80.0 cm
os016,moyen,passe-partout,vertical,50.2,80.0,70.2,100.0,0.5,models/os016/os016_moyen_passe-partout.glb,222,models/os016/os016_moyen_passe-partout.usdz,221,38,643x1024,False,resized to 643x1024,os016.jpg,929c1990f7e89037b001a466e91f44bfd514eba43c19b3c23dbbba080ddd9c26,image ratio 0.628 differs from listed 45x80 cm ratio 0.562 by 11.7%; modelled at 50.2x80.0 cm
os017,grand,caisse-blanc,vertical,75.4,120.0,78.2,122.8,3.5,models/os017/os017_grand_caisse-blanc.glb,252,models/os017/os017_grand_caisse-blanc.usdz,251,44,643x1024,False,resized to 643x1024,os017.jpg,cc82325fee51252c95994cf2f2d699c2235af9a9ad2e83d8305ee24cc6b0d857,image ratio 0.628 differs from listed 68x120 cm ratio 0.567 by 10.8%; modelled at 75.4x120.0 cm
os017,grand,caisse-chene,vertical,75.4,120.0,78.2,122.8,3.5,models/os017/os017_grand_caisse-chene.glb,281,models/os017/os017_grand_caisse-chene.usdz,281,44,643x1024,False,resized to 643x1024,os017.jpg,cc82325fee51252c95994cf2f2d699c2235af9a9ad2e83d8305ee24cc6b0d857,image ratio 0.628 differs from listed 68x120 cm ratio 0.567 by 10.8%; modelled at 75.4x120.0 cm
os017,grand,caisse-noir,vertical,75.4,120.0,78.2,122.8,3.5,models/os017/os017_grand_caisse-noir.glb,252,models/os017/os017_grand_caisse-noir.usdz,251,44,643x1024,False,resized to 643x1024,os017.jpg,cc82325fee51252c95994cf2f2d699c2235af9a9ad2e83d8305ee24cc6b0d857,image ratio 0.628 differs from listed 68x120 cm ratio 0.567 by 10.8%; modelled at 75.4x120.0 cm
os017,grand,dibond,vertical,75.4,120.0,75.4,120.0,2.3,models/os017/os017_grand_dibond.glb,250,models/os017/os017_grand_dibond.usdz,249,20,643x1024,False,resized to 643x1024,os017.jpg,cc82325fee51252c95994cf2f2d699c2235af9a9ad2e83d8305ee24cc6b0d857,image ratio 0.628 differs from listed 68x120 cm ratio 0.567 by 10.8%; modelled at 75.4x120.0 cm
os017,moyen,caisse-blanc,vertical,50.2,80.0,53.0,82.8,3.5,models/os017/os017_moyen_caisse-blanc.glb,252,models/os017/os017_moyen_caisse-blanc.usdz,251,44,643x1024,False,resized to 643x1024,os017.jpg,cc82325fee51252c95994cf2f2d699c2235af9a9ad2e83d8305ee24cc6b0d857,image ratio 0.628 differs from listed 45x80 cm ratio 0.562 by 11.7%; modelled at 50.2x80.0 cm
os017,moyen,caisse-chene,vertical,50.2,80.0,53.0,82.8,3.5,models/os017/os017_moyen_caisse-chene.glb,281,models/os017/os017_moyen_caisse-chene.usdz,281,44,643x1024,False,resized to 643x1024,os017.jpg,cc82325fee51252c95994cf2f2d699c2235af9a9ad2e83d8305ee24cc6b0d857,image ratio 0.628 differs from listed 45x80 cm ratio 0.562 by 11.7%; modelled at 50.2x80.0 cm
os017,moyen,caisse-noir,vertical,50.2,80.0,53.0,82.8,3.5,models/os017/os017_moyen_caisse-noir.glb,252,models/os017/os017_moyen_caisse-noir.usdz,251,44,643x1024,False,resized to 643x1024,os017.jpg,cc82325fee51252c95994cf2f2d699c2235af9a9ad2e83d8305ee24cc6b0d857,image ratio 0.628 differs from listed 45x80 cm ratio 0.562 by 11.7%; modelled at 50.2x80.0 cm
os017,moyen,dibond,vertical,50.2,80.0,50.2,80.0,2.3,models/os017/os017_moyen_dibond.glb,250,models/os017/os017_moyen_dibond.usdz,249,20,643x1024,False,resized to 643x1024,os017.jpg,cc82325fee51252c95994cf2f2d699c2235af9a9ad2e83d8305ee24cc6b0d857,image ratio 0.628 differs from listed 45x80 cm ratio 0.562 by 11.7%; modelled at 50.2x80.0 cm
os017,moyen,passe-partout,vertical,50.2,80.0,70.2,100.0,0.5,models/os017/os017_moyen_passe-partout.glb,251,models/os017/os017_moyen_passe-partout.usdz,250,38,643x1024,False,resized to 643x1024,os017.jpg,cc82325fee51252c95994cf2f2d699c2235af9a9ad2e83d8305ee24cc6b0d857,image ratio 0.628 differs from listed 45x80 cm ratio 0.562 by 11.7%; modelled at 50.2x80.0 cm
os019,grand,caisse-blanc,vertical,75.4,120.0,78.2,122.8,3.5,models/os019/os019_grand_caisse-blanc.glb,250,models/os019/os019_grand_caisse-blanc.usdz,250,44,643x1024,False,resized to 643x1024,os019.jpg,d9accdadd2682295841d46392eacb4005bbee8bd4777fa89b64756b9193b4074,image ratio 0.628 differs from listed 68x120 cm ratio 0.567 by 10.8%; modelled at 75.4x120.0 cm
os019,grand,caisse-chene,vertical,75.4,120.0,78.2,122.8,3.5,models/os019/os019_grand_caisse-chene.glb,280,models/os019/os019_grand_caisse-chene.usdz,280,44,643x1024,False,resized to 643x1024,os019.jpg,d9accdadd2682295841d46392eacb4005bbee8bd4777fa89b64756b9193b4074,image ratio 0.628 differs from listed 68x120 cm ratio 0.567 by 10.8%; modelled at 75.4x120.0 cm
os019,grand,caisse-noir,vertical,75.4,120.0,78.2,122.8,3.5,models/os019/os019_grand_caisse-noir.glb,250,models/os019/os019_grand_caisse-noir.usdz,250,44,643x1024,False,resized to 643x1024,os019.jpg,d9accdadd2682295841d46392eacb4005bbee8bd4777fa89b64756b9193b4074,image ratio 0.628 differs from listed 68x120 cm ratio 0.567 by 10.8%; modelled at 75.4x120.0 cm
os019,grand,dibond,vertical,75.4,120.0,75.4,120.0,2.3,models/os019/os019_grand_dibond.glb,248,models/os019/os019_grand_dibond.usdz,248,20,643x1024,False,resized to 643x1024,os019.jpg,d9accdadd2682295841d46392eacb4005bbee8bd4777fa89b64756b9193b4074,image ratio 0.628 differs from listed 68x120 cm ratio 0.567 by 10.8%; modelled at 75.4x120.0 cm
os019,moyen,caisse-blanc,vertical,50.2,80.0,53.0,82.8,3.5,models/os019/os019_moyen_caisse-blanc.glb,250,models/os019/os019_moyen_caisse-blanc.usdz,250,44,643x1024,False,resized to 643x1024,os019.jpg,d9accdadd2682295841d46392eacb4005bbee8bd4777fa89b64756b9193b4074,image ratio 0.628 differs from listed 45x80 cm ratio 0.562 by 11.7%; modelled at 50.2x80.0 cm
os019,moyen,caisse-chene,vertical,50.2,80.0,53.0,82.8,3.5,models/os019/os019_moyen_caisse-chene.glb,280,models/os019/os019_moyen_caisse-chene.usdz,280,44,643x1024,False,resized to 643x1024,os019.jpg,d9accdadd2682295841d46392eacb4005bbee8bd4777fa89b64756b9193b4074,image ratio 0.628 differs from listed 45x80 cm ratio 0.562 by 11.7%; modelled at 50.2x80.0 cm
os019,moyen,caisse-noir,vertical,50.2,80.0,53.0,82.8,3.5,models/os019/os019_moyen_caisse-noir.glb,250,models/os019/os019_moyen_caisse-noir.usdz,250,44,643x1024,False,resized to 643x1024,os019.jpg,d9accdadd2682295841d46392eacb4005bbee8bd4777fa89b64756b9193b4074,image ratio 0.628 differs from listed 45x80 cm ratio 0.562 by 11.7%; modelled at 50.2x80.0 cm
os019,moyen,dibond,vertical,50.2,80.0,50.2,80.0,2.3,models/os019/os019_moyen_dibond.glb,248,models/os019/os019_moyen_dibond.usdz,248,20,643x1024,False,resized to 643x1024,os019.jpg,d9accdadd2682295841d46392eacb4005bbee8bd4777fa89b64756b9193b4074,image ratio 0.628 differs from listed 45x80 cm ratio 0.562 by 11.7%; modelled at 50.2x80.0 cm
os019,moyen,passe-partout,vertical,50.2,80.0,70.2,100.0,0.5,models/os019/os019_moyen_passe-partout.glb,250,models/os019/os019_moyen_passe-partout.usdz,249,38,643x1024,False,resized to 643x1024,os019.jpg,d9accdadd2682295841d46392eacb4005bbee8bd4777fa89b64756b9193b4074,image ratio 0.628 differs from listed 45x80 cm ratio 0.562 by 11.7%; modelled at 50.2x80.0 cm
os023,grand,caisse-blanc,vertical,75.4,120.0,78.2,122.8,3.5,models/os023/os023_grand_caisse-blanc.glb,240,models/os023/os023_grand_caisse-blanc.usdz,240,44,643x1024,False,resized to 643x1024,os023.jpg,0e37afdd6d8a0cf8e23f9fc6fe9c31d3e8baa505b21f764ac710be1393d127f1,image ratio 0.628 differs from listed 68x120 cm ratio 0.567 by 10.8%; modelled at 75.4x120.0 cm
os023,grand,caisse-chene,vertical,75.4,120.0,78.2,122.8,3.5,models/os023/os023_grand_caisse-chene.glb,270,models/os023/os023_grand_caisse-chene.usdz,270,44,643x1024,False,resized to 643x1024,os023.jpg,0e37afdd6d8a0cf8e23f9fc6fe9c31d3e8baa505b21f764ac710be1393d127f1,image ratio 0.628 differs from listed 68x120 cm ratio 0.567 by 10.8%; modelled at 75.4x120.0 cm
os023,grand,caisse-noir,vertical,75.4,120.0,78.2,122.8,3.5,models/os023/os023_grand_caisse-noir.glb,240,models/os023/os023_grand_caisse-noir.usdz,240,44,643x1024,False,resized to 643x1024,os023.jpg,0e37afdd6d8a0cf8e23f9fc6fe9c31d3e8baa505b21f764ac710be1393d127f1,image ratio 0.628 differs from listed 68x120 cm ratio 0.567 by 10.8%; modelled at 75.4x120.0 cm
os023,grand,dibond,vertical,75.4,120.0,75.4,120.0,2.3,models/os023/os023_grand_dibond.glb,239,models/os023/os023_grand_dibond.usdz,238,20,643x1024,False,resized to 643x1024,os023.jpg,0e37afdd6d8a0cf8e23f9fc6fe9c31d3e8baa505b21f764ac710be1393d127f1,image ratio 0.628 differs from listed 68x120 cm ratio 0.567 by 10.8%; modelled at 75.4x120.0 cm
os023,moyen,caisse-blanc,vertical,50.2,80.0,53.0,82.8,3.5,models/os023/os023_moyen_caisse-blanc.glb,240,models/os023/os023_moyen_caisse-blanc.usdz,240,44,643x1024,False,resized to 643x1024,os023.jpg,0e37afdd6d8a0cf8e23f9fc6fe9c31d3e8baa505b21f764ac710be1393d127f1,image ratio 0.628 differs from listed 45x80 cm ratio 0.562 by 11.7%; modelled at 50.2x80.0 cm
os023,moyen,caisse-chene,vertical,50.2,80.0,53.0,82.8,3.5,models/os023/os023_moyen_caisse-chene.glb,270,models/os023/os023_moyen_caisse-chene.usdz,270,44,643x1024,False,resized to 643x1024,os023.jpg,0e37afdd6d8a0cf8e23f9fc6fe9c31d3e8baa505b21f764ac710be1393d127f1,image ratio 0.628 differs from listed 45x80 cm ratio 0.562 by 11.7%; modelled at 50.2x80.0 cm
os023,moyen,caisse-noir,vertical,50.2,80.0,53.0,82.8,3.5,models/os023/os023_moyen_caisse-noir.glb,240,models/os023/os023_moyen_caisse-noir.usdz,240,44,643x1024,False,resized to 643x1024,os023.jpg,0e37afdd6d8a0cf8e23f9fc6fe9c31d3e8baa505b21f764ac710be1393d127f1,image ratio 0.628 differs from listed 45x80 cm ratio 0.562 by 11.7%; modelled at 50.2x80.0 cm
os023,moyen,dibond,vertical,50.2,80.0,50.2,80.0,2.3,models/os023/os023_moyen_dibond.glb,239,models/os023/os023_moyen_dibond.usdz,238,20,643x1024,False,resized to 643x1024,os023.jpg,0e37afdd6d8a0cf8e23f9fc6fe9c31d3e8baa505b21f764ac710be1393d127f1,image ratio 0.628 differs from listed 45x80 cm ratio 0.562 by 11.7%; modelled at 50.2x80.0 cm
os023,moyen,passe-partout,vertical,50.2,80.0,70.2,100.0,0.5,models/os023/os023_moyen_passe-partout.glb,240,models/os023/os023_moyen_passe-partout.usdz,239,38,643x1024,False,resized to 643x1024,os023.jpg,0e37afdd6d8a0cf8e23f9fc6fe9c31d3e8baa505b21f764ac710be1393d127f1,image ratio 0.628 differs from listed 45x80 cm ratio 0.562 by 11.7%; modelled at 50.2x80.0 cm
os024,grand,caisse-blanc,vertical,75.4,120.0,78.2,122.8,3.5,models/os024/os024_grand_caisse-blanc.glb,328,models/os024/os024_grand_caisse-blanc.usdz,328,44,643x1024,False,resized to 643x1024,os024.jpg,d56791bfdd9a8eb26f7e3d546b3a2fb7d06b92b9bdbe8adcd837ed94d1e2e2fa,image ratio 0.628 differs from listed 68x120 cm ratio 0.567 by 10.8%; modelled at 75.4x120.0 cm
os024,grand,caisse-chene,vertical,75.4,120.0,78.2,122.8,3.5,models/os024/os024_grand_caisse-chene.glb,358,models/os024/os024_grand_caisse-chene.usdz,358,44,643x1024,False,resized to 643x1024,os024.jpg,d56791bfdd9a8eb26f7e3d546b3a2fb7d06b92b9bdbe8adcd837ed94d1e2e2fa,image ratio 0.628 differs from listed 68x120 cm ratio 0.567 by 10.8%; modelled at 75.4x120.0 cm
os024,grand,caisse-noir,vertical,75.4,120.0,78.2,122.8,3.5,models/os024/os024_grand_caisse-noir.glb,328,models/os024/os024_grand_caisse-noir.usdz,328,44,643x1024,False,resized to 643x1024,os024.jpg,d56791bfdd9a8eb26f7e3d546b3a2fb7d06b92b9bdbe8adcd837ed94d1e2e2fa,image ratio 0.628 differs from listed 68x120 cm ratio 0.567 by 10.8%; modelled at 75.4x120.0 cm
os024,grand,dibond,vertical,75.4,120.0,75.4,120.0,2.3,models/os024/os024_grand_dibond.glb,327,models/os024/os024_grand_dibond.usdz,326,20,643x1024,False,resized to 643x1024,os024.jpg,d56791bfdd9a8eb26f7e3d546b3a2fb7d06b92b9bdbe8adcd837ed94d1e2e2fa,image ratio 0.628 differs from listed 68x120 cm ratio 0.567 by 10.8%; modelled at 75.4x120.0 cm
os024,moyen,caisse-blanc,vertical,50.2,80.0,53.0,82.8,3.5,models/os024/os024_moyen_caisse-blanc.glb,328,models/os024/os024_moyen_caisse-blanc.usdz,328,44,643x1024,False,resized to 643x1024,os024.jpg,d56791bfdd9a8eb26f7e3d546b3a2fb7d06b92b9bdbe8adcd837ed94d1e2e2fa,image ratio 0.628 differs from listed 45x80 cm ratio 0.562 by 11.7%; modelled at 50.2x80.0 cm
os024,moyen,caisse-chene,vertical,50.2,80.0,53.0,82.8,3.5,models/os024/os024_moyen_caisse-chene.glb,358,models/os024/os024_moyen_caisse-chene.usdz,358,44,643x1024,False,resized to 643x1024,os024.jpg,d56791bfdd9a8eb26f7e3d546b3a2fb7d06b92b9bdbe8adcd837ed94d1e2e2fa,image ratio 0.628 differs from listed 45x80 cm ratio 0.562 by 11.7%; modelled at 50.2x80.0 cm
os024,moyen,caisse-noir,vertical,50.2,80.0,53.0,82.8,3.5,models/os024/os024_moyen_caisse-noir.glb,328,models/os024/os024_moyen_caisse-noir.usdz,328,44,643x1024,False,resized to 643x1024,os024.jpg,d56791bfdd9a8eb26f7e3d546b3a2fb7d06b92b9bdbe8adcd837ed94d1e2e2fa,image ratio 0.628 differs from listed 45x80 cm ratio 0.562 by 11.7%; modelled at 50.2x80.0 cm
os024,moyen,dibond,vertical,50.2,80.0,50.2,80.0,2.3,models/os024/os024_moyen_dibond.glb,327,models/os024/os024_moyen_dibond.usdz,326,20,643x1024,False,resized to 643x1024,os024.jpg,d56791bfdd9a8eb26f7e3d546b3a2fb7d06b92b9bdbe8adcd837ed94d1e2e2fa,image ratio 0.628 differs from listed 45x80 cm ratio 0.562 by 11.7%; modelled at 50.2x80.0 cm
os024,moyen,passe-partout,vertical,50.2,80.0,70.2,100.0,0.5,models/os024/os024_moyen_passe-partout.glb,328,models/os024/os024_moyen_passe-partout.usdz,327,38,643x1024,False,resized to 643x1024,os024.jpg,d56791bfdd9a8eb26f7e3d546b3a2fb7d06b92b9bdbe8adcd837ed94d1e2e2fa,image ratio 0.628 differs from listed 45x80 cm ratio 0.562 by 11.7%; modelled at 50.2x80.0 cm
os025,grand,caisse-blanc,vertical,75.4,120.0,78.2,122.8,3.5,models/os025/os025_grand_caisse-blanc.glb,211,models/os025/os025_grand_caisse-blanc.usdz,210,44,643x1024,False,resized to 643x1024,os025.jpg,6d1353597b7af9796e670f519702334ad1da73891a84931b0fe8e5fe63c58afb,image ratio 0.628 differs from listed 68x120 cm ratio 0.567 by 10.8%; modelled at 75.4x120.0 cm
os025,grand,caisse-chene,vertical,75.4,120.0,78.2,122.8,3.5,models/os025/os025_grand_caisse-chene.glb,241,models/os025/os025_grand_caisse-chene.usdz,240,44,643x1024,False,resized to 643x1024,os025.jpg,6d1353597b7af9796e670f519702334ad1da73891a84931b0fe8e5fe63c58afb,image ratio 0.628 differs from listed 68x120 cm ratio 0.567 by 10.8%; modelled at 75.4x120.0 cm
os025,grand,caisse-noir,vertical,75.4,120.0,78.2,122.8,3.5,models/os025/os025_grand_caisse-noir.glb,211,models/os025/os025_grand_caisse-noir.usdz,210,44,643x1024,False,resized to 643x1024,os025.jpg,6d1353597b7af9796e670f519702334ad1da73891a84931b0fe8e5fe63c58afb,image ratio 0.628 differs from listed 68x120 cm ratio 0.567 by 10.8%; modelled at 75.4x120.0 cm
os025,grand,dibond,vertical,75.4,120.0,75.4,120.0,2.3,models/os025/os025_grand_dibond.glb,209,models/os025/os025_grand_dibond.usdz,208,20,643x1024,False,resized to 643x1024,os025.jpg,6d1353597b7af9796e670f519702334ad1da73891a84931b0fe8e5fe63c58afb,image ratio 0.628 differs from listed 68x120 cm ratio 0.567 by 10.8%; modelled at 75.4x120.0 cm
os025,moyen,caisse-blanc,vertical,50.2,80.0,53.0,82.8,3.5,models/os025/os025_moyen_caisse-blanc.glb,211,models/os025/os025_moyen_caisse-blanc.usdz,210,44,643x1024,False,resized to 643x1024,os025.jpg,6d1353597b7af9796e670f519702334ad1da73891a84931b0fe8e5fe63c58afb,image ratio 0.628 differs from listed 45x80 cm ratio 0.562 by 11.7%; modelled at 50.2x80.0 cm
os025,moyen,caisse-chene,vertical,50.2,80.0,53.0,82.8,3.5,models/os025/os025_moyen_caisse-chene.glb,241,models/os025/os025_moyen_caisse-chene.usdz,240,44,643x1024,False,resized to 643x1024,os025.jpg,6d1353597b7af9796e670f519702334ad1da73891a84931b0fe8e5fe63c58afb,image ratio 0.628 differs from listed 45x80 cm ratio 0.562 by 11.7%; modelled at 50.2x80.0 cm
os025,moyen,caisse-noir,vertical,50.2,80.0,53.0,82.8,3.5,models/os025/os025_moyen_caisse-noir.glb,211,models/os025/os025_moyen_caisse-noir.usdz,210,44,643x1024,False,resized to 643x1024,os025.jpg,6d1353597b7af9796e670f519702334ad1da73891a84931b0fe8e5fe63c58afb,image ratio 0.628 differs from listed 45x80 cm ratio 0.562 by 11.7%; modelled at 50.2x80.0 cm
os025,moyen,dibond,vertical,50.2,80.0,50.2,80.0,2.3,models/os025/os025_moyen_dibond.glb,209,models/os025/os025_moyen_dibond.usdz,208,20,643x1024,False,resized to 643x1024,os025.jpg,6d1353597b7af9796e670f519702334ad1da73891a84931b0fe8e5fe63c58afb,image ratio 0.628 differs from listed 45x80 cm ratio 0.562 by 11.7%; modelled at 50.2x80.0 cm
os025,moyen,passe-partout,vertical,50.2,80.0,70.2,100.0,0.5,models/os025/os025_moyen_passe-partout.glb,210,models/os025/os025_moyen_passe-partout.usdz,210,38,643x1024,False,resized to 643x1024,os025.jpg,6d1353597b7af9796e670f519702334ad1da73891a84931b0fe8e5fe63c58afb,image ratio 0.628 differs from listed 45x80 cm ratio 0.562 by 11.7%; modelled at 50.2x80.0 cm
os027,grand,caisse-blanc,vertical,75.4,120.0,78.2,122.8,3.5,models/os027/os027_grand_caisse-blanc.glb,326,models/os027/os027_grand_caisse-blanc.usdz,326,44,643x1024,False,resized to 643x1024,os027.jpg,1ffdf2e7fd0a4e905f3c3a45abb74513dc784c65f5a72119211b53754ba0b010,image ratio 0.628 differs from listed 68x120 cm ratio 0.567 by 10.8%; modelled at 75.4x120.0 cm
os027,grand,caisse-chene,vertical,75.4,120.0,78.2,122.8,3.5,models/os027/os027_grand_caisse-chene.glb,356,models/os027/os027_grand_caisse-chene.usdz,356,44,643x1024,False,resized to 643x1024,os027.jpg,1ffdf2e7fd0a4e905f3c3a45abb74513dc784c65f5a72119211b53754ba0b010,image ratio 0.628 differs from listed 68x120 cm ratio 0.567 by 10.8%; modelled at 75.4x120.0 cm
os027,grand,caisse-noir,vertical,75.4,120.0,78.2,122.8,3.5,models/os027/os027_grand_caisse-noir.glb,326,models/os027/os027_grand_caisse-noir.usdz,326,44,643x1024,False,resized to 643x1024,os027.jpg,1ffdf2e7fd0a4e905f3c3a45abb74513dc784c65f5a72119211b53754ba0b010,image ratio 0.628 differs from listed 68x120 cm ratio 0.567 by 10.8%; modelled at 75.4x120.0 cm
os027,grand,dibond,vertical,75.4,120.0,75.4,120.0,2.3,models/os027/os027_grand_dibond.glb,325,models/os027/os027_grand_dibond.usdz,324,20,643x1024,False,resized to 643x1024,os027.jpg,1ffdf2e7fd0a4e905f3c3a45abb74513dc784c65f5a72119211b53754ba0b010,image ratio 0.628 differs from listed 68x120 cm ratio 0.567 by 10.8%; modelled at 75.4x120.0 cm
os027,moyen,caisse-blanc,vertical,50.2,80.0,53.0,82.8,3.5,models/os027/os027_moyen_caisse-blanc.glb,326,models/os027/os027_moyen_caisse-blanc.usdz,326,44,643x1024,False,resized to 643x1024,os027.jpg,1ffdf2e7fd0a4e905f3c3a45abb74513dc784c65f5a72119211b53754ba0b010,image ratio 0.628 differs from listed 45x80 cm ratio 0.562 by 11.7%; modelled at 50.2x80.0 cm
os027,moyen,caisse-chene,vertical,50.2,80.0,53.0,82.8,3.5,models/os027/os027_moyen_caisse-chene.glb,356,models/os027/os027_moyen_caisse-chene.usdz,356,44,643x1024,False,resized to 643x1024,os027.jpg,1ffdf2e7fd0a4e905f3c3a45abb74513dc784c65f5a72119211b53754ba0b010,image ratio 0.628 differs from listed 45x80 cm ratio 0.562 by 11.7%; modelled at 50.2x80.0 cm
os027,moyen,caisse-noir,vertical,50.2,80.0,53.0,82.8,3.5,models/os027/os027_moyen_caisse-noir.glb,326,models/os027/os027_moyen_caisse-noir.usdz,326,44,643x1024,False,resized to 643x1024,os027.jpg,1ffdf2e7fd0a4e905f3c3a45abb74513dc784c65f5a72119211b53754ba0b010,image ratio 0.628 differs from listed 45x80 cm ratio 0.562 by 11.7%; modelled at 50.2x80.0 cm
os027,moyen,dibond,vertical,50.2,80.0,50.2,80.0,2.3,models/os027/os027_moyen_dibond.glb,325,models/os027/os027_moyen_dibond.usdz,324,20,643x1024,False,resized to 643x1024,os027.jpg,1ffdf2e7fd0a4e905f3c3a45abb74513dc784c65f5a72119211b53754ba0b010,image ratio 0.628 differs from listed 45x80 cm ratio 0.562 by 11.7%; modelled at 50.2x80.0 cm
os027,moyen,passe-partout,vertical,50.2,80.0,70.2,100.0,0.5,models/os027/os027_moyen_passe-partout.glb,326,models/os027/os027_moyen_passe-partout.usdz,325,38,643x1024,False,resized to 643x1024,os027.jpg,1ffdf2e7fd0a4e905f3c3a45abb74513dc784c65f5a72119211b53754ba0b010,image ratio 0.628 differs from listed 45x80 cm ratio 0.562 by 11.7%; modelled at 50.2x80.0 cm
os028,grand,caisse-blanc,vertical,75.4,120.0,78.2,122.8,3.5,models/os028/os028_grand_caisse-blanc.glb,177,models/os028/os028_grand_caisse-blanc.usdz,176,44,643x1024,False,resized to 643x1024,os028.jpg,b42a966376b7ab4ceaf874b69275a9b2fd038da794e2092bc6ed6ae4d9de6743,image ratio 0.628 differs from listed 68x120 cm ratio 0.567 by 10.8%; modelled at 75.4x120.0 cm
os028,grand,caisse-chene,vertical,75.4,120.0,78.2,122.8,3.5,models/os028/os028_grand_caisse-chene.glb,207,models/os028/os028_grand_caisse-chene.usdz,207,44,643x1024,False,resized to 643x1024,os028.jpg,b42a966376b7ab4ceaf874b69275a9b2fd038da794e2092bc6ed6ae4d9de6743,image ratio 0.628 differs from listed 68x120 cm ratio 0.567 by 10.8%; modelled at 75.4x120.0 cm
os028,grand,caisse-noir,vertical,75.4,120.0,78.2,122.8,3.5,models/os028/os028_grand_caisse-noir.glb,177,models/os028/os028_grand_caisse-noir.usdz,176,44,643x1024,False,resized to 643x1024,os028.jpg,b42a966376b7ab4ceaf874b69275a9b2fd038da794e2092bc6ed6ae4d9de6743,image ratio 0.628 differs from listed 68x120 cm ratio 0.567 by 10.8%; modelled at 75.4x120.0 cm
os028,grand,dibond,vertical,75.4,120.0,75.4,120.0,2.3,models/os028/os028_grand_dibond.glb,175,models/os028/os028_grand_dibond.usdz,175,20,643x1024,False,resized to 643x1024,os028.jpg,b42a966376b7ab4ceaf874b69275a9b2fd038da794e2092bc6ed6ae4d9de6743,image ratio 0.628 differs from listed 68x120 cm ratio 0.567 by 10.8%; modelled at 75.4x120.0 cm
os028,moyen,caisse-blanc,vertical,50.2,80.0,53.0,82.8,3.5,models/os028/os028_moyen_caisse-blanc.glb,177,models/os028/os028_moyen_caisse-blanc.usdz,176,44,643x1024,False,resized to 643x1024,os028.jpg,b42a966376b7ab4ceaf874b69275a9b2fd038da794e2092bc6ed6ae4d9de6743,image ratio 0.628 differs from listed 45x80 cm ratio 0.562 by 11.7%; modelled at 50.2x80.0 cm
os028,moyen,caisse-chene,vertical,50.2,80.0,53.0,82.8,3.5,models/os028/os028_moyen_caisse-chene.glb,207,models/os028/os028_moyen_caisse-chene.usdz,207,44,643x1024,False,resized to 643x1024,os028.jpg,b42a966376b7ab4ceaf874b69275a9b2fd038da794e2092bc6ed6ae4d9de6743,image ratio 0.628 differs from listed 45x80 cm ratio 0.562 by 11.7%; modelled at 50.2x80.0 cm
os028,moyen,caisse-noir,vertical,50.2,80.0,53.0,82.8,3.5,models/os028/os028_moyen_caisse-noir.glb,177,models/os028/os028_moyen_caisse-noir.usdz,176,44,643x1024,False,resized to 643x1024,os028.jpg,b42a966376b7ab4ceaf874b69275a9b2fd038da794e2092bc6ed6ae4d9de6743,image ratio 0.628 differs from listed 45x80 cm ratio 0.562 by 11.7%; modelled at 50.2x80.0 cm
os028,moyen,dibond,vertical,50.2,80.0,50.2,80.0,2.3,models/os028/os028_moyen_dibond.glb,175,models/os028/os028_moyen_dibond.usdz,175,20,643x1024,False,resized to 643x1024,os028.jpg,b42a966376b7ab4ceaf874b69275a9b2fd038da794e2092bc6ed6ae4d9de6743,image ratio 0.628 differs from listed 45x80 cm ratio 0.562 by 11.7%; modelled at 50.2x80.0 cm
os028,moyen,passe-partout,vertical,50.2,80.0,70.2,100.0,0.5,models/os028/os028_moyen_passe-partout.glb,176,models/os028/os028_moyen_passe-partout.usdz,176,38,643x1024,False,resized to 643x1024,os028.jpg,b42a966376b7ab4ceaf874b69275a9b2fd038da794e2092bc6ed6ae4d9de6743,image ratio 0.628 differs from listed 45x80 cm ratio 0.562 by 11.7%; modelled at 50.2x80.0 cm
os029,grand,caisse-blanc,vertical,75.4,120.0,78.2,122.8,3.5,models/os029/os029_grand_caisse-blanc.glb,194,models/os029/os029_grand_caisse-blanc.usdz,193,44,643x1024,False,resized to 643x1024,os029.jpg,5ba7a459d95049bad6b9c1607cf09de77cd95d72e4a0270bbcff27292dd0cd6b,image ratio 0.628 differs from listed 68x120 cm ratio 0.567 by 10.8%; modelled at 75.4x120.0 cm
os029,grand,caisse-chene,vertical,75.4,120.0,78.2,122.8,3.5,models/os029/os029_grand_caisse-chene.glb,223,models/os029/os029_grand_caisse-chene.usdz,223,44,643x1024,False,resized to 643x1024,os029.jpg,5ba7a459d95049bad6b9c1607cf09de77cd95d72e4a0270bbcff27292dd0cd6b,image ratio 0.628 differs from listed 68x120 cm ratio 0.567 by 10.8%; modelled at 75.4x120.0 cm
os029,grand,caisse-noir,vertical,75.4,120.0,78.2,122.8,3.5,models/os029/os029_grand_caisse-noir.glb,194,models/os029/os029_grand_caisse-noir.usdz,193,44,643x1024,False,resized to 643x1024,os029.jpg,5ba7a459d95049bad6b9c1607cf09de77cd95d72e4a0270bbcff27292dd0cd6b,image ratio 0.628 differs from listed 68x120 cm ratio 0.567 by 10.8%; modelled at 75.4x120.0 cm
os029,grand,dibond,vertical,75.4,120.0,75.4,120.0,2.3,models/os029/os029_grand_dibond.glb,192,models/os029/os029_grand_dibond.usdz,191,20,643x1024,False,resized to 643x1024,os029.jpg,5ba7a459d95049bad6b9c1607cf09de77cd95d72e4a0270bbcff27292dd0cd6b,image ratio 0.628 differs from listed 68x120 cm ratio 0.567 by 10.8%; modelled at 75.4x120.0 cm
os029,moyen,caisse-blanc,vertical,50.2,80.0,53.0,82.8,3.5,models/os029/os029_moyen_caisse-blanc.glb,194,models/os029/os029_moyen_caisse-blanc.usdz,193,44,643x1024,False,resized to 643x1024,os029.jpg,5ba7a459d95049bad6b9c1607cf09de77cd95d72e4a0270bbcff27292dd0cd6b,image ratio 0.628 differs from listed 45x80 cm ratio 0.562 by 11.7%; modelled at 50.2x80.0 cm
os029,moyen,caisse-chene,vertical,50.2,80.0,53.0,82.8,3.5,models/os029/os029_moyen_caisse-chene.glb,223,models/os029/os029_moyen_caisse-chene.usdz,223,44,643x1024,False,resized to 643x1024,os029.jpg,5ba7a459d95049bad6b9c1607cf09de77cd95d72e4a0270bbcff27292dd0cd6b,image ratio 0.628 differs from listed 45x80 cm ratio 0.562 by 11.7%; modelled at 50.2x80.0 cm
os029,moyen,caisse-noir,vertical,50.2,80.0,53.0,82.8,3.5,models/os029/os029_moyen_caisse-noir.glb,194,models/os029/os029_moyen_caisse-noir.usdz,193,44,643x1024,False,resized to 643x1024,os029.jpg,5ba7a459d95049bad6b9c1607cf09de77cd95d72e4a0270bbcff27292dd0cd6b,image ratio 0.628 differs from listed 45x80 cm ratio 0.562 by 11.7%; modelled at 50.2x80.0 cm
os029,moyen,dibond,vertical,50.2,80.0,50.2,80.0,2.3,models/os029/os029_moyen_dibond.glb,192,models/os029/os029_moyen_dibond.usdz,191,20,643x1024,False,resized to 643x1024,os029.jpg,5ba7a459d95049bad6b9c1607cf09de77cd95d72e4a0270bbcff27292dd0cd6b,image ratio 0.628 differs from listed 45x80 cm ratio 0.562 by 11.7%; modelled at 50.2x80.0 cm
os029,moyen,passe-partout,vertical,50.2,80.0,70.2,100.0,0.5,models/os029/os029_moyen_passe-partout.glb,193,models/os029/os029_moyen_passe-partout.usdz,193,38,643x1024,False,resized to 643x1024,os029.jpg,5ba7a459d95049bad6b9c1607cf09de77cd95d72e4a0270bbcff27292dd0cd6b,image ratio 0.628 differs from listed 45x80 cm ratio 0.562 by 11.7%; modelled at 50.2x80.0 cm
os030,grand,caisse-blanc,vertical,75.4,120.0,78.2,122.8,3.5,models/os030/os030_grand_caisse-blanc.glb,89,models/os030/os030_grand_caisse-blanc.usdz,88,44,643x1024,False,resized to 643x1024,os030.jpg,13b44cc89df1bce30b1b809af57a64db2766ef59b41163c0c3f8bd886f173c96,image ratio 0.628 differs from listed 68x120 cm ratio 0.567 by 10.8%; modelled at 75.4x120.0 cm
os030,grand,caisse-chene,vertical,75.4,120.0,78.2,122.8,3.5,models/os030/os030_grand_caisse-chene.glb,119,models/os030/os030_grand_caisse-chene.usdz,118,44,643x1024,False,resized to 643x1024,os030.jpg,13b44cc89df1bce30b1b809af57a64db2766ef59b41163c0c3f8bd886f173c96,image ratio 0.628 differs from listed 68x120 cm ratio 0.567 by 10.8%; modelled at 75.4x120.0 cm
os030,grand,caisse-noir,vertical,75.4,120.0,78.2,122.8,3.5,models/os030/os030_grand_caisse-noir.glb,89,models/os030/os030_grand_caisse-noir.usdz,88,44,643x1024,False,resized to 643x1024,os030.jpg,13b44cc89df1bce30b1b809af57a64db2766ef59b41163c0c3f8bd886f173c96,image ratio 0.628 differs from listed 68x120 cm ratio 0.567 by 10.8%; modelled at 75.4x120.0 cm
os030,grand,dibond,vertical,75.4,120.0,75.4,120.0,2.3,models/os030/os030_grand_dibond.glb,87,models/os030/os030_grand_dibond.usdz,86,20,643x1024,False,resized to 643x1024,os030.jpg,13b44cc89df1bce30b1b809af57a64db2766ef59b41163c0c3f8bd886f173c96,image ratio 0.628 differs from listed 68x120 cm ratio 0.567 by 10.8%; modelled at 75.4x120.0 cm
os030,moyen,caisse-blanc,vertical,50.2,80.0,53.0,82.8,3.5,models/os030/os030_moyen_caisse-blanc.glb,89,models/os030/os030_moyen_caisse-blanc.usdz,88,44,643x1024,False,resized to 643x1024,os030.jpg,13b44cc89df1bce30b1b809af57a64db2766ef59b41163c0c3f8bd886f173c96,image ratio 0.628 differs from listed 45x80 cm ratio 0.562 by 11.7%; modelled at 50.2x80.0 cm
os030,moyen,caisse-chene,vertical,50.2,80.0,53.0,82.8,3.5,models/os030/os030_moyen_caisse-chene.glb,119,models/os030/os030_moyen_caisse-chene.usdz,118,44,643x1024,False,resized to 643x1024,os030.jpg,13b44cc89df1bce30b1b809af57a64db2766ef59b41163c0c3f8bd886f173c96,image ratio 0.628 differs from listed 45x80 cm ratio 0.562 by 11.7%; modelled at 50.2x80.0 cm
os030,moyen,caisse-noir,vertical,50.2,80.0,53.0,82.8,3.5,models/os030/os030_moyen_caisse-noir.glb,89,models/os030/os030_moyen_caisse-noir.usdz,88,44,643x1024,False,resized to 643x1024,os030.jpg,13b44cc89df1bce30b1b809af57a64db2766ef59b41163c0c3f8bd886f173c96,image ratio 0.628 differs from listed 45x80 cm ratio 0.562 by 11.7%; modelled at 50.2x80.0 cm
os030,moyen,dibond,vertical,50.2,80.0,50.2,80.0,2.3,models/os030/os030_moyen_dibond.glb,87,models/os030/os030_moyen_dibond.usdz,86,20,643x1024,False,resized to 643x1024,os030.jpg,13b44cc89df1bce30b1b809af57a64db2766ef59b41163c0c3f8bd886f173c96,image ratio 0.628 differs from listed 45x80 cm ratio 0.562 by 11.7%; modelled at 50.2x80.0 cm
os030,moyen,passe-partout,vertical,50.2,80.0,70.2,100.0,0.5,models/os030/os030_moyen_passe-partout.glb,88,models/os030/os030_moyen_passe-partout.usdz,88,38,643x1024,False,resized to 643x1024,os030.jpg,13b44cc89df1bce30b1b809af57a64db2766ef59b41163c0c3f8bd886f173c96,image ratio 0.628 differs from listed 45x80 cm ratio 0.562 by 11.7%; modelled at 50.2x80.0 cm
os031,grand,caisse-blanc,vertical,75.4,120.0,78.2,122.8,3.5,models/os031/os031_grand_caisse-blanc.glb,202,models/os031/os031_grand_caisse-blanc.usdz,201,44,643x1024,False,resized to 643x1024,os031.jpg,9a08289a9c74fa1391c642b721ca928e7596344d30396c3fb2c36a97cd613272,image ratio 0.628 differs from listed 68x120 cm ratio 0.567 by 10.8%; modelled at 75.4x120.0 cm
os031,grand,caisse-chene,vertical,75.4,120.0,78.2,122.8,3.5,models/os031/os031_grand_caisse-chene.glb,231,models/os031/os031_grand_caisse-chene.usdz,231,44,643x1024,False,resized to 643x1024,os031.jpg,9a08289a9c74fa1391c642b721ca928e7596344d30396c3fb2c36a97cd613272,image ratio 0.628 differs from listed 68x120 cm ratio 0.567 by 10.8%; modelled at 75.4x120.0 cm
os031,grand,caisse-noir,vertical,75.4,120.0,78.2,122.8,3.5,models/os031/os031_grand_caisse-noir.glb,202,models/os031/os031_grand_caisse-noir.usdz,201,44,643x1024,False,resized to 643x1024,os031.jpg,9a08289a9c74fa1391c642b721ca928e7596344d30396c3fb2c36a97cd613272,image ratio 0.628 differs from listed 68x120 cm ratio 0.567 by 10.8%; modelled at 75.4x120.0 cm
os031,grand,dibond,vertical,75.4,120.0,75.4,120.0,2.3,models/os031/os031_grand_dibond.glb,200,models/os031/os031_grand_dibond.usdz,199,20,643x1024,False,resized to 643x1024,os031.jpg,9a08289a9c74fa1391c642b721ca928e7596344d30396c3fb2c36a97cd613272,image ratio 0.628 differs from listed 68x120 cm ratio 0.567 by 10.8%; modelled at 75.4x120.0 cm
os031,moyen,caisse-blanc,vertical,50.2,80.0,53.0,82.8,3.5,models/os031/os031_moyen_caisse-blanc.glb,202,models/os031/os031_moyen_caisse-blanc.usdz,201,44,643x1024,False,resized to 643x1024,os031.jpg,9a08289a9c74fa1391c642b721ca928e7596344d30396c3fb2c36a97cd613272,image ratio 0.628 differs from listed 45x80 cm ratio 0.562 by 11.7%; modelled at 50.2x80.0 cm
os031,moyen,caisse-chene,vertical,50.2,80.0,53.0,82.8,3.5,models/os031/os031_moyen_caisse-chene.glb,231,models/os031/os031_moyen_caisse-chene.usdz,231,44,643x1024,False,resized to 643x1024,os031.jpg,9a08289a9c74fa1391c642b721ca928e7596344d30396c3fb2c36a97cd613272,image ratio 0.628 differs from listed 45x80 cm ratio 0.562 by 11.7%; modelled at 50.2x80.0 cm
os031,moyen,caisse-noir,vertical,50.2,80.0,53.0,82.8,3.5,models/os031/os031_moyen_caisse-noir.glb,202,models/os031/os031_moyen_caisse-noir.usdz,201,44,643x1024,False,resized to 643x1024,os031.jpg,9a08289a9c74fa1391c642b721ca928e7596344d30396c3fb2c36a97cd613272,image ratio 0.628 differs from listed 45x80 cm ratio 0.562 by 11.7%; modelled at 50.2x80.0 cm
os031,moyen,dibond,vertical,50.2,80.0,50.2,80.0,2.3,models/os031/os031_moyen_dibond.glb,200,models/os031/os031_moyen_dibond.usdz,199,20,643x1024,False,resized to 643x1024,os031.jpg,9a08289a9c74fa1391c642b721ca928e7596344d30396c3fb2c36a97cd613272,image ratio 0.628 differs from listed 45x80 cm ratio 0.562 by 11.7%; modelled at 50.2x80.0 cm
os031,moyen,passe-partout,vertical,50.2,80.0,70.2,100.0,0.5,models/os031/os031_moyen_passe-partout.glb,201,models/os031/os031_moyen_passe-partout.usdz,200,38,643x1024,False,resized to 643x1024,os031.jpg,9a08289a9c74fa1391c642b721ca928e7596344d30396c3fb2c36a97cd613272,image ratio 0.628 differs from listed 45x80 cm ratio 0.562 by 11.7%; modelled at 50.2x80.0 cm
os032,grand,caisse-blanc,vertical,75.4,120.0,78.2,122.8,3.5,models/os032/os032_grand_caisse-blanc.glb,293,models/os032/os032_grand_caisse-blanc.usdz,292,44,643x1024,False,resized to 643x1024,os032.jpg,e3ffb77264b08116d1f00b17312affe39fe996c28bc6008be6974b779788bda7,image ratio 0.628 differs from listed 68x120 cm ratio 0.567 by 10.8%; modelled at 75.4x120.0 cm
os032,grand,caisse-chene,vertical,75.4,120.0,78.2,122.8,3.5,models/os032/os032_grand_caisse-chene.glb,323,models/os032/os032_grand_caisse-chene.usdz,322,44,643x1024,False,resized to 643x1024,os032.jpg,e3ffb77264b08116d1f00b17312affe39fe996c28bc6008be6974b779788bda7,image ratio 0.628 differs from listed 68x120 cm ratio 0.567 by 10.8%; modelled at 75.4x120.0 cm
os032,grand,caisse-noir,vertical,75.4,120.0,78.2,122.8,3.5,models/os032/os032_grand_caisse-noir.glb,293,models/os032/os032_grand_caisse-noir.usdz,292,44,643x1024,False,resized to 643x1024,os032.jpg,e3ffb77264b08116d1f00b17312affe39fe996c28bc6008be6974b779788bda7,image ratio 0.628 differs from listed 68x120 cm ratio 0.567 by 10.8%; modelled at 75.4x120.0 cm
os032,grand,dibond,vertical,75.4,120.0,75.4,120.0,2.3,models/os032/os032_grand_dibond.glb,291,models/os032/os032_grand_dibond.usdz,291,20,643x1024,False,resized to 643x1024,os032.jpg,e3ffb77264b08116d1f00b17312affe39fe996c28bc6008be6974b779788bda7,image ratio 0.628 differs from listed 68x120 cm ratio 0.567 by 10.8%; modelled at 75.4x120.0 cm
os032,moyen,caisse-blanc,vertical,50.2,80.0,53.0,82.8,3.5,models/os032/os032_moyen_caisse-blanc.glb,293,models/os032/os032_moyen_caisse-blanc.usdz,292,44,643x1024,False,resized to 643x1024,os032.jpg,e3ffb77264b08116d1f00b17312affe39fe996c28bc6008be6974b779788bda7,image ratio 0.628 differs from listed 45x80 cm ratio 0.562 by 11.7%; modelled at 50.2x80.0 cm
os032,moyen,caisse-chene,vertical,50.2,80.0,53.0,82.8,3.5,models/os032/os032_moyen_caisse-chene.glb,323,models/os032/os032_moyen_caisse-chene.usdz,322,44,643x1024,False,resized to 643x1024,os032.jpg,e3ffb77264b08116d1f00b17312affe39fe996c28bc6008be6974b779788bda7,image ratio 0.628 differs from listed 45x80 cm ratio 0.562 by 11.7%; modelled at 50.2x80.0 cm
os032,moyen,caisse-noir,vertical,50.2,80.0,53.0,82.8,3.5,models/os032/os032_moyen_caisse-noir.glb,293,models/os032/os032_moyen_caisse-noir.usdz,292,44,643x1024,False,resized to 643x1024,os032.jpg,e3ffb77264b08116d1f00b17312affe39fe996c28bc6008be6974b779788bda7,image ratio 0.628 differs from listed 45x80 cm ratio 0.562 by 11.7%; modelled at 50.2x80.0 cm
os032,moyen,dibond,vertical,50.2,80.0,50.2,80.0,2.3,models/os032/os032_moyen_dibond.glb,291,models/os032/os032_moyen_dibond.usdz,291,20,643x1024,False,resized to 643x1024,os032.jpg,e3ffb77264b08116d1f00b17312affe39fe996c28bc6008be6974b779788bda7,image ratio 0.628 differs from listed 45x80 cm ratio 0.562 by 11.7%; modelled at 50.2x80.0 cm
os032,moyen,passe-partout,vertical,50.2,80.0,70.2,100.0,0.5,models/os032/os032_moyen_passe-partout.glb,292,models/os032/os032_moyen_passe-partout.usdz,292,38,643x1024,False,resized to 643x1024,os032.jpg,e3ffb77264b08116d1f00b17312affe39fe996c28bc6008be6974b779788bda7,image ratio 0.628 differs from listed 45x80 cm ratio 0.562 by 11.7%; modelled at 50.2x80.0 cm
os033,grand,caisse-blanc,vertical,75.4,120.0,78.2,122.8,3.5,models/os033/os033_grand_caisse-blanc.glb,364,models/os033/os033_grand_caisse-blanc.usdz,364,44,643x1024,False,resized to 643x1024,os033.jpg,1429bafb6de5b5093091a5bf2b3b7064c93b0d01554c46948cb9979f301baa78,image ratio 0.628 differs from listed 68x120 cm ratio 0.567 by 10.8%; modelled at 75.4x120.0 cm
os033,grand,caisse-chene,vertical,75.4,120.0,78.2,122.8,3.5,models/os033/os033_grand_caisse-chene.glb,394,models/os033/os033_grand_caisse-chene.usdz,394,44,643x1024,False,resized to 643x1024,os033.jpg,1429bafb6de5b5093091a5bf2b3b7064c93b0d01554c46948cb9979f301baa78,image ratio 0.628 differs from listed 68x120 cm ratio 0.567 by 10.8%; modelled at 75.4x120.0 cm
os033,grand,caisse-noir,vertical,75.4,120.0,78.2,122.8,3.5,models/os033/os033_grand_caisse-noir.glb,364,models/os033/os033_grand_caisse-noir.usdz,364,44,643x1024,False,resized to 643x1024,os033.jpg,1429bafb6de5b5093091a5bf2b3b7064c93b0d01554c46948cb9979f301baa78,image ratio 0.628 differs from listed 68x120 cm ratio 0.567 by 10.8%; modelled at 75.4x120.0 cm
os033,grand,dibond,vertical,75.4,120.0,75.4,120.0,2.3,models/os033/os033_grand_dibond.glb,363,models/os033/os033_grand_dibond.usdz,362,20,643x1024,False,resized to 643x1024,os033.jpg,1429bafb6de5b5093091a5bf2b3b7064c93b0d01554c46948cb9979f301baa78,image ratio 0.628 differs from listed 68x120 cm ratio 0.567 by 10.8%; modelled at 75.4x120.0 cm
os033,moyen,caisse-blanc,vertical,50.2,80.0,53.0,82.8,3.5,models/os033/os033_moyen_caisse-blanc.glb,364,models/os033/os033_moyen_caisse-blanc.usdz,364,44,643x1024,False,resized to 643x1024,os033.jpg,1429bafb6de5b5093091a5bf2b3b7064c93b0d01554c46948cb9979f301baa78,image ratio 0.628 differs from listed 45x80 cm ratio 0.562 by 11.7%; modelled at 50.2x80.0 cm
os033,moyen,caisse-chene,vertical,50.2,80.0,53.0,82.8,3.5,models/os033/os033_moyen_caisse-chene.glb,394,models/os033/os033_moyen_caisse-chene.usdz,394,44,643x1024,False,resized to 643x1024,os033.jpg,1429bafb6de5b5093091a5bf2b3b7064c93b0d01554c46948cb9979f301baa78,image ratio 0.628 differs from listed 45x80 cm ratio 0.562 by 11.7%; modelled at 50.2x80.0 cm
os033,moyen,caisse-noir,vertical,50.2,80.0,53.0,82.8,3.5,models/os033/os033_moyen_caisse-noir.glb,364,models/os033/os033_moyen_caisse-noir.usdz,364,44,643x1024,False,resized to 643x1024,os033.jpg,1429bafb6de5b5093091a5bf2b3b7064c93b0d01554c46948cb9979f301baa78,image ratio 0.628 differs from listed 45x80 cm ratio 0.562 by 11.7%; modelled at 50.2x80.0 cm
os033,moyen,dibond,vertical,50.2,80.0,50.2,80.0,2.3,models/os033/os033_moyen_dibond.glb,363,models/os033/os033_moyen_dibond.usdz,362,20,643x1024,False,resized to 643x1024,os033.jpg,1429bafb6de5b5093091a5bf2b3b7064c93b0d01554c46948cb9979f301baa78,image ratio 0.628 differs from listed 45x80 cm ratio 0.562 by 11.7%; modelled at 50.2x80.0 cm
os033,moyen,passe-partout,vertical,50.2,80.0,70.2,100.0,0.5,models/os033/os033_moyen_passe-partout.glb,364,models/os033/os033_moyen_passe-partout.usdz,363,38,643x1024,False,resized to 643x1024,os033.jpg,1429bafb6de5b5093091a5bf2b3b7064c93b0d01554c46948cb9979f301baa78,image ratio 0.628 differs from listed 45x80 cm ratio 0.562 by 11.7%; modelled at 50.2x80.0 cm
os034,grand,caisse-blanc,vertical,75.4,120.0,78.2,122.8,3.5,models/os034/os034_grand_caisse-blanc.glb,263,models/os034/os034_grand_caisse-blanc.usdz,262,44,643x1024,False,resized to 643x1024,os034.jpg,892e3f270c7e67e4dd9e4d0e54c5d872b944c572368da7f92f221067d290a274,image ratio 0.628 differs from listed 68x120 cm ratio 0.567 by 10.8%; modelled at 75.4x120.0 cm
os034,grand,caisse-chene,vertical,75.4,120.0,78.2,122.8,3.5,models/os034/os034_grand_caisse-chene.glb,293,models/os034/os034_grand_caisse-chene.usdz,292,44,643x1024,False,resized to 643x1024,os034.jpg,892e3f270c7e67e4dd9e4d0e54c5d872b944c572368da7f92f221067d290a274,image ratio 0.628 differs from listed 68x120 cm ratio 0.567 by 10.8%; modelled at 75.4x120.0 cm
os034,grand,caisse-noir,vertical,75.4,120.0,78.2,122.8,3.5,models/os034/os034_grand_caisse-noir.glb,263,models/os034/os034_grand_caisse-noir.usdz,262,44,643x1024,False,resized to 643x1024,os034.jpg,892e3f270c7e67e4dd9e4d0e54c5d872b944c572368da7f92f221067d290a274,image ratio 0.628 differs from listed 68x120 cm ratio 0.567 by 10.8%; modelled at 75.4x120.0 cm
os034,grand,dibond,vertical,75.4,120.0,75.4,120.0,2.3,models/os034/os034_grand_dibond.glb,261,models/os034/os034_grand_dibond.usdz,261,20,643x1024,False,resized to 643x1024,os034.jpg,892e3f270c7e67e4dd9e4d0e54c5d872b944c572368da7f92f221067d290a274,image ratio 0.628 differs from listed 68x120 cm ratio 0.567 by 10.8%; modelled at 75.4x120.0 cm
os034,moyen,caisse-blanc,vertical,50.2,80.0,53.0,82.8,3.5,models/os034/os034_moyen_caisse-blanc.glb,263,models/os034/os034_moyen_caisse-blanc.usdz,262,44,643x1024,False,resized to 643x1024,os034.jpg,892e3f270c7e67e4dd9e4d0e54c5d872b944c572368da7f92f221067d290a274,image ratio 0.628 differs from listed 45x80 cm ratio 0.562 by 11.7%; modelled at 50.2x80.0 cm
os034,moyen,caisse-chene,vertical,50.2,80.0,53.0,82.8,3.5,models/os034/os034_moyen_caisse-chene.glb,293,models/os034/os034_moyen_caisse-chene.usdz,292,44,643x1024,False,resized to 643x1024,os034.jpg,892e3f270c7e67e4dd9e4d0e54c5d872b944c572368da7f92f221067d290a274,image ratio 0.628 differs from listed 45x80 cm ratio 0.562 by 11.7%; modelled at 50.2x80.0 cm
os034,moyen,caisse-noir,vertical,50.2,80.0,53.0,82.8,3.5,models/os034/os034_moyen_caisse-noir.glb,263,models/os034/os034_moyen_caisse-noir.usdz,262,44,643x1024,False,resized to 643x1024,os034.jpg,892e3f270c7e67e4dd9e4d0e54c5d872b944c572368da7f92f221067d290a274,image ratio 0.628 differs from listed 45x80 cm ratio 0.562 by 11.7%; modelled at 50.2x80.0 cm
os034,moyen,dibond,vertical,50.2,80.0,50.2,80.0,2.3,models/os034/os034_moyen_dibond.glb,261,models/os034/os034_moyen_dibond.usdz,261,20,643x1024,False,resized to 643x1024,os034.jpg,892e3f270c7e67e4dd9e4d0e54c5d872b944c572368da7f92f221067d290a274,image ratio 0.628 differs from listed 45x80 cm ratio 0.562 by 11.7%; modelled at 50.2x80.0 cm
os034,moyen,passe-partout,vertical,50.2,80.0,70.2,100.0,0.5,models/os034/os034_moyen_passe-partout.glb,262,models/os034/os034_moyen_passe-partout.usdz,262,38,643x1024,False,resized to 643x1024,os034.jpg,892e3f270c7e67e4dd9e4d0e54c5d872b944c572368da7f92f221067d290a274,image ratio 0.628 differs from listed 45x80 cm ratio 0.562 by 11.7%; modelled at 50.2x80.0 cm
os035,grand,caisse-blanc,vertical,75.3,120.0,78.1,122.8,3.5,models/os035/os035_grand_caisse-blanc.glb,327,models/os035/os035_grand_caisse-blanc.usdz,326,44,642x1024,False,resized to 642x1024,os035.jpg,88be3ef8274708d66eba0f373503c1aed6bc08832ef415890d8b328f57ac935e,image ratio 0.627 differs from listed 68x120 cm ratio 0.567 by 10.7%; modelled at 75.3x120.0 cm
os035,grand,caisse-chene,vertical,75.3,120.0,78.1,122.8,3.5,models/os035/os035_grand_caisse-chene.glb,357,models/os035/os035_grand_caisse-chene.usdz,356,44,642x1024,False,resized to 642x1024,os035.jpg,88be3ef8274708d66eba0f373503c1aed6bc08832ef415890d8b328f57ac935e,image ratio 0.627 differs from listed 68x120 cm ratio 0.567 by 10.7%; modelled at 75.3x120.0 cm
os035,grand,caisse-noir,vertical,75.3,120.0,78.1,122.8,3.5,models/os035/os035_grand_caisse-noir.glb,327,models/os035/os035_grand_caisse-noir.usdz,326,44,642x1024,False,resized to 642x1024,os035.jpg,88be3ef8274708d66eba0f373503c1aed6bc08832ef415890d8b328f57ac935e,image ratio 0.627 differs from listed 68x120 cm ratio 0.567 by 10.7%; modelled at 75.3x120.0 cm
os035,grand,dibond,vertical,75.3,120.0,75.3,120.0,2.3,models/os035/os035_grand_dibond.glb,325,models/os035/os035_grand_dibond.usdz,325,20,642x1024,False,resized to 642x1024,os035.jpg,88be3ef8274708d66eba0f373503c1aed6bc08832ef415890d8b328f57ac935e,image ratio 0.627 differs from listed 68x120 cm ratio 0.567 by 10.7%; modelled at 75.3x120.0 cm
os035,moyen,caisse-blanc,vertical,50.2,80.0,53.0,82.8,3.5,models/os035/os035_moyen_caisse-blanc.glb,327,models/os035/os035_moyen_caisse-blanc.usdz,326,44,642x1024,False,resized to 642x1024,os035.jpg,88be3ef8274708d66eba0f373503c1aed6bc08832ef415890d8b328f57ac935e,image ratio 0.627 differs from listed 45x80 cm ratio 0.562 by 11.5%; modelled at 50.2x80.0 cm
os035,moyen,caisse-chene,vertical,50.2,80.0,53.0,82.8,3.5,models/os035/os035_moyen_caisse-chene.glb,357,models/os035/os035_moyen_caisse-chene.usdz,356,44,642x1024,False,resized to 642x1024,os035.jpg,88be3ef8274708d66eba0f373503c1aed6bc08832ef415890d8b328f57ac935e,image ratio 0.627 differs from listed 45x80 cm ratio 0.562 by 11.5%; modelled at 50.2x80.0 cm
os035,moyen,caisse-noir,vertical,50.2,80.0,53.0,82.8,3.5,models/os035/os035_moyen_caisse-noir.glb,327,models/os035/os035_moyen_caisse-noir.usdz,326,44,642x1024,False,resized to 642x1024,os035.jpg,88be3ef8274708d66eba0f373503c1aed6bc08832ef415890d8b328f57ac935e,image ratio 0.627 differs from listed 45x80 cm ratio 0.562 by 11.5%; modelled at 50.2x80.0 cm
os035,moyen,dibond,vertical,50.2,80.0,50.2,80.0,2.3,models/os035/os035_moyen_dibond.glb,325,models/os035/os035_moyen_dibond.usdz,325,20,642x1024,False,resized to 642x1024,os035.jpg,88be3ef8274708d66eba0f373503c1aed6bc08832ef415890d8b328f57ac935e,image ratio 0.627 differs from listed 45x80 cm ratio 0.562 by 11.5%; modelled at 50.2x80.0 cm
os035,moyen,passe-partout,vertical,50.2,80.0,70.2,100.0,0.5,models/os035/os035_moyen_passe-partout.glb,326,models/os035/os035_moyen_passe-partout.usdz,326,38,642x1024,False,resized to 642x1024,os035.jpg,88be3ef8274708d66eba0f373503c1aed6bc08832ef415890d8b328f57ac935e,image ratio 0.627 differs from listed 45x80 cm ratio 0.562 by 11.5%; modelled at 50.2x80.0 cm
os041,grand,caisse-blanc,vertical,75.4,120.0,78.2,122.8,3.5,models/os041/os041_grand_caisse-blanc.glb,352,models/os041/os041_grand_caisse-blanc.usdz,352,44,643x1024,False,resized to 643x1024,os041.jpg,d8db58e517309ba37e96898c00d71cb0c80efdc675a9a7d06737358d5ba72c1f,image ratio 0.628 differs from listed 68x120 cm ratio 0.567 by 10.8%; modelled at 75.4x120.0 cm
os041,grand,caisse-chene,vertical,75.4,120.0,78.2,122.8,3.5,models/os041/os041_grand_caisse-chene.glb,382,models/os041/os041_grand_caisse-chene.usdz,382,44,643x1024,False,resized to 643x1024,os041.jpg,d8db58e517309ba37e96898c00d71cb0c80efdc675a9a7d06737358d5ba72c1f,image ratio 0.628 differs from listed 68x120 cm ratio 0.567 by 10.8%; modelled at 75.4x120.0 cm
os041,grand,caisse-noir,vertical,75.4,120.0,78.2,122.8,3.5,models/os041/os041_grand_caisse-noir.glb,352,models/os041/os041_grand_caisse-noir.usdz,352,44,643x1024,False,resized to 643x1024,os041.jpg,d8db58e517309ba37e96898c00d71cb0c80efdc675a9a7d06737358d5ba72c1f,image ratio 0.628 differs from listed 68x120 cm ratio 0.567 by 10.8%; modelled at 75.4x120.0 cm
os041,grand,dibond,vertical,75.4,120.0,75.4,120.0,2.3,models/os041/os041_grand_dibond.glb,350,models/os041/os041_grand_dibond.usdz,350,20,643x1024,False,resized to 643x1024,os041.jpg,d8db58e517309ba37e96898c00d71cb0c80efdc675a9a7d06737358d5ba72c1f,image ratio 0.628 differs from listed 68x120 cm ratio 0.567 by 10.8%; modelled at 75.4x120.0 cm
os041,moyen,caisse-blanc,vertical,50.2,80.0,53.0,82.8,3.5,models/os041/os041_moyen_caisse-blanc.glb,352,models/os041/os041_moyen_caisse-blanc.usdz,352,44,643x1024,False,resized to 643x1024,os041.jpg,d8db58e517309ba37e96898c00d71cb0c80efdc675a9a7d06737358d5ba72c1f,image ratio 0.628 differs from listed 45x80 cm ratio 0.562 by 11.7%; modelled at 50.2x80.0 cm
os041,moyen,caisse-chene,vertical,50.2,80.0,53.0,82.8,3.5,models/os041/os041_moyen_caisse-chene.glb,382,models/os041/os041_moyen_caisse-chene.usdz,382,44,643x1024,False,resized to 643x1024,os041.jpg,d8db58e517309ba37e96898c00d71cb0c80efdc675a9a7d06737358d5ba72c1f,image ratio 0.628 differs from listed 45x80 cm ratio 0.562 by 11.7%; modelled at 50.2x80.0 cm
os041,moyen,caisse-noir,vertical,50.2,80.0,53.0,82.8,3.5,models/os041/os041_moyen_caisse-noir.glb,352,models/os041/os041_moyen_caisse-noir.usdz,352,44,643x1024,False,resized to 643x1024,os041.jpg,d8db58e517309ba37e96898c00d71cb0c80efdc675a9a7d06737358d5ba72c1f,image ratio 0.628 differs from listed 45x80 cm ratio 0.562 by 11.7%; modelled at 50.2x80.0 cm
os041,moyen,dibond,vertical,50.2,80.0,50.2,80.0,2.3,models/os041/os041_moyen_dibond.glb,350,models/os041/os041_moyen_dibond.usdz,350,20,643x1024,False,resized to 643x1024,os041.jpg,d8db58e517309ba37e96898c00d71cb0c80efdc675a9a7d06737358d5ba72c1f,image ratio 0.628 differs from listed 45x80 cm ratio 0.562 by 11.7%; modelled at 50.2x80.0 cm
os041,moyen,passe-partout,vertical,50.2,80.0,70.2,100.0,0.5,models/os041/os041_moyen_passe-partout.glb,352,models/os041/os041_moyen_passe-partout.usdz,351,38,643x1024,False,resized to 643x1024,os041.jpg,d8db58e517309ba37e96898c00d71cb0c80efdc675a9a7d06737358d5ba72c1f,image ratio 0.628 differs from listed 45x80 cm ratio 0.562 by 11.7%; modelled at 50.2x80.0 cm
va015,grand,caisse-blanc,carre,100.0,100.0,102.8,102.8,3.5,models/va015/va015_grand_caisse-blanc.glb,383,models/va015/va015_grand_caisse-blanc.usdz,382,44,1024x1024,False,resized to 1024x1024,va015.jpg,2d5b53de65ed7f47ee9d94f424ab7aa0b055eefdbe4b7fcd281ede65469f3a7f,
va015,grand,caisse-chene,carre,100.0,100.0,102.8,102.8,3.5,models/va015/va015_grand_caisse-chene.glb,413,models/va015/va015_grand_caisse-chene.usdz,412,44,1024x1024,False,resized to 1024x1024,va015.jpg,2d5b53de65ed7f47ee9d94f424ab7aa0b055eefdbe4b7fcd281ede65469f3a7f,
va015,grand,caisse-noir,carre,100.0,100.0,102.8,102.8,3.5,models/va015/va015_grand_caisse-noir.glb,383,models/va015/va015_grand_caisse-noir.usdz,382,44,1024x1024,False,resized to 1024x1024,va015.jpg,2d5b53de65ed7f47ee9d94f424ab7aa0b055eefdbe4b7fcd281ede65469f3a7f,
va015,grand,dibond,carre,100.0,100.0,100.0,100.0,2.3,models/va015/va015_grand_dibond.glb,381,models/va015/va015_grand_dibond.usdz,381,20,1024x1024,False,resized to 1024x1024,va015.jpg,2d5b53de65ed7f47ee9d94f424ab7aa0b055eefdbe4b7fcd281ede65469f3a7f,
va015,moyen,caisse-blanc,carre,60.0,60.0,62.8,62.8,3.5,models/va015/va015_moyen_caisse-blanc.glb,383,models/va015/va015_moyen_caisse-blanc.usdz,382,44,1024x1024,False,resized to 1024x1024,va015.jpg,2d5b53de65ed7f47ee9d94f424ab7aa0b055eefdbe4b7fcd281ede65469f3a7f,
va015,moyen,caisse-chene,carre,60.0,60.0,62.8,62.8,3.5,models/va015/va015_moyen_caisse-chene.glb,413,models/va015/va015_moyen_caisse-chene.usdz,412,44,1024x1024,False,resized to 1024x1024,va015.jpg,2d5b53de65ed7f47ee9d94f424ab7aa0b055eefdbe4b7fcd281ede65469f3a7f,
va015,moyen,caisse-noir,carre,60.0,60.0,62.8,62.8,3.5,models/va015/va015_moyen_caisse-noir.glb,383,models/va015/va015_moyen_caisse-noir.usdz,382,44,1024x1024,False,resized to 1024x1024,va015.jpg,2d5b53de65ed7f47ee9d94f424ab7aa0b055eefdbe4b7fcd281ede65469f3a7f,
va015,moyen,dibond,carre,60.0,60.0,60.0,60.0,2.3,models/va015/va015_moyen_dibond.glb,381,models/va015/va015_moyen_dibond.usdz,381,20,1024x1024,False,resized to 1024x1024,va015.jpg,2d5b53de65ed7f47ee9d94f424ab7aa0b055eefdbe4b7fcd281ede65469f3a7f,
va015,moyen,passe-partout,carre,60.0,60.0,80.0,80.0,0.5,models/va015/va015_moyen_passe-partout.glb,382,models/va015/va015_moyen_passe-partout.usdz,382,38,1024x1024,False,resized to 1024x1024,va015.jpg,2d5b53de65ed7f47ee9d94f424ab7aa0b055eefdbe4b7fcd281ede65469f3a7f,
va024,grand,caisse-blanc,carre,100.0,100.0,102.8,102.8,3.5,models/va024/va024_grand_caisse-blanc.glb,284,models/va024/va024_grand_caisse-blanc.usdz,284,44,1024x1024,False,resized to 1024x1024,va024.jpg,664fd0c5a58d4b1f6456e5db276eaa80944ae2830c80bdf7d5a35bc958f2fcdb,
va024,grand,caisse-chene,carre,100.0,100.0,102.8,102.8,3.5,models/va024/va024_grand_caisse-chene.glb,314,models/va024/va024_grand_caisse-chene.usdz,314,44,1024x1024,False,resized to 1024x1024,va024.jpg,664fd0c5a58d4b1f6456e5db276eaa80944ae2830c80bdf7d5a35bc958f2fcdb,
va024,grand,caisse-noir,carre,100.0,100.0,102.8,102.8,3.5,models/va024/va024_grand_caisse-noir.glb,284,models/va024/va024_grand_caisse-noir.usdz,284,44,1024x1024,False,resized to 1024x1024,va024.jpg,664fd0c5a58d4b1f6456e5db276eaa80944ae2830c80bdf7d5a35bc958f2fcdb,
va024,grand,dibond,carre,100.0,100.0,100.0,100.0,2.3,models/va024/va024_grand_dibond.glb,282,models/va024/va024_grand_dibond.usdz,282,20,1024x1024,False,resized to 1024x1024,va024.jpg,664fd0c5a58d4b1f6456e5db276eaa80944ae2830c80bdf7d5a35bc958f2fcdb,
va024,moyen,caisse-blanc,carre,60.0,60.0,62.8,62.8,3.5,models/va024/va024_moyen_caisse-blanc.glb,284,models/va024/va024_moyen_caisse-blanc.usdz,284,44,1024x1024,False,resized to 1024x1024,va024.jpg,664fd0c5a58d4b1f6456e5db276eaa80944ae2830c80bdf7d5a35bc958f2fcdb,
va024,moyen,caisse-chene,carre,60.0,60.0,62.8,62.8,3.5,models/va024/va024_moyen_caisse-chene.glb,314,models/va024/va024_moyen_caisse-chene.usdz,314,44,1024x1024,False,resized to 1024x1024,va024.jpg,664fd0c5a58d4b1f6456e5db276eaa80944ae2830c80bdf7d5a35bc958f2fcdb,
va024,moyen,caisse-noir,carre,60.0,60.0,62.8,62.8,3.5,models/va024/va024_moyen_caisse-noir.glb,284,models/va024/va024_moyen_caisse-noir.usdz,284,44,1024x1024,False,resized to 1024x1024,va024.jpg,664fd0c5a58d4b1f6456e5db276eaa80944ae2830c80bdf7d5a35bc958f2fcdb,
va024,moyen,dibond,carre,60.0,60.0,60.0,60.0,2.3,models/va024/va024_moyen_dibond.glb,282,models/va024/va024_moyen_dibond.usdz,282,20,1024x1024,False,resized to 1024x1024,va024.jpg,664fd0c5a58d4b1f6456e5db276eaa80944ae2830c80bdf7d5a35bc958f2fcdb,
va024,moyen,passe-partout,carre,60.0,60.0,80.0,80.0,0.5,models/va024/va024_moyen_passe-partout.glb,284,models/va024/va024_moyen_passe-partout.usdz,283,38,1024x1024,False,resized to 1024x1024,va024.jpg,664fd0c5a58d4b1f6456e5db276eaa80944ae2830c80bdf7d5a35bc958f2fcdb,
va025,grand,caisse-blanc,carre,100.0,100.0,102.8,102.8,3.5,models/va025/va025_grand_caisse-blanc.glb,436,models/va025/va025_grand_caisse-blanc.usdz,436,44,1024x1024,False,resized to 1024x1024,va025.jpg,3471636d35f7083272940a2a98e3e65841a2372b2497d22a5e9d77821708803f,
va025,grand,caisse-chene,carre,100.0,100.0,102.8,102.8,3.5,models/va025/va025_grand_caisse-chene.glb,466,models/va025/va025_grand_caisse-chene.usdz,466,44,1024x1024,False,resized to 1024x1024,va025.jpg,3471636d35f7083272940a2a98e3e65841a2372b2497d22a5e9d77821708803f,
va025,grand,caisse-noir,carre,100.0,100.0,102.8,102.8,3.5,models/va025/va025_grand_caisse-noir.glb,436,models/va025/va025_grand_caisse-noir.usdz,436,44,1024x1024,False,resized to 1024x1024,va025.jpg,3471636d35f7083272940a2a98e3e65841a2372b2497d22a5e9d77821708803f,
va025,grand,dibond,carre,100.0,100.0,100.0,100.0,2.3,models/va025/va025_grand_dibond.glb,434,models/va025/va025_grand_dibond.usdz,434,20,1024x1024,False,resized to 1024x1024,va025.jpg,3471636d35f7083272940a2a98e3e65841a2372b2497d22a5e9d77821708803f,
va025,moyen,caisse-blanc,carre,60.0,60.0,62.8,62.8,3.5,models/va025/va025_moyen_caisse-blanc.glb,436,models/va025/va025_moyen_caisse-blanc.usdz,436,44,1024x1024,False,resized to 1024x1024,va025.jpg,3471636d35f7083272940a2a98e3e65841a2372b2497d22a5e9d77821708803f,
va025,moyen,caisse-chene,carre,60.0,60.0,62.8,62.8,3.5,models/va025/va025_moyen_caisse-chene.glb,466,models/va025/va025_moyen_caisse-chene.usdz,466,44,1024x1024,False,resized to 1024x1024,va025.jpg,3471636d35f7083272940a2a98e3e65841a2372b2497d22a5e9d77821708803f,
va025,moyen,caisse-noir,carre,60.0,60.0,62.8,62.8,3.5,models/va025/va025_moyen_caisse-noir.glb,436,models/va025/va025_moyen_caisse-noir.usdz,436,44,1024x1024,False,resized to 1024x1024,va025.jpg,3471636d35f7083272940a2a98e3e65841a2372b2497d22a5e9d77821708803f,
va025,moyen,dibond,carre,60.0,60.0,60.0,60.0,2.3,models/va025/va025_moyen_dibond.glb,434,models/va025/va025_moyen_dibond.usdz,434,20,1024x1024,False,resized to 1024x1024,va025.jpg,3471636d35f7083272940a2a98e3e65841a2372b2497d22a5e9d77821708803f,
va025,moyen,passe-partout,carre,60.0,60.0,80.0,80.0,0.5,models/va025/va025_moyen_passe-partout.glb,436,models/va025/va025_moyen_passe-partout.usdz,435,38,1024x1024,False,resized to 1024x1024,va025.jpg,3471636d35f7083272940a2a98e3e65841a2372b2497d22a5e9d77821708803f,
va036,grand,caisse-blanc,carre,100.0,100.0,102.8,102.8,3.5,models/va036/va036_grand_caisse-blanc.glb,502,models/va036/va036_grand_caisse-blanc.usdz,502,44,1024x1024,False,resized to 1024x1024,va036.jpg,1091f069113ae5fd15b96a1be9391c878b499c49a1ff99d709f9f4be038c0446,
va036,grand,caisse-chene,carre,100.0,100.0,102.8,102.8,3.5,models/va036/va036_grand_caisse-chene.glb,532,models/va036/va036_grand_caisse-chene.usdz,532,44,1024x1024,False,resized to 1024x1024,va036.jpg,1091f069113ae5fd15b96a1be9391c878b499c49a1ff99d709f9f4be038c0446,
va036,grand,caisse-noir,carre,100.0,100.0,102.8,102.8,3.5,models/va036/va036_grand_caisse-noir.glb,502,models/va036/va036_grand_caisse-noir.usdz,502,44,1024x1024,False,resized to 1024x1024,va036.jpg,1091f069113ae5fd15b96a1be9391c878b499c49a1ff99d709f9f4be038c0446,
va036,grand,dibond,carre,100.0,100.0,100.0,100.0,2.3,models/va036/va036_grand_dibond.glb,500,models/va036/va036_grand_dibond.usdz,500,20,1024x1024,False,resized to 1024x1024,va036.jpg,1091f069113ae5fd15b96a1be9391c878b499c49a1ff99d709f9f4be038c0446,
va036,moyen,caisse-blanc,carre,60.0,60.0,62.8,62.8,3.5,models/va036/va036_moyen_caisse-blanc.glb,502,models/va036/va036_moyen_caisse-blanc.usdz,502,44,1024x1024,False,resized to 1024x1024,va036.jpg,1091f069113ae5fd15b96a1be9391c878b499c49a1ff99d709f9f4be038c0446,
va036,moyen,caisse-chene,carre,60.0,60.0,62.8,62.8,3.5,models/va036/va036_moyen_caisse-chene.glb,532,models/va036/va036_moyen_caisse-chene.usdz,532,44,1024x1024,False,resized to 1024x1024,va036.jpg,1091f069113ae5fd15b96a1be9391c878b499c49a1ff99d709f9f4be038c0446,
va036,moyen,caisse-noir,carre,60.0,60.0,62.8,62.8,3.5,models/va036/va036_moyen_caisse-noir.glb,502,models/va036/va036_moyen_caisse-noir.usdz,502,44,1024x1024,False,resized to 1024x1024,va036.jpg,1091f069113ae5fd15b96a1be9391c878b499c49a1ff99d709f9f4be038c0446,
va036,moyen,dibond,carre,60.0,60.0,60.0,60.0,2.3,models/va036/va036_moyen_dibond.glb,501,models/va036/va036_moyen_dibond.usdz,500,20,1024x1024,False,resized to 1024x1024,va036.jpg,1091f069113ae5fd15b96a1be9391c878b499c49a1ff99d709f9f4be038c0446,
va036,moyen,passe-partout,carre,60.0,60.0,80.0,80.0,0.5,models/va036/va036_moyen_passe-partout.glb,502,models/va036/va036_moyen_passe-partout.usdz,501,38,1024x1024,False,resized to 1024x1024,va036.jpg,1091f069113ae5fd15b96a1be9391c878b499c49a1ff99d709f9f4be038c0446,
va043,grand,caisse-blanc,carre,100.0,100.0,102.8,102.8,3.5,models/va043/va043_grand_caisse-blanc.glb,327,models/va043/va043_grand_caisse-blanc.usdz,326,44,1024x1024,False,resized to 1024x1024,va043.jpg,48473fa7ad7355e3adec50a44ffe653950fade67f3347d1a815ea68263c6586e,
va043,grand,caisse-chene,carre,100.0,100.0,102.8,102.8,3.5,models/va043/va043_grand_caisse-chene.glb,357,models/va043/va043_grand_caisse-chene.usdz,356,44,1024x1024,False,resized to 1024x1024,va043.jpg,48473fa7ad7355e3adec50a44ffe653950fade67f3347d1a815ea68263c6586e,
va043,grand,caisse-noir,carre,100.0,100.0,102.8,102.8,3.5,models/va043/va043_grand_caisse-noir.glb,327,models/va043/va043_grand_caisse-noir.usdz,326,44,1024x1024,False,resized to 1024x1024,va043.jpg,48473fa7ad7355e3adec50a44ffe653950fade67f3347d1a815ea68263c6586e,
va043,grand,dibond,carre,100.0,100.0,100.0,100.0,2.3,models/va043/va043_grand_dibond.glb,325,models/va043/va043_grand_dibond.usdz,324,20,1024x1024,False,resized to 1024x1024,va043.jpg,48473fa7ad7355e3adec50a44ffe653950fade67f3347d1a815ea68263c6586e,
va043,moyen,caisse-blanc,carre,60.0,60.0,62.8,62.8,3.5,models/va043/va043_moyen_caisse-blanc.glb,327,models/va043/va043_moyen_caisse-blanc.usdz,326,44,1024x1024,False,resized to 1024x1024,va043.jpg,48473fa7ad7355e3adec50a44ffe653950fade67f3347d1a815ea68263c6586e,
va043,moyen,caisse-chene,carre,60.0,60.0,62.8,62.8,3.5,models/va043/va043_moyen_caisse-chene.glb,357,models/va043/va043_moyen_caisse-chene.usdz,356,44,1024x1024,False,resized to 1024x1024,va043.jpg,48473fa7ad7355e3adec50a44ffe653950fade67f3347d1a815ea68263c6586e,
va043,moyen,caisse-noir,carre,60.0,60.0,62.8,62.8,3.5,models/va043/va043_moyen_caisse-noir.glb,327,models/va043/va043_moyen_caisse-noir.usdz,326,44,1024x1024,False,resized to 1024x1024,va043.jpg,48473fa7ad7355e3adec50a44ffe653950fade67f3347d1a815ea68263c6586e,
va043,moyen,dibond,carre,60.0,60.0,60.0,60.0,2.3,models/va043/va043_moyen_dibond.glb,325,models/va043/va043_moyen_dibond.usdz,324,20,1024x1024,False,resized to 1024x1024,va043.jpg,48473fa7ad7355e3adec50a44ffe653950fade67f3347d1a815ea68263c6586e,
va043,moyen,passe-partout,carre,60.0,60.0,80.0,80.0,0.5,models/va043/va043_moyen_passe-partout.glb,326,models/va043/va043_moyen_passe-partout.usdz,326,38,1024x1024,False,resized to 1024x1024,va043.jpg,48473fa7ad7355e3adec50a44ffe653950fade67f3347d1a815ea68263c6586e,
va078,grand,caisse-blanc,carre,100.0,100.0,102.8,102.8,3.5,models/va078/va078_grand_caisse-blanc.glb,286,models/va078/va078_grand_caisse-blanc.usdz,285,44,1024x1024,False,resized to 1024x1024,va078.jpg,715ebcb78d47cd65a7b3e4d042960b3d2dbe244c98a3b2036d027835e2ca289a,
va078,grand,caisse-chene,carre,100.0,100.0,102.8,102.8,3.5,models/va078/va078_grand_caisse-chene.glb,316,models/va078/va078_grand_caisse-chene.usdz,316,44,1024x1024,False,resized to 1024x1024,va078.jpg,715ebcb78d47cd65a7b3e4d042960b3d2dbe244c98a3b2036d027835e2ca289a,
va078,grand,caisse-noir,carre,100.0,100.0,102.8,102.8,3.5,models/va078/va078_grand_caisse-noir.glb,286,models/va078/va078_grand_caisse-noir.usdz,285,44,1024x1024,False,resized to 1024x1024,va078.jpg,715ebcb78d47cd65a7b3e4d042960b3d2dbe244c98a3b2036d027835e2ca289a,
va078,grand,dibond,carre,100.0,100.0,100.0,100.0,2.3,models/va078/va078_grand_dibond.glb,284,models/va078/va078_grand_dibond.usdz,284,20,1024x1024,False,resized to 1024x1024,va078.jpg,715ebcb78d47cd65a7b3e4d042960b3d2dbe244c98a3b2036d027835e2ca289a,
va078,moyen,caisse-blanc,carre,60.0,60.0,62.8,62.8,3.5,models/va078/va078_moyen_caisse-blanc.glb,286,models/va078/va078_moyen_caisse-blanc.usdz,285,44,1024x1024,False,resized to 1024x1024,va078.jpg,715ebcb78d47cd65a7b3e4d042960b3d2dbe244c98a3b2036d027835e2ca289a,
va078,moyen,caisse-chene,carre,60.0,60.0,62.8,62.8,3.5,models/va078/va078_moyen_caisse-chene.glb,316,models/va078/va078_moyen_caisse-chene.usdz,316,44,1024x1024,False,resized to 1024x1024,va078.jpg,715ebcb78d47cd65a7b3e4d042960b3d2dbe244c98a3b2036d027835e2ca289a,
va078,moyen,caisse-noir,carre,60.0,60.0,62.8,62.8,3.5,models/va078/va078_moyen_caisse-noir.glb,286,models/va078/va078_moyen_caisse-noir.usdz,285,44,1024x1024,False,resized to 1024x1024,va078.jpg,715ebcb78d47cd65a7b3e4d042960b3d2dbe244c98a3b2036d027835e2ca289a,
va078,moyen,dibond,carre,60.0,60.0,60.0,60.0,2.3,models/va078/va078_moyen_dibond.glb,284,models/va078/va078_moyen_dibond.usdz,284,20,1024x1024,False,resized to 1024x1024,va078.jpg,715ebcb78d47cd65a7b3e4d042960b3d2dbe244c98a3b2036d027835e2ca289a,
va078,moyen,passe-partout,carre,60.0,60.0,80.0,80.0,0.5,models/va078/va078_moyen_passe-partout.glb,286,models/va078/va078_moyen_passe-partout.usdz,285,38,1024x1024,False,resized to 1024x1024,va078.jpg,715ebcb78d47cd65a7b3e4d042960b3d2dbe244c98a3b2036d027835e2ca289a,
va100,grand,caisse-blanc,carre,100.0,100.0,102.8,102.8,3.5,models/va100/va100_grand_caisse-blanc.glb,395,models/va100/va100_grand_caisse-blanc.usdz,395,44,1024x1024,False,resized to 1024x1024,va100.jpg,72db4ef4f963d6010aac5e64ad20926a0bad29d0ea73ad5fc0a5e042565719cf,
va100,grand,caisse-chene,carre,100.0,100.0,102.8,102.8,3.5,models/va100/va100_grand_caisse-chene.glb,425,models/va100/va100_grand_caisse-chene.usdz,425,44,1024x1024,False,resized to 1024x1024,va100.jpg,72db4ef4f963d6010aac5e64ad20926a0bad29d0ea73ad5fc0a5e042565719cf,
va100,grand,caisse-noir,carre,100.0,100.0,102.8,102.8,3.5,models/va100/va100_grand_caisse-noir.glb,395,models/va100/va100_grand_caisse-noir.usdz,395,44,1024x1024,False,resized to 1024x1024,va100.jpg,72db4ef4f963d6010aac5e64ad20926a0bad29d0ea73ad5fc0a5e042565719cf,
va100,grand,dibond,carre,100.0,100.0,100.0,100.0,2.3,models/va100/va100_grand_dibond.glb,394,models/va100/va100_grand_dibond.usdz,393,20,1024x1024,False,resized to 1024x1024,va100.jpg,72db4ef4f963d6010aac5e64ad20926a0bad29d0ea73ad5fc0a5e042565719cf,
va100,moyen,caisse-blanc,carre,60.0,60.0,62.8,62.8,3.5,models/va100/va100_moyen_caisse-blanc.glb,396,models/va100/va100_moyen_caisse-blanc.usdz,395,44,1024x1024,False,resized to 1024x1024,va100.jpg,72db4ef4f963d6010aac5e64ad20926a0bad29d0ea73ad5fc0a5e042565719cf,
va100,moyen,caisse-chene,carre,60.0,60.0,62.8,62.8,3.5,models/va100/va100_moyen_caisse-chene.glb,425,models/va100/va100_moyen_caisse-chene.usdz,425,44,1024x1024,False,resized to 1024x1024,va100.jpg,72db4ef4f963d6010aac5e64ad20926a0bad29d0ea73ad5fc0a5e042565719cf,
va100,moyen,caisse-noir,carre,60.0,60.0,62.8,62.8,3.5,models/va100/va100_moyen_caisse-noir.glb,396,models/va100/va100_moyen_caisse-noir.usdz,395,44,1024x1024,False,resized to 1024x1024,va100.jpg,72db4ef4f963d6010aac5e64ad20926a0bad29d0ea73ad5fc0a5e042565719cf,
va100,moyen,dibond,carre,60.0,60.0,60.0,60.0,2.3,models/va100/va100_moyen_dibond.glb,394,models/va100/va100_moyen_dibond.usdz,393,20,1024x1024,False,resized to 1024x1024,va100.jpg,72db4ef4f963d6010aac5e64ad20926a0bad29d0ea73ad5fc0a5e042565719cf,
va100,moyen,passe-partout,carre,60.0,60.0,80.0,80.0,0.5,models/va100/va100_moyen_passe-partout.glb,395,models/va100/va100_moyen_passe-partout.usdz,395,38,1024x1024,False,resized to 1024x1024,va100.jpg,72db4ef4f963d6010aac5e64ad20926a0bad29d0ea73ad5fc0a5e042565719cf,
va107,grand,caisse-blanc,carre,100.0,100.0,102.8,102.8,3.5,models/va107/va107_grand_caisse-blanc.glb,540,models/va107/va107_grand_caisse-blanc.usdz,540,44,1024x1024,False,resized to 1024x1024,va107.jpg,69b9f48590241c09379f53da2642cca63f6d89d292409c8d331bec5f3cd4e91e,
va107,grand,caisse-chene,carre,100.0,100.0,102.8,102.8,3.5,models/va107/va107_grand_caisse-chene.glb,570,models/va107/va107_grand_caisse-chene.usdz,570,44,1024x1024,False,resized to 1024x1024,va107.jpg,69b9f48590241c09379f53da2642cca63f6d89d292409c8d331bec5f3cd4e91e,
va107,grand,caisse-noir,carre,100.0,100.0,102.8,102.8,3.5,models/va107/va107_grand_caisse-noir.glb,540,models/va107/va107_grand_caisse-noir.usdz,540,44,1024x1024,False,resized to 1024x1024,va107.jpg,69b9f48590241c09379f53da2642cca63f6d89d292409c8d331bec5f3cd4e91e,
va107,grand,dibond,carre,100.0,100.0,100.0,100.0,2.3,models/va107/va107_grand_dibond.glb,538,models/va107/va107_grand_dibond.usdz,538,20,1024x1024,False,resized to 1024x1024,va107.jpg,69b9f48590241c09379f53da2642cca63f6d89d292409c8d331bec5f3cd4e91e,
va107,moyen,caisse-blanc,carre,60.0,60.0,62.8,62.8,3.5,models/va107/va107_moyen_caisse-blanc.glb,540,models/va107/va107_moyen_caisse-blanc.usdz,540,44,1024x1024,False,resized to 1024x1024,va107.jpg,69b9f48590241c09379f53da2642cca63f6d89d292409c8d331bec5f3cd4e91e,
va107,moyen,caisse-chene,carre,60.0,60.0,62.8,62.8,3.5,models/va107/va107_moyen_caisse-chene.glb,570,models/va107/va107_moyen_caisse-chene.usdz,570,44,1024x1024,False,resized to 1024x1024,va107.jpg,69b9f48590241c09379f53da2642cca63f6d89d292409c8d331bec5f3cd4e91e,
va107,moyen,caisse-noir,carre,60.0,60.0,62.8,62.8,3.5,models/va107/va107_moyen_caisse-noir.glb,540,models/va107/va107_moyen_caisse-noir.usdz,540,44,1024x1024,False,resized to 1024x1024,va107.jpg,69b9f48590241c09379f53da2642cca63f6d89d292409c8d331bec5f3cd4e91e,
va107,moyen,dibond,carre,60.0,60.0,60.0,60.0,2.3,models/va107/va107_moyen_dibond.glb,538,models/va107/va107_moyen_dibond.usdz,538,20,1024x1024,False,resized to 1024x1024,va107.jpg,69b9f48590241c09379f53da2642cca63f6d89d292409c8d331bec5f3cd4e91e,
va107,moyen,passe-partout,carre,60.0,60.0,80.0,80.0,0.5,models/va107/va107_moyen_passe-partout.glb,540,models/va107/va107_moyen_passe-partout.usdz,539,38,1024x1024,False,resized to 1024x1024,va107.jpg,69b9f48590241c09379f53da2642cca63f6d89d292409c8d331bec5f3cd4e91e,
va119,grand,caisse-blanc,carre,100.0,100.0,102.8,102.8,3.5,models/va119/va119_grand_caisse-blanc.glb,254,models/va119/va119_grand_caisse-blanc.usdz,254,44,1024x1024,False,resized to 1024x1024,va119.jpg,373845e7e78a77daede6683167747108e0a4b139343bb08405a0833e2d07f63b,
va119,grand,caisse-chene,carre,100.0,100.0,102.8,102.8,3.5,models/va119/va119_grand_caisse-chene.glb,284,models/va119/va119_grand_caisse-chene.usdz,284,44,1024x1024,False,resized to 1024x1024,va119.jpg,373845e7e78a77daede6683167747108e0a4b139343bb08405a0833e2d07f63b,
va119,grand,caisse-noir,carre,100.0,100.0,102.8,102.8,3.5,models/va119/va119_grand_caisse-noir.glb,254,models/va119/va119_grand_caisse-noir.usdz,254,44,1024x1024,False,resized to 1024x1024,va119.jpg,373845e7e78a77daede6683167747108e0a4b139343bb08405a0833e2d07f63b,
va119,grand,dibond,carre,100.0,100.0,100.0,100.0,2.3,models/va119/va119_grand_dibond.glb,252,models/va119/va119_grand_dibond.usdz,252,20,1024x1024,False,resized to 1024x1024,va119.jpg,373845e7e78a77daede6683167747108e0a4b139343bb08405a0833e2d07f63b,
va119,moyen,caisse-blanc,carre,60.0,60.0,62.8,62.8,3.5,models/va119/va119_moyen_caisse-blanc.glb,254,models/va119/va119_moyen_caisse-blanc.usdz,254,44,1024x1024,False,resized to 1024x1024,va119.jpg,373845e7e78a77daede6683167747108e0a4b139343bb08405a0833e2d07f63b,
va119,moyen,caisse-chene,carre,60.0,60.0,62.8,62.8,3.5,models/va119/va119_moyen_caisse-chene.glb,284,models/va119/va119_moyen_caisse-chene.usdz,284,44,1024x1024,False,resized to 1024x1024,va119.jpg,373845e7e78a77daede6683167747108e0a4b139343bb08405a0833e2d07f63b,
va119,moyen,caisse-noir,carre,60.0,60.0,62.8,62.8,3.5,models/va119/va119_moyen_caisse-noir.glb,254,models/va119/va119_moyen_caisse-noir.usdz,254,44,1024x1024,False,resized to 1024x1024,va119.jpg,373845e7e78a77daede6683167747108e0a4b139343bb08405a0833e2d07f63b,
va119,moyen,dibond,carre,60.0,60.0,60.0,60.0,2.3,models/va119/va119_moyen_dibond.glb,252,models/va119/va119_moyen_dibond.usdz,252,20,1024x1024,False,resized to 1024x1024,va119.jpg,373845e7e78a77daede6683167747108e0a4b139343bb08405a0833e2d07f63b,
va119,moyen,passe-partout,carre,60.0,60.0,80.0,80.0,0.5,models/va119/va119_moyen_passe-partout.glb,254,models/va119/va119_moyen_passe-partout.usdz,253,38,1024x1024,False,resized to 1024x1024,va119.jpg,373845e7e78a77daede6683167747108e0a4b139343bb08405a0833e2d07f63b,
va120,grand,caisse-blanc,carre,100.0,100.0,102.8,102.8,3.5,models/va120/va120_grand_caisse-blanc.glb,256,models/va120/va120_grand_caisse-blanc.usdz,256,44,1024x1024,False,resized to 1024x1024,va120.jpg,7096b117defb3f1d8159e1e9fdb1da1989a397f256324cd77be61ff517803bd8,
va120,grand,caisse-chene,carre,100.0,100.0,102.8,102.8,3.5,models/va120/va120_grand_caisse-chene.glb,286,models/va120/va120_grand_caisse-chene.usdz,286,44,1024x1024,False,resized to 1024x1024,va120.jpg,7096b117defb3f1d8159e1e9fdb1da1989a397f256324cd77be61ff517803bd8,
va120,grand,caisse-noir,carre,100.0,100.0,102.8,102.8,3.5,models/va120/va120_grand_caisse-noir.glb,256,models/va120/va120_grand_caisse-noir.usdz,256,44,1024x1024,False,resized to 1024x1024,va120.jpg,7096b117defb3f1d8159e1e9fdb1da1989a397f256324cd77be61ff517803bd8,
va120,grand,dibond,carre,100.0,100.0,100.0,100.0,2.3,models/va120/va120_grand_dibond.glb,255,models/va120/va120_grand_dibond.usdz,254,20,1024x1024,False,resized to 1024x1024,va120.jpg,7096b117defb3f1d8159e1e9fdb1da1989a397f256324cd77be61ff517803bd8,
va120,moyen,caisse-blanc,carre,60.0,60.0,62.8,62.8,3.5,models/va120/va120_moyen_caisse-blanc.glb,257,models/va120/va120_moyen_caisse-blanc.usdz,256,44,1024x1024,False,resized to 1024x1024,va120.jpg,7096b117defb3f1d8159e1e9fdb1da1989a397f256324cd77be61ff517803bd8,
va120,moyen,caisse-chene,carre,60.0,60.0,62.8,62.8,3.5,models/va120/va120_moyen_caisse-chene.glb,287,models/va120/va120_moyen_caisse-chene.usdz,286,44,1024x1024,False,resized to 1024x1024,va120.jpg,7096b117defb3f1d8159e1e9fdb1da1989a397f256324cd77be61ff517803bd8,
va120,moyen,caisse-noir,carre,60.0,60.0,62.8,62.8,3.5,models/va120/va120_moyen_caisse-noir.glb,257,models/va120/va120_moyen_caisse-noir.usdz,256,44,1024x1024,False,resized to 1024x1024,va120.jpg,7096b117defb3f1d8159e1e9fdb1da1989a397f256324cd77be61ff517803bd8,
va120,moyen,dibond,carre,60.0,60.0,60.0,60.0,2.3,models/va120/va120_moyen_dibond.glb,255,models/va120/va120_moyen_dibond.usdz,254,20,1024x1024,False,resized to 1024x1024,va120.jpg,7096b117defb3f1d8159e1e9fdb1da1989a397f256324cd77be61ff517803bd8,
va120,moyen,passe-partout,carre,60.0,60.0,80.0,80.0,0.5,models/va120/va120_moyen_passe-partout.glb,256,models/va120/va120_moyen_passe-partout.usdz,256,38,1024x1024,False,resized to 1024x1024,va120.jpg,7096b117defb3f1d8159e1e9fdb1da1989a397f256324cd77be61ff517803bd8,
va140,grand,caisse-blanc,carre,100.0,100.0,102.8,102.8,3.5,models/va140/va140_grand_caisse-blanc.glb,507,models/va140/va140_grand_caisse-blanc.usdz,506,44,1024x1024,False,resized to 1024x1024,va140.jpg,aa15e2f9acba3600c5608ad040681abd48446520d6c0f2a2eebe1d8358897bf9,
va140,grand,caisse-chene,carre,100.0,100.0,102.8,102.8,3.5,models/va140/va140_grand_caisse-chene.glb,537,models/va140/va140_grand_caisse-chene.usdz,536,44,1024x1024,False,resized to 1024x1024,va140.jpg,aa15e2f9acba3600c5608ad040681abd48446520d6c0f2a2eebe1d8358897bf9,
va140,grand,caisse-noir,carre,100.0,100.0,102.8,102.8,3.5,models/va140/va140_grand_caisse-noir.glb,507,models/va140/va140_grand_caisse-noir.usdz,506,44,1024x1024,False,resized to 1024x1024,va140.jpg,aa15e2f9acba3600c5608ad040681abd48446520d6c0f2a2eebe1d8358897bf9,
va140,grand,dibond,carre,100.0,100.0,100.0,100.0,2.3,models/va140/va140_grand_dibond.glb,505,models/va140/va140_grand_dibond.usdz,505,20,1024x1024,False,resized to 1024x1024,va140.jpg,aa15e2f9acba3600c5608ad040681abd48446520d6c0f2a2eebe1d8358897bf9,
va140,moyen,caisse-blanc,carre,60.0,60.0,62.8,62.8,3.5,models/va140/va140_moyen_caisse-blanc.glb,507,models/va140/va140_moyen_caisse-blanc.usdz,506,44,1024x1024,False,resized to 1024x1024,va140.jpg,aa15e2f9acba3600c5608ad040681abd48446520d6c0f2a2eebe1d8358897bf9,
va140,moyen,caisse-chene,carre,60.0,60.0,62.8,62.8,3.5,models/va140/va140_moyen_caisse-chene.glb,537,models/va140/va140_moyen_caisse-chene.usdz,536,44,1024x1024,False,resized to 1024x1024,va140.jpg,aa15e2f9acba3600c5608ad040681abd48446520d6c0f2a2eebe1d8358897bf9,
va140,moyen,caisse-noir,carre,60.0,60.0,62.8,62.8,3.5,models/va140/va140_moyen_caisse-noir.glb,507,models/va140/va140_moyen_caisse-noir.usdz,506,44,1024x1024,False,resized to 1024x1024,va140.jpg,aa15e2f9acba3600c5608ad040681abd48446520d6c0f2a2eebe1d8358897bf9,
va140,moyen,dibond,carre,60.0,60.0,60.0,60.0,2.3,models/va140/va140_moyen_dibond.glb,505,models/va140/va140_moyen_dibond.usdz,505,20,1024x1024,False,resized to 1024x1024,va140.jpg,aa15e2f9acba3600c5608ad040681abd48446520d6c0f2a2eebe1d8358897bf9,
va140,moyen,passe-partout,carre,60.0,60.0,80.0,80.0,0.5,models/va140/va140_moyen_passe-partout.glb,506,models/va140/va140_moyen_passe-partout.usdz,506,38,1024x1024,False,resized to 1024x1024,va140.jpg,aa15e2f9acba3600c5608ad040681abd48446520d6c0f2a2eebe1d8358897bf9,
va157,grand,caisse-blanc,carre,100.0,100.0,102.8,102.8,3.5,models/va157/va157_grand_caisse-blanc.glb,389,models/va157/va157_grand_caisse-blanc.usdz,389,44,1024x1024,False,resized to 1024x1024,va157.jpg,d6297f0a0eb960f6b03ef1ac43dda6510a2c8838a92c07b232158f6d93b3d185,
va157,grand,caisse-chene,carre,100.0,100.0,102.8,102.8,3.5,models/va157/va157_grand_caisse-chene.glb,419,models/va157/va157_grand_caisse-chene.usdz,419,44,1024x1024,False,resized to 1024x1024,va157.jpg,d6297f0a0eb960f6b03ef1ac43dda6510a2c8838a92c07b232158f6d93b3d185,
va157,grand,caisse-noir,carre,100.0,100.0,102.8,102.8,3.5,models/va157/va157_grand_caisse-noir.glb,389,models/va157/va157_grand_caisse-noir.usdz,389,44,1024x1024,False,resized to 1024x1024,va157.jpg,d6297f0a0eb960f6b03ef1ac43dda6510a2c8838a92c07b232158f6d93b3d185,
va157,grand,dibond,carre,100.0,100.0,100.0,100.0,2.3,models/va157/va157_grand_dibond.glb,388,models/va157/va157_grand_dibond.usdz,387,20,1024x1024,False,resized to 1024x1024,va157.jpg,d6297f0a0eb960f6b03ef1ac43dda6510a2c8838a92c07b232158f6d93b3d185,
va157,moyen,caisse-blanc,carre,60.0,60.0,62.8,62.8,3.5,models/va157/va157_moyen_caisse-blanc.glb,390,models/va157/va157_moyen_caisse-blanc.usdz,389,44,1024x1024,False,resized to 1024x1024,va157.jpg,d6297f0a0eb960f6b03ef1ac43dda6510a2c8838a92c07b232158f6d93b3d185,
va157,moyen,caisse-chene,carre,60.0,60.0,62.8,62.8,3.5,models/va157/va157_moyen_caisse-chene.glb,419,models/va157/va157_moyen_caisse-chene.usdz,419,44,1024x1024,False,resized to 1024x1024,va157.jpg,d6297f0a0eb960f6b03ef1ac43dda6510a2c8838a92c07b232158f6d93b3d185,
va157,moyen,caisse-noir,carre,60.0,60.0,62.8,62.8,3.5,models/va157/va157_moyen_caisse-noir.glb,390,models/va157/va157_moyen_caisse-noir.usdz,389,44,1024x1024,False,resized to 1024x1024,va157.jpg,d6297f0a0eb960f6b03ef1ac43dda6510a2c8838a92c07b232158f6d93b3d185,
va157,moyen,dibond,carre,60.0,60.0,60.0,60.0,2.3,models/va157/va157_moyen_dibond.glb,388,models/va157/va157_moyen_dibond.usdz,387,20,1024x1024,False,resized to 1024x1024,va157.jpg,d6297f0a0eb960f6b03ef1ac43dda6510a2c8838a92c07b232158f6d93b3d185,
va157,moyen,passe-partout,carre,60.0,60.0,80.0,80.0,0.5,models/va157/va157_moyen_passe-partout.glb,389,models/va157/va157_moyen_passe-partout.usdz,389,38,1024x1024,False,resized to 1024x1024,va157.jpg,d6297f0a0eb960f6b03ef1ac43dda6510a2c8838a92c07b232158f6d93b3d185,
va159,grand,caisse-blanc,carre,100.0,100.0,102.8,102.8,3.5,models/va159/va159_grand_caisse-blanc.glb,606,models/va159/va159_grand_caisse-blanc.usdz,606,44,1024x1024,False,resized to 1024x1024,va159.jpg,4eaad0782d345b7200e11d8dd8e4277844153349aa1da4b9aebff7ee117dd448,
va159,grand,caisse-chene,carre,100.0,100.0,102.8,102.8,3.5,models/va159/va159_grand_caisse-chene.glb,636,models/va159/va159_grand_caisse-chene.usdz,636,44,1024x1024,False,resized to 1024x1024,va159.jpg,4eaad0782d345b7200e11d8dd8e4277844153349aa1da4b9aebff7ee117dd448,
va159,grand,caisse-noir,carre,100.0,100.0,102.8,102.8,3.5,models/va159/va159_grand_caisse-noir.glb,606,models/va159/va159_grand_caisse-noir.usdz,606,44,1024x1024,False,resized to 1024x1024,va159.jpg,4eaad0782d345b7200e11d8dd8e4277844153349aa1da4b9aebff7ee117dd448,
va159,grand,dibond,carre,100.0,100.0,100.0,100.0,2.3,models/va159/va159_grand_dibond.glb,604,models/va159/va159_grand_dibond.usdz,604,20,1024x1024,False,resized to 1024x1024,va159.jpg,4eaad0782d345b7200e11d8dd8e4277844153349aa1da4b9aebff7ee117dd448,
va159,moyen,caisse-blanc,carre,60.0,60.0,62.8,62.8,3.5,models/va159/va159_moyen_caisse-blanc.glb,606,models/va159/va159_moyen_caisse-blanc.usdz,606,44,1024x1024,False,resized to 1024x1024,va159.jpg,4eaad0782d345b7200e11d8dd8e4277844153349aa1da4b9aebff7ee117dd448,
va159,moyen,caisse-chene,carre,60.0,60.0,62.8,62.8,3.5,models/va159/va159_moyen_caisse-chene.glb,636,models/va159/va159_moyen_caisse-chene.usdz,636,44,1024x1024,False,resized to 1024x1024,va159.jpg,4eaad0782d345b7200e11d8dd8e4277844153349aa1da4b9aebff7ee117dd448,
va159,moyen,caisse-noir,carre,60.0,60.0,62.8,62.8,3.5,models/va159/va159_moyen_caisse-noir.glb,606,models/va159/va159_moyen_caisse-noir.usdz,606,44,1024x1024,False,resized to 1024x1024,va159.jpg,4eaad0782d345b7200e11d8dd8e4277844153349aa1da4b9aebff7ee117dd448,
va159,moyen,dibond,carre,60.0,60.0,60.0,60.0,2.3,models/va159/va159_moyen_dibond.glb,605,models/va159/va159_moyen_dibond.usdz,604,20,1024x1024,False,resized to 1024x1024,va159.jpg,4eaad0782d345b7200e11d8dd8e4277844153349aa1da4b9aebff7ee117dd448,
va159,moyen,passe-partout,carre,60.0,60.0,80.0,80.0,0.5,models/va159/va159_moyen_passe-partout.glb,606,models/va159/va159_moyen_passe-partout.usdz,605,38,1024x1024,False,resized to 1024x1024,va159.jpg,4eaad0782d345b7200e11d8dd8e4277844153349aa1da4b9aebff7ee117dd448,
va163,grand,caisse-blanc,carre,100.0,100.0,102.8,102.8,3.5,models/va163/va163_grand_caisse-blanc.glb,377,models/va163/va163_grand_caisse-blanc.usdz,376,44,1024x1024,False,resized to 1024x1024,va163.jpg,9771143dfdfa3298b994b8ae47ecf3edc36e074fec08eb7942ddf1c62349a3a8,
va163,grand,caisse-chene,carre,100.0,100.0,102.8,102.8,3.5,models/va163/va163_grand_caisse-chene.glb,407,models/va163/va163_grand_caisse-chene.usdz,406,44,1024x1024,False,resized to 1024x1024,va163.jpg,9771143dfdfa3298b994b8ae47ecf3edc36e074fec08eb7942ddf1c62349a3a8,
va163,grand,caisse-noir,carre,100.0,100.0,102.8,102.8,3.5,models/va163/va163_grand_caisse-noir.glb,377,models/va163/va163_grand_caisse-noir.usdz,376,44,1024x1024,False,resized to 1024x1024,va163.jpg,9771143dfdfa3298b994b8ae47ecf3edc36e074fec08eb7942ddf1c62349a3a8,
va163,grand,dibond,carre,100.0,100.0,100.0,100.0,2.3,models/va163/va163_grand_dibond.glb,375,models/va163/va163_grand_dibond.usdz,375,20,1024x1024,False,resized to 1024x1024,va163.jpg,9771143dfdfa3298b994b8ae47ecf3edc36e074fec08eb7942ddf1c62349a3a8,
va163,moyen,caisse-blanc,carre,60.0,60.0,62.8,62.8,3.5,models/va163/va163_moyen_caisse-blanc.glb,377,models/va163/va163_moyen_caisse-blanc.usdz,376,44,1024x1024,False,resized to 1024x1024,va163.jpg,9771143dfdfa3298b994b8ae47ecf3edc36e074fec08eb7942ddf1c62349a3a8,
va163,moyen,caisse-chene,carre,60.0,60.0,62.8,62.8,3.5,models/va163/va163_moyen_caisse-chene.glb,407,models/va163/va163_moyen_caisse-chene.usdz,406,44,1024x1024,False,resized to 1024x1024,va163.jpg,9771143dfdfa3298b994b8ae47ecf3edc36e074fec08eb7942ddf1c62349a3a8,
va163,moyen,caisse-noir,carre,60.0,60.0,62.8,62.8,3.5,models/va163/va163_moyen_caisse-noir.glb,377,models/va163/va163_moyen_caisse-noir.usdz,376,44,1024x1024,False,resized to 1024x1024,va163.jpg,9771143dfdfa3298b994b8ae47ecf3edc36e074fec08eb7942ddf1c62349a3a8,
va163,moyen,dibond,carre,60.0,60.0,60.0,60.0,2.3,models/va163/va163_moyen_dibond.glb,375,models/va163/va163_moyen_dibond.usdz,375,20,1024x1024,False,resized to 1024x1024,va163.jpg,9771143dfdfa3298b994b8ae47ecf3edc36e074fec08eb7942ddf1c62349a3a8,
va163,moyen,passe-partout,carre,60.0,60.0,80.0,80.0,0.5,models/va163/va163_moyen_passe-partout.glb,376,models/va163/va163_moyen_passe-partout.usdz,376,38,1024x1024,False,resized to 1024x1024,va163.jpg,9771143dfdfa3298b994b8ae47ecf3edc36e074fec08eb7942ddf1c62349a3a8,
va167,grand,caisse-blanc,carre,100.0,100.0,102.8,102.8,3.5,models/va167/va167_grand_caisse-blanc.glb,530,models/va167/va167_grand_caisse-blanc.usdz,530,44,1024x1024,False,resized to 1024x1024,va167.jpg,734ee987a1a49ef9890694980b5343e384bcecfce0b4c32da4ee4d90cb13fc80,
va167,grand,caisse-chene,carre,100.0,100.0,102.8,102.8,3.5,models/va167/va167_grand_caisse-chene.glb,560,models/va167/va167_grand_caisse-chene.usdz,560,44,1024x1024,False,resized to 1024x1024,va167.jpg,734ee987a1a49ef9890694980b5343e384bcecfce0b4c32da4ee4d90cb13fc80,
va167,grand,caisse-noir,carre,100.0,100.0,102.8,102.8,3.5,models/va167/va167_grand_caisse-noir.glb,530,models/va167/va167_grand_caisse-noir.usdz,530,44,1024x1024,False,resized to 1024x1024,va167.jpg,734ee987a1a49ef9890694980b5343e384bcecfce0b4c32da4ee4d90cb13fc80,
va167,grand,dibond,carre,100.0,100.0,100.0,100.0,2.3,models/va167/va167_grand_dibond.glb,528,models/va167/va167_grand_dibond.usdz,528,20,1024x1024,False,resized to 1024x1024,va167.jpg,734ee987a1a49ef9890694980b5343e384bcecfce0b4c32da4ee4d90cb13fc80,
va167,moyen,caisse-blanc,carre,60.0,60.0,62.8,62.8,3.5,models/va167/va167_moyen_caisse-blanc.glb,530,models/va167/va167_moyen_caisse-blanc.usdz,530,44,1024x1024,False,resized to 1024x1024,va167.jpg,734ee987a1a49ef9890694980b5343e384bcecfce0b4c32da4ee4d90cb13fc80,
va167,moyen,caisse-chene,carre,60.0,60.0,62.8,62.8,3.5,models/va167/va167_moyen_caisse-chene.glb,560,models/va167/va167_moyen_caisse-chene.usdz,560,44,1024x1024,False,resized to 1024x1024,va167.jpg,734ee987a1a49ef9890694980b5343e384bcecfce0b4c32da4ee4d90cb13fc80,
va167,moyen,caisse-noir,carre,60.0,60.0,62.8,62.8,3.5,models/va167/va167_moyen_caisse-noir.glb,530,models/va167/va167_moyen_caisse-noir.usdz,530,44,1024x1024,False,resized to 1024x1024,va167.jpg,734ee987a1a49ef9890694980b5343e384bcecfce0b4c32da4ee4d90cb13fc80,
va167,moyen,dibond,carre,60.0,60.0,60.0,60.0,2.3,models/va167/va167_moyen_dibond.glb,528,models/va167/va167_moyen_dibond.usdz,528,20,1024x1024,False,resized to 1024x1024,va167.jpg,734ee987a1a49ef9890694980b5343e384bcecfce0b4c32da4ee4d90cb13fc80,
va167,moyen,passe-partout,carre,60.0,60.0,80.0,80.0,0.5,models/va167/va167_moyen_passe-partout.glb,530,models/va167/va167_moyen_passe-partout.usdz,529,38,1024x1024,False,resized to 1024x1024,va167.jpg,734ee987a1a49ef9890694980b5343e384bcecfce0b4c32da4ee4d90cb13fc80,
va171,grand,caisse-blanc,carre,100.0,100.0,102.8,102.8,3.5,models/va171/va171_grand_caisse-blanc.glb,413,models/va171/va171_grand_caisse-blanc.usdz,413,44,1024x1024,False,resized to 1024x1024,va171.jpg,409a4f780b782f403042bb5bd14f8c76f7ac20fe7652a1c8859536fdcf6d10db,
va171,grand,caisse-chene,carre,100.0,100.0,102.8,102.8,3.5,models/va171/va171_grand_caisse-chene.glb,443,models/va171/va171_grand_caisse-chene.usdz,443,44,1024x1024,False,resized to 1024x1024,va171.jpg,409a4f780b782f403042bb5bd14f8c76f7ac20fe7652a1c8859536fdcf6d10db,
va171,grand,caisse-noir,carre,100.0,100.0,102.8,102.8,3.5,models/va171/va171_grand_caisse-noir.glb,413,models/va171/va171_grand_caisse-noir.usdz,413,44,1024x1024,False,resized to 1024x1024,va171.jpg,409a4f780b782f403042bb5bd14f8c76f7ac20fe7652a1c8859536fdcf6d10db,
va171,grand,dibond,carre,100.0,100.0,100.0,100.0,2.3,models/va171/va171_grand_dibond.glb,411,models/va171/va171_grand_dibond.usdz,411,20,1024x1024,False,resized to 1024x1024,va171.jpg,409a4f780b782f403042bb5bd14f8c76f7ac20fe7652a1c8859536fdcf6d10db,
va171,moyen,caisse-blanc,carre,60.0,60.0,62.8,62.8,3.5,models/va171/va171_moyen_caisse-blanc.glb,413,models/va171/va171_moyen_caisse-blanc.usdz,413,44,1024x1024,False,resized to 1024x1024,va171.jpg,409a4f780b782f403042bb5bd14f8c76f7ac20fe7652a1c8859536fdcf6d10db,
va171,moyen,caisse-chene,carre,60.0,60.0,62.8,62.8,3.5,models/va171/va171_moyen_caisse-chene.glb,443,models/va171/va171_moyen_caisse-chene.usdz,443,44,1024x1024,False,resized to 1024x1024,va171.jpg,409a4f780b782f403042bb5bd14f8c76f7ac20fe7652a1c8859536fdcf6d10db,
va171,moyen,caisse-noir,carre,60.0,60.0,62.8,62.8,3.5,models/va171/va171_moyen_caisse-noir.glb,413,models/va171/va171_moyen_caisse-noir.usdz,413,44,1024x1024,False,resized to 1024x1024,va171.jpg,409a4f780b782f403042bb5bd14f8c76f7ac20fe7652a1c8859536fdcf6d10db,
va171,moyen,dibond,carre,60.0,60.0,60.0,60.0,2.3,models/va171/va171_moyen_dibond.glb,411,models/va171/va171_moyen_dibond.usdz,411,20,1024x1024,False,resized to 1024x1024,va171.jpg,409a4f780b782f403042bb5bd14f8c76f7ac20fe7652a1c8859536fdcf6d10db,
va171,moyen,passe-partout,carre,60.0,60.0,80.0,80.0,0.5,models/va171/va171_moyen_passe-partout.glb,413,models/va171/va171_moyen_passe-partout.usdz,412,38,1024x1024,False,resized to 1024x1024,va171.jpg,409a4f780b782f403042bb5bd14f8c76f7ac20fe7652a1c8859536fdcf6d10db,
va176,grand,caisse-blanc,carre,100.0,100.0,102.8,102.8,3.5,models/va176/va176_grand_caisse-blanc.glb,591,models/va176/va176_grand_caisse-blanc.usdz,591,44,1024x1024,False,resized to 1024x1024,va176.jpg,31fc3e0e3d234529ecc7a769becb60e0dd32cbf419c09e11f2ce213c82569422,
va176,grand,caisse-chene,carre,100.0,100.0,102.8,102.8,3.5,models/va176/va176_grand_caisse-chene.glb,621,models/va176/va176_grand_caisse-chene.usdz,621,44,1024x1024,False,resized to 1024x1024,va176.jpg,31fc3e0e3d234529ecc7a769becb60e0dd32cbf419c09e11f2ce213c82569422,
va176,grand,caisse-noir,carre,100.0,100.0,102.8,102.8,3.5,models/va176/va176_grand_caisse-noir.glb,591,models/va176/va176_grand_caisse-noir.usdz,591,44,1024x1024,False,resized to 1024x1024,va176.jpg,31fc3e0e3d234529ecc7a769becb60e0dd32cbf419c09e11f2ce213c82569422,
va176,grand,dibond,carre,100.0,100.0,100.0,100.0,2.3,models/va176/va176_grand_dibond.glb,589,models/va176/va176_grand_dibond.usdz,589,20,1024x1024,False,resized to 1024x1024,va176.jpg,31fc3e0e3d234529ecc7a769becb60e0dd32cbf419c09e11f2ce213c82569422,
va176,moyen,caisse-blanc,carre,60.0,60.0,62.8,62.8,3.5,models/va176/va176_moyen_caisse-blanc.glb,591,models/va176/va176_moyen_caisse-blanc.usdz,591,44,1024x1024,False,resized to 1024x1024,va176.jpg,31fc3e0e3d234529ecc7a769becb60e0dd32cbf419c09e11f2ce213c82569422,
va176,moyen,caisse-chene,carre,60.0,60.0,62.8,62.8,3.5,models/va176/va176_moyen_caisse-chene.glb,621,models/va176/va176_moyen_caisse-chene.usdz,621,44,1024x1024,False,resized to 1024x1024,va176.jpg,31fc3e0e3d234529ecc7a769becb60e0dd32cbf419c09e11f2ce213c82569422,
va176,moyen,caisse-noir,carre,60.0,60.0,62.8,62.8,3.5,models/va176/va176_moyen_caisse-noir.glb,591,models/va176/va176_moyen_caisse-noir.usdz,591,44,1024x1024,False,resized to 1024x1024,va176.jpg,31fc3e0e3d234529ecc7a769becb60e0dd32cbf419c09e11f2ce213c82569422,
va176,moyen,dibond,carre,60.0,60.0,60.0,60.0,2.3,models/va176/va176_moyen_dibond.glb,590,models/va176/va176_moyen_dibond.usdz,589,20,1024x1024,False,resized to 1024x1024,va176.jpg,31fc3e0e3d234529ecc7a769becb60e0dd32cbf419c09e11f2ce213c82569422,
va176,moyen,passe-partout,carre,60.0,60.0,80.0,80.0,0.5,models/va176/va176_moyen_passe-partout.glb,591,models/va176/va176_moyen_passe-partout.usdz,590,38,1024x1024,False,resized to 1024x1024,va176.jpg,31fc3e0e3d234529ecc7a769becb60e0dd32cbf419c09e11f2ce213c82569422,
va177,grand,caisse-blanc,carre,100.0,100.0,102.8,102.8,3.5,models/va177/va177_grand_caisse-blanc.glb,267,models/va177/va177_grand_caisse-blanc.usdz,266,44,1024x1024,False,resized to 1024x1024,va177.jpg,665489126682f7362d283ef9c564604dba5ca527d187e1beb3a9b85f77fe0eb5,
va177,grand,caisse-chene,carre,100.0,100.0,102.8,102.8,3.5,models/va177/va177_grand_caisse-chene.glb,297,models/va177/va177_grand_caisse-chene.usdz,296,44,1024x1024,False,resized to 1024x1024,va177.jpg,665489126682f7362d283ef9c564604dba5ca527d187e1beb3a9b85f77fe0eb5,
va177,grand,caisse-noir,carre,100.0,100.0,102.8,102.8,3.5,models/va177/va177_grand_caisse-noir.glb,267,models/va177/va177_grand_caisse-noir.usdz,266,44,1024x1024,False,resized to 1024x1024,va177.jpg,665489126682f7362d283ef9c564604dba5ca527d187e1beb3a9b85f77fe0eb5,
va177,grand,dibond,carre,100.0,100.0,100.0,100.0,2.3,models/va177/va177_grand_dibond.glb,265,models/va177/va177_grand_dibond.usdz,265,20,1024x1024,False,resized to 1024x1024,va177.jpg,665489126682f7362d283ef9c564604dba5ca527d187e1beb3a9b85f77fe0eb5,
va177,moyen,caisse-blanc,carre,60.0,60.0,62.8,62.8,3.5,models/va177/va177_moyen_caisse-blanc.glb,267,models/va177/va177_moyen_caisse-blanc.usdz,266,44,1024x1024,False,resized to 1024x1024,va177.jpg,665489126682f7362d283ef9c564604dba5ca527d187e1beb3a9b85f77fe0eb5,
va177,moyen,caisse-chene,carre,60.0,60.0,62.8,62.8,3.5,models/va177/va177_moyen_caisse-chene.glb,297,models/va177/va177_moyen_caisse-chene.usdz,296,44,1024x1024,False,resized to 1024x1024,va177.jpg,665489126682f7362d283ef9c564604dba5ca527d187e1beb3a9b85f77fe0eb5,
va177,moyen,caisse-noir,carre,60.0,60.0,62.8,62.8,3.5,models/va177/va177_moyen_caisse-noir.glb,267,models/va177/va177_moyen_caisse-noir.usdz,266,44,1024x1024,False,resized to 1024x1024,va177.jpg,665489126682f7362d283ef9c564604dba5ca527d187e1beb3a9b85f77fe0eb5,
va177,moyen,dibond,carre,60.0,60.0,60.0,60.0,2.3,models/va177/va177_moyen_dibond.glb,265,models/va177/va177_moyen_dibond.usdz,265,20,1024x1024,False,resized to 1024x1024,va177.jpg,665489126682f7362d283ef9c564604dba5ca527d187e1beb3a9b85f77fe0eb5,
va177,moyen,passe-partout,carre,60.0,60.0,80.0,80.0,0.5,models/va177/va177_moyen_passe-partout.glb,266,models/va177/va177_moyen_passe-partout.usdz,266,38,1024x1024,False,resized to 1024x1024,va177.jpg,665489126682f7362d283ef9c564604dba5ca527d187e1beb3a9b85f77fe0eb5,
va178,grand,caisse-blanc,carre,100.0,100.0,102.8,102.8,3.5,models/va178/va178_grand_caisse-blanc.glb,499,models/va178/va178_grand_caisse-blanc.usdz,498,44,1024x1024,False,resized to 1024x1024,va178.jpg,7b4460e34d5e200d577259e5677ec6511619215a460c0e6740026ee840d5b055,
va178,grand,caisse-chene,carre,100.0,100.0,102.8,102.8,3.5,models/va178/va178_grand_caisse-chene.glb,528,models/va178/va178_grand_caisse-chene.usdz,528,44,1024x1024,False,resized to 1024x1024,va178.jpg,7b4460e34d5e200d577259e5677ec6511619215a460c0e6740026ee840d5b055,
va178,grand,caisse-noir,carre,100.0,100.0,102.8,102.8,3.5,models/va178/va178_grand_caisse-noir.glb,498,models/va178/va178_grand_caisse-noir.usdz,498,44,1024x1024,False,resized to 1024x1024,va178.jpg,7b4460e34d5e200d577259e5677ec6511619215a460c0e6740026ee840d5b055,
va178,grand,dibond,carre,100.0,100.0,100.0,100.0,2.3,models/va178/va178_grand_dibond.glb,497,models/va178/va178_grand_dibond.usdz,496,20,1024x1024,False,resized to 1024x1024,va178.jpg,7b4460e34d5e200d577259e5677ec6511619215a460c0e6740026ee840d5b055,
va178,moyen,caisse-blanc,carre,60.0,60.0,62.8,62.8,3.5,models/va178/va178_moyen_caisse-blanc.glb,499,models/va178/va178_moyen_caisse-blanc.usdz,498,44,1024x1024,False,resized to 1024x1024,va178.jpg,7b4460e34d5e200d577259e5677ec6511619215a460c0e6740026ee840d5b055,
va178,moyen,caisse-chene,carre,60.0,60.0,62.8,62.8,3.5,models/va178/va178_moyen_caisse-chene.glb,529,models/va178/va178_moyen_caisse-chene.usdz,528,44,1024x1024,False,resized to 1024x1024,va178.jpg,7b4460e34d5e200d577259e5677ec6511619215a460c0e6740026ee840d5b055,
va178,moyen,caisse-noir,carre,60.0,60.0,62.8,62.8,3.5,models/va178/va178_moyen_caisse-noir.glb,499,models/va178/va178_moyen_caisse-noir.usdz,498,44,1024x1024,False,resized to 1024x1024,va178.jpg,7b4460e34d5e200d577259e5677ec6511619215a460c0e6740026ee840d5b055,
va178,moyen,dibond,carre,60.0,60.0,60.0,60.0,2.3,models/va178/va178_moyen_dibond.glb,497,models/va178/va178_moyen_dibond.usdz,496,20,1024x1024,False,resized to 1024x1024,va178.jpg,7b4460e34d5e200d577259e5677ec6511619215a460c0e6740026ee840d5b055,
va178,moyen,passe-partout,carre,60.0,60.0,80.0,80.0,0.5,models/va178/va178_moyen_passe-partout.glb,498,models/va178/va178_moyen_passe-partout.usdz,498,38,1024x1024,False,resized to 1024x1024,va178.jpg,7b4460e34d5e200d577259e5677ec6511619215a460c0e6740026ee840d5b055,
va180,grand,caisse-blanc,carre,100.0,100.0,102.8,102.8,3.5,models/va180/va180_grand_caisse-blanc.glb,459,models/va180/va180_grand_caisse-blanc.usdz,458,44,1024x1024,False,resized to 1024x1024,va180.jpg,305f36e7c515bc3d036115b086414ec06684d4c48cdd2c5b110fa16190011e38,
va180,grand,caisse-chene,carre,100.0,100.0,102.8,102.8,3.5,models/va180/va180_grand_caisse-chene.glb,489,models/va180/va180_grand_caisse-chene.usdz,488,44,1024x1024,False,resized to 1024x1024,va180.jpg,305f36e7c515bc3d036115b086414ec06684d4c48cdd2c5b110fa16190011e38,
va180,grand,caisse-noir,carre,100.0,100.0,102.8,102.8,3.5,models/va180/va180_grand_caisse-noir.glb,459,models/va180/va180_grand_caisse-noir.usdz,458,44,1024x1024,False,resized to 1024x1024,va180.jpg,305f36e7c515bc3d036115b086414ec06684d4c48cdd2c5b110fa16190011e38,
va180,grand,dibond,carre,100.0,100.0,100.0,100.0,2.3,models/va180/va180_grand_dibond.glb,457,models/va180/va180_grand_dibond.usdz,457,20,1024x1024,False,resized to 1024x1024,va180.jpg,305f36e7c515bc3d036115b086414ec06684d4c48cdd2c5b110fa16190011e38,
va180,moyen,caisse-blanc,carre,60.0,60.0,62.8,62.8,3.5,models/va180/va180_moyen_caisse-blanc.glb,459,models/va180/va180_moyen_caisse-blanc.usdz,458,44,1024x1024,False,resized to 1024x1024,va180.jpg,305f36e7c515bc3d036115b086414ec06684d4c48cdd2c5b110fa16190011e38,
va180,moyen,caisse-chene,carre,60.0,60.0,62.8,62.8,3.5,models/va180/va180_moyen_caisse-chene.glb,489,models/va180/va180_moyen_caisse-chene.usdz,488,44,1024x1024,False,resized to 1024x1024,va180.jpg,305f36e7c515bc3d036115b086414ec06684d4c48cdd2c5b110fa16190011e38,
va180,moyen,caisse-noir,carre,60.0,60.0,62.8,62.8,3.5,models/va180/va180_moyen_caisse-noir.glb,459,models/va180/va180_moyen_caisse-noir.usdz,458,44,1024x1024,False,resized to 1024x1024,va180.jpg,305f36e7c515bc3d036115b086414ec06684d4c48cdd2c5b110fa16190011e38,
va180,moyen,dibond,carre,60.0,60.0,60.0,60.0,2.3,models/va180/va180_moyen_dibond.glb,457,models/va180/va180_moyen_dibond.usdz,457,20,1024x1024,False,resized to 1024x1024,va180.jpg,305f36e7c515bc3d036115b086414ec06684d4c48cdd2c5b110fa16190011e38,
va180,moyen,passe-partout,carre,60.0,60.0,80.0,80.0,0.5,models/va180/va180_moyen_passe-partout.glb,458,models/va180/va180_moyen_passe-partout.usdz,458,38,1024x1024,False,resized to 1024x1024,va180.jpg,305f36e7c515bc3d036115b086414ec06684d4c48cdd2c5b110fa16190011e38,
va181,grand,caisse-blanc,carre,100.0,100.0,102.8,102.8,3.5,models/va181/va181_grand_caisse-blanc.glb,443,models/va181/va181_grand_caisse-blanc.usdz,443,44,1024x1024,False,resized to 1024x1024,va181.jpg,c0e75715a9cddbb6845d7dbe04ca26e2303b2f07b99d8a12c7258b246427f9a6,
va181,grand,caisse-chene,carre,100.0,100.0,102.8,102.8,3.5,models/va181/va181_grand_caisse-chene.glb,473,models/va181/va181_grand_caisse-chene.usdz,473,44,1024x1024,False,resized to 1024x1024,va181.jpg,c0e75715a9cddbb6845d7dbe04ca26e2303b2f07b99d8a12c7258b246427f9a6,
va181,grand,caisse-noir,carre,100.0,100.0,102.8,102.8,3.5,models/va181/va181_grand_caisse-noir.glb,443,models/va181/va181_grand_caisse-noir.usdz,443,44,1024x1024,False,resized to 1024x1024,va181.jpg,c0e75715a9cddbb6845d7dbe04ca26e2303b2f07b99d8a12c7258b246427f9a6,
va181,grand,dibond,carre,100.0,100.0,100.0,100.0,2.3,models/va181/va181_grand_dibond.glb,442,models/va181/va181_grand_dibond.usdz,441,20,1024x1024,False,resized to 1024x1024,va181.jpg,c0e75715a9cddbb6845d7dbe04ca26e2303b2f07b99d8a12c7258b246427f9a6,
va181,moyen,caisse-blanc,carre,60.0,60.0,62.8,62.8,3.5,models/va181/va181_moyen_caisse-blanc.glb,443,models/va181/va181_moyen_caisse-blanc.usdz,443,44,1024x1024,False,resized to 1024x1024,va181.jpg,c0e75715a9cddbb6845d7dbe04ca26e2303b2f07b99d8a12c7258b246427f9a6,
va181,moyen,caisse-chene,carre,60.0,60.0,62.8,62.8,3.5,models/va181/va181_moyen_caisse-chene.glb,473,models/va181/va181_moyen_caisse-chene.usdz,473,44,1024x1024,False,resized to 1024x1024,va181.jpg,c0e75715a9cddbb6845d7dbe04ca26e2303b2f07b99d8a12c7258b246427f9a6,
va181,moyen,caisse-noir,carre,60.0,60.0,62.8,62.8,3.5,models/va181/va181_moyen_caisse-noir.glb,443,models/va181/va181_moyen_caisse-noir.usdz,443,44,1024x1024,False,resized to 1024x1024,va181.jpg,c0e75715a9cddbb6845d7dbe04ca26e2303b2f07b99d8a12c7258b246427f9a6,
va181,moyen,dibond,carre,60.0,60.0,60.0,60.0,2.3,models/va181/va181_moyen_dibond.glb,442,models/va181/va181_moyen_dibond.usdz,441,20,1024x1024,False,resized to 1024x1024,va181.jpg,c0e75715a9cddbb6845d7dbe04ca26e2303b2f07b99d8a12c7258b246427f9a6,
va181,moyen,passe-partout,carre,60.0,60.0,80.0,80.0,0.5,models/va181/va181_moyen_passe-partout.glb,443,models/va181/va181_moyen_passe-partout.usdz,442,38,1024x1024,False,resized to 1024x1024,va181.jpg,c0e75715a9cddbb6845d7dbe04ca26e2303b2f07b99d8a12c7258b246427f9a6,
va187,grand,caisse-blanc,carre,100.0,100.0,102.8,102.8,3.5,models/va187/va187_grand_caisse-blanc.glb,419,models/va187/va187_grand_caisse-blanc.usdz,418,44,1024x1024,False,resized to 1024x1024,va187.jpg,28bd0ffeefc23bc7b6307442999e3028cb41106117fe2a5edd943b236b432df5,
va187,grand,caisse-chene,carre,100.0,100.0,102.8,102.8,3.5,models/va187/va187_grand_caisse-chene.glb,449,models/va187/va187_grand_caisse-chene.usdz,449,44,1024x1024,False,resized to 1024x1024,va187.jpg,28bd0ffeefc23bc7b6307442999e3028cb41106117fe2a5edd943b236b432df5,
va187,grand,caisse-noir,carre,100.0,100.0,102.8,102.8,3.5,models/va187/va187_grand_caisse-noir.glb,419,models/va187/va187_grand_caisse-noir.usdz,418,44,1024x1024,False,resized to 1024x1024,va187.jpg,28bd0ffeefc23bc7b6307442999e3028cb41106117fe2a5edd943b236b432df5,
va187,grand,dibond,carre,100.0,100.0,100.0,100.0,2.3,models/va187/va187_grand_dibond.glb,417,models/va187/va187_grand_dibond.usdz,417,20,1024x1024,False,resized to 1024x1024,va187.jpg,28bd0ffeefc23bc7b6307442999e3028cb41106117fe2a5edd943b236b432df5,
va187,moyen,caisse-blanc,carre,60.0,60.0,62.8,62.8,3.5,models/va187/va187_moyen_caisse-blanc.glb,419,models/va187/va187_moyen_caisse-blanc.usdz,418,44,1024x1024,False,resized to 1024x1024,va187.jpg,28bd0ffeefc23bc7b6307442999e3028cb41106117fe2a5edd943b236b432df5,
va187,moyen,caisse-chene,carre,60.0,60.0,62.8,62.8,3.5,models/va187/va187_moyen_caisse-chene.glb,449,models/va187/va187_moyen_caisse-chene.usdz,449,44,1024x1024,False,resized to 1024x1024,va187.jpg,28bd0ffeefc23bc7b6307442999e3028cb41106117fe2a5edd943b236b432df5,
va187,moyen,caisse-noir,carre,60.0,60.0,62.8,62.8,3.5,models/va187/va187_moyen_caisse-noir.glb,419,models/va187/va187_moyen_caisse-noir.usdz,418,44,1024x1024,False,resized to 1024x1024,va187.jpg,28bd0ffeefc23bc7b6307442999e3028cb41106117fe2a5edd943b236b432df5,
va187,moyen,dibond,carre,60.0,60.0,60.0,60.0,2.3,models/va187/va187_moyen_dibond.glb,417,models/va187/va187_moyen_dibond.usdz,417,20,1024x1024,False,resized to 1024x1024,va187.jpg,28bd0ffeefc23bc7b6307442999e3028cb41106117fe2a5edd943b236b432df5,
va187,moyen,passe-partout,carre,60.0,60.0,80.0,80.0,0.5,models/va187/va187_moyen_passe-partout.glb,419,models/va187/va187_moyen_passe-partout.usdz,418,38,1024x1024,False,resized to 1024x1024,va187.jpg,28bd0ffeefc23bc7b6307442999e3028cb41106117fe2a5edd943b236b432df5,
va192,grand,caisse-blanc,carre,100.0,100.0,102.8,102.8,3.5,models/va192/va192_grand_caisse-blanc.glb,468,models/va192/va192_grand_caisse-blanc.usdz,468,44,1024x1024,False,resized to 1024x1024,va192.jpg,47b5984fa589ce0a5ccc9673638bb207d65a73728afbb46f8552fd90048732b3,
va192,grand,caisse-chene,carre,100.0,100.0,102.8,102.8,3.5,models/va192/va192_grand_caisse-chene.glb,498,models/va192/va192_grand_caisse-chene.usdz,498,44,1024x1024,False,resized to 1024x1024,va192.jpg,47b5984fa589ce0a5ccc9673638bb207d65a73728afbb46f8552fd90048732b3,
va192,grand,caisse-noir,carre,100.0,100.0,102.8,102.8,3.5,models/va192/va192_grand_caisse-noir.glb,468,models/va192/va192_grand_caisse-noir.usdz,468,44,1024x1024,False,resized to 1024x1024,va192.jpg,47b5984fa589ce0a5ccc9673638bb207d65a73728afbb46f8552fd90048732b3,
va192,grand,dibond,carre,100.0,100.0,100.0,100.0,2.3,models/va192/va192_grand_dibond.glb,466,models/va192/va192_grand_dibond.usdz,466,20,1024x1024,False,resized to 1024x1024,va192.jpg,47b5984fa589ce0a5ccc9673638bb207d65a73728afbb46f8552fd90048732b3,
va192,moyen,caisse-blanc,carre,60.0,60.0,62.8,62.8,3.5,models/va192/va192_moyen_caisse-blanc.glb,468,models/va192/va192_moyen_caisse-blanc.usdz,468,44,1024x1024,False,resized to 1024x1024,va192.jpg,47b5984fa589ce0a5ccc9673638bb207d65a73728afbb46f8552fd90048732b3,
va192,moyen,caisse-chene,carre,60.0,60.0,62.8,62.8,3.5,models/va192/va192_moyen_caisse-chene.glb,498,models/va192/va192_moyen_caisse-chene.usdz,498,44,1024x1024,False,resized to 1024x1024,va192.jpg,47b5984fa589ce0a5ccc9673638bb207d65a73728afbb46f8552fd90048732b3,
va192,moyen,caisse-noir,carre,60.0,60.0,62.8,62.8,3.5,models/va192/va192_moyen_caisse-noir.glb,468,models/va192/va192_moyen_caisse-noir.usdz,468,44,1024x1024,False,resized to 1024x1024,va192.jpg,47b5984fa589ce0a5ccc9673638bb207d65a73728afbb46f8552fd90048732b3,
va192,moyen,dibond,carre,60.0,60.0,60.0,60.0,2.3,models/va192/va192_moyen_dibond.glb,467,models/va192/va192_moyen_dibond.usdz,466,20,1024x1024,False,resized to 1024x1024,va192.jpg,47b5984fa589ce0a5ccc9673638bb207d65a73728afbb46f8552fd90048732b3,
va192,moyen,passe-partout,carre,60.0,60.0,80.0,80.0,0.5,models/va192/va192_moyen_passe-partout.glb,468,models/va192/va192_moyen_passe-partout.usdz,467,38,1024x1024,False,resized to 1024x1024,va192.jpg,47b5984fa589ce0a5ccc9673638bb207d65a73728afbb46f8552fd90048732b3,
va193,grand,caisse-blanc,carre,100.0,100.0,102.8,102.8,3.5,models/va193/va193_grand_caisse-blanc.glb,438,models/va193/va193_grand_caisse-blanc.usdz,438,44,1024x1024,False,resized to 1024x1024,va193.jpg,128b3d57d0f8800a62e5b955bdd85f58883fb9ac7d89db2c81340dfa7803a220,
va193,grand,caisse-chene,carre,100.0,100.0,102.8,102.8,3.5,models/va193/va193_grand_caisse-chene.glb,468,models/va193/va193_grand_caisse-chene.usdz,468,44,1024x1024,False,resized to 1024x1024,va193.jpg,128b3d57d0f8800a62e5b955bdd85f58883fb9ac7d89db2c81340dfa7803a220,
va193,grand,caisse-noir,carre,100.0,100.0,102.8,102.8,3.5,models/va193/va193_grand_caisse-noir.glb,438,models/va193/va193_grand_caisse-noir.usdz,438,44,1024x1024,False,resized to 1024x1024,va193.jpg,128b3d57d0f8800a62e5b955bdd85f58883fb9ac7d89db2c81340dfa7803a220,
va193,grand,dibond,carre,100.0,100.0,100.0,100.0,2.3,models/va193/va193_grand_dibond.glb,436,models/va193/va193_grand_dibond.usdz,436,20,1024x1024,False,resized to 1024x1024,va193.jpg,128b3d57d0f8800a62e5b955bdd85f58883fb9ac7d89db2c81340dfa7803a220,
va193,moyen,caisse-blanc,carre,60.0,60.0,62.8,62.8,3.5,models/va193/va193_moyen_caisse-blanc.glb,438,models/va193/va193_moyen_caisse-blanc.usdz,438,44,1024x1024,False,resized to 1024x1024,va193.jpg,128b3d57d0f8800a62e5b955bdd85f58883fb9ac7d89db2c81340dfa7803a220,
va193,moyen,caisse-chene,carre,60.0,60.0,62.8,62.8,3.5,models/va193/va193_moyen_caisse-chene.glb,468,models/va193/va193_moyen_caisse-chene.usdz,468,44,1024x1024,False,resized to 1024x1024,va193.jpg,128b3d57d0f8800a62e5b955bdd85f58883fb9ac7d89db2c81340dfa7803a220,
va193,moyen,caisse-noir,carre,60.0,60.0,62.8,62.8,3.5,models/va193/va193_moyen_caisse-noir.glb,438,models/va193/va193_moyen_caisse-noir.usdz,438,44,1024x1024,False,resized to 1024x1024,va193.jpg,128b3d57d0f8800a62e5b955bdd85f58883fb9ac7d89db2c81340dfa7803a220,
va193,moyen,dibond,carre,60.0,60.0,60.0,60.0,2.3,models/va193/va193_moyen_dibond.glb,436,models/va193/va193_moyen_dibond.usdz,436,20,1024x1024,False,resized to 1024x1024,va193.jpg,128b3d57d0f8800a62e5b955bdd85f58883fb9ac7d89db2c81340dfa7803a220,
va193,moyen,passe-partout,carre,60.0,60.0,80.0,80.0,0.5,models/va193/va193_moyen_passe-partout.glb,438,models/va193/va193_moyen_passe-partout.usdz,437,38,1024x1024,False,resized to 1024x1024,va193.jpg,128b3d57d0f8800a62e5b955bdd85f58883fb9ac7d89db2c81340dfa7803a220,
va198,grand,caisse-blanc,carre,100.0,100.0,102.8,102.8,3.5,models/va198/va198_grand_caisse-blanc.glb,481,models/va198/va198_grand_caisse-blanc.usdz,481,44,1024x1024,False,resized to 1024x1024,va198.jpg,45bd11df56a18fce7fecc31d450b9bb04b9bf5edc540cb2411aeb1b44ad988cf,
va198,grand,caisse-chene,carre,100.0,100.0,102.8,102.8,3.5,models/va198/va198_grand_caisse-chene.glb,511,models/va198/va198_grand_caisse-chene.usdz,511,44,1024x1024,False,resized to 1024x1024,va198.jpg,45bd11df56a18fce7fecc31d450b9bb04b9bf5edc540cb2411aeb1b44ad988cf,
va198,grand,caisse-noir,carre,100.0,100.0,102.8,102.8,3.5,models/va198/va198_grand_caisse-noir.glb,481,models/va198/va198_grand_caisse-noir.usdz,481,44,1024x1024,False,resized to 1024x1024,va198.jpg,45bd11df56a18fce7fecc31d450b9bb04b9bf5edc540cb2411aeb1b44ad988cf,
va198,grand,dibond,carre,100.0,100.0,100.0,100.0,2.3,models/va198/va198_grand_dibond.glb,480,models/va198/va198_grand_dibond.usdz,479,20,1024x1024,False,resized to 1024x1024,va198.jpg,45bd11df56a18fce7fecc31d450b9bb04b9bf5edc540cb2411aeb1b44ad988cf,
va198,moyen,caisse-blanc,carre,60.0,60.0,62.8,62.8,3.5,models/va198/va198_moyen_caisse-blanc.glb,482,models/va198/va198_moyen_caisse-blanc.usdz,481,44,1024x1024,False,resized to 1024x1024,va198.jpg,45bd11df56a18fce7fecc31d450b9bb04b9bf5edc540cb2411aeb1b44ad988cf,
va198,moyen,caisse-chene,carre,60.0,60.0,62.8,62.8,3.5,models/va198/va198_moyen_caisse-chene.glb,511,models/va198/va198_moyen_caisse-chene.usdz,511,44,1024x1024,False,resized to 1024x1024,va198.jpg,45bd11df56a18fce7fecc31d450b9bb04b9bf5edc540cb2411aeb1b44ad988cf,
va198,moyen,caisse-noir,carre,60.0,60.0,62.8,62.8,3.5,models/va198/va198_moyen_caisse-noir.glb,482,models/va198/va198_moyen_caisse-noir.usdz,481,44,1024x1024,False,resized to 1024x1024,va198.jpg,45bd11df56a18fce7fecc31d450b9bb04b9bf5edc540cb2411aeb1b44ad988cf,
va198,moyen,dibond,carre,60.0,60.0,60.0,60.0,2.3,models/va198/va198_moyen_dibond.glb,480,models/va198/va198_moyen_dibond.usdz,479,20,1024x1024,False,resized to 1024x1024,va198.jpg,45bd11df56a18fce7fecc31d450b9bb04b9bf5edc540cb2411aeb1b44ad988cf,
va198,moyen,passe-partout,carre,60.0,60.0,80.0,80.0,0.5,models/va198/va198_moyen_passe-partout.glb,481,models/va198/va198_moyen_passe-partout.usdz,481,38,1024x1024,False,resized to 1024x1024,va198.jpg,45bd11df56a18fce7fecc31d450b9bb04b9bf5edc540cb2411aeb1b44ad988cf,
va201,grand,caisse-blanc,carre,100.0,100.0,102.8,102.8,3.5,models/va201/va201_grand_caisse-blanc.glb,354,models/va201/va201_grand_caisse-blanc.usdz,353,44,1024x1024,False,resized to 1024x1024,va201.jpg,8476e34ad2d66fbfe5aa13fc975cb1f06912d5c52613bc99db0d6ed5e47c8cfe,
va201,grand,caisse-chene,carre,100.0,100.0,102.8,102.8,3.5,models/va201/va201_grand_caisse-chene.glb,383,models/va201/va201_grand_caisse-chene.usdz,383,44,1024x1024,False,resized to 1024x1024,va201.jpg,8476e34ad2d66fbfe5aa13fc975cb1f06912d5c52613bc99db0d6ed5e47c8cfe,
va201,grand,caisse-noir,carre,100.0,100.0,102.8,102.8,3.5,models/va201/va201_grand_caisse-noir.glb,354,models/va201/va201_grand_caisse-noir.usdz,353,44,1024x1024,False,resized to 1024x1024,va201.jpg,8476e34ad2d66fbfe5aa13fc975cb1f06912d5c52613bc99db0d6ed5e47c8cfe,
va201,grand,dibond,carre,100.0,100.0,100.0,100.0,2.3,models/va201/va201_grand_dibond.glb,352,models/va201/va201_grand_dibond.usdz,351,20,1024x1024,False,resized to 1024x1024,va201.jpg,8476e34ad2d66fbfe5aa13fc975cb1f06912d5c52613bc99db0d6ed5e47c8cfe,
va201,moyen,caisse-blanc,carre,60.0,60.0,62.8,62.8,3.5,models/va201/va201_moyen_caisse-blanc.glb,354,models/va201/va201_moyen_caisse-blanc.usdz,353,44,1024x1024,False,resized to 1024x1024,va201.jpg,8476e34ad2d66fbfe5aa13fc975cb1f06912d5c52613bc99db0d6ed5e47c8cfe,
va201,moyen,caisse-chene,carre,60.0,60.0,62.8,62.8,3.5,models/va201/va201_moyen_caisse-chene.glb,384,models/va201/va201_moyen_caisse-chene.usdz,383,44,1024x1024,False,resized to 1024x1024,va201.jpg,8476e34ad2d66fbfe5aa13fc975cb1f06912d5c52613bc99db0d6ed5e47c8cfe,
va201,moyen,caisse-noir,carre,60.0,60.0,62.8,62.8,3.5,models/va201/va201_moyen_caisse-noir.glb,354,models/va201/va201_moyen_caisse-noir.usdz,353,44,1024x1024,False,resized to 1024x1024,va201.jpg,8476e34ad2d66fbfe5aa13fc975cb1f06912d5c52613bc99db0d6ed5e47c8cfe,
va201,moyen,dibond,carre,60.0,60.0,60.0,60.0,2.3,models/va201/va201_moyen_dibond.glb,352,models/va201/va201_moyen_dibond.usdz,351,20,1024x1024,False,resized to 1024x1024,va201.jpg,8476e34ad2d66fbfe5aa13fc975cb1f06912d5c52613bc99db0d6ed5e47c8cfe,
va201,moyen,passe-partout,carre,60.0,60.0,80.0,80.0,0.5,models/va201/va201_moyen_passe-partout.glb,353,models/va201/va201_moyen_passe-partout.usdz,353,38,1024x1024,False,resized to 1024x1024,va201.jpg,8476e34ad2d66fbfe5aa13fc975cb1f06912d5c52613bc99db0d6ed5e47c8cfe,
va203,grand,caisse-blanc,carre,100.0,100.0,102.8,102.8,3.5,models/va203/va203_grand_caisse-blanc.glb,493,models/va203/va203_grand_caisse-blanc.usdz,493,44,1024x1024,False,resized to 1024x1024,va203.jpg,a0ef11539100bd907813baee99179908da3a4a8e8f2e4d7825d95a928fa93962,
va203,grand,caisse-chene,carre,100.0,100.0,102.8,102.8,3.5,models/va203/va203_grand_caisse-chene.glb,523,models/va203/va203_grand_caisse-chene.usdz,523,44,1024x1024,False,resized to 1024x1024,va203.jpg,a0ef11539100bd907813baee99179908da3a4a8e8f2e4d7825d95a928fa93962,
va203,grand,caisse-noir,carre,100.0,100.0,102.8,102.8,3.5,models/va203/va203_grand_caisse-noir.glb,493,models/va203/va203_grand_caisse-noir.usdz,493,44,1024x1024,False,resized to 1024x1024,va203.jpg,a0ef11539100bd907813baee99179908da3a4a8e8f2e4d7825d95a928fa93962,
va203,grand,dibond,carre,100.0,100.0,100.0,100.0,2.3,models/va203/va203_grand_dibond.glb,491,models/va203/va203_grand_dibond.usdz,491,20,1024x1024,False,resized to 1024x1024,va203.jpg,a0ef11539100bd907813baee99179908da3a4a8e8f2e4d7825d95a928fa93962,
va203,moyen,caisse-blanc,carre,60.0,60.0,62.8,62.8,3.5,models/va203/va203_moyen_caisse-blanc.glb,493,models/va203/va203_moyen_caisse-blanc.usdz,493,44,1024x1024,False,resized to 1024x1024,va203.jpg,a0ef11539100bd907813baee99179908da3a4a8e8f2e4d7825d95a928fa93962,
va203,moyen,caisse-chene,carre,60.0,60.0,62.8,62.8,3.5,models/va203/va203_moyen_caisse-chene.glb,523,models/va203/va203_moyen_caisse-chene.usdz,523,44,1024x1024,False,resized to 1024x1024,va203.jpg,a0ef11539100bd907813baee99179908da3a4a8e8f2e4d7825d95a928fa93962,
va203,moyen,caisse-noir,carre,60.0,60.0,62.8,62.8,3.5,models/va203/va203_moyen_caisse-noir.glb,493,models/va203/va203_moyen_caisse-noir.usdz,493,44,1024x1024,False,resized to 1024x1024,va203.jpg,a0ef11539100bd907813baee99179908da3a4a8e8f2e4d7825d95a928fa93962,
va203,moyen,dibond,carre,60.0,60.0,60.0,60.0,2.3,models/va203/va203_moyen_dibond.glb,491,models/va203/va203_moyen_dibond.usdz,491,20,1024x1024,False,resized to 1024x1024,va203.jpg,a0ef11539100bd907813baee99179908da3a4a8e8f2e4d7825d95a928fa93962,
va203,moyen,passe-partout,carre,60.0,60.0,80.0,80.0,0.5,models/va203/va203_moyen_passe-partout.glb,493,models/va203/va203_moyen_passe-partout.usdz,492,38,1024x1024,False,resized to 1024x1024,va203.jpg,a0ef11539100bd907813baee99179908da3a4a8e8f2e4d7825d95a928fa93962,
va208,grand,caisse-blanc,carre,100.0,100.0,102.8,102.8,3.5,models/va208/va208_grand_caisse-blanc.glb,445,models/va208/va208_grand_caisse-blanc.usdz,445,44,1024x1024,False,resized to 1024x1024,va208.jpg,12250321f4b61526cdfab3d088eae73fd5464545075f8a21bd2f20f310054d6c,
va208,grand,caisse-chene,carre,100.0,100.0,102.8,102.8,3.5,models/va208/va208_grand_caisse-chene.glb,475,models/va208/va208_grand_caisse-chene.usdz,475,44,1024x1024,False,resized to 1024x1024,va208.jpg,12250321f4b61526cdfab3d088eae73fd5464545075f8a21bd2f20f310054d6c,
va208,grand,caisse-noir,carre,100.0,100.0,102.8,102.8,3.5,models/va208/va208_grand_caisse-noir.glb,445,models/va208/va208_grand_caisse-noir.usdz,445,44,1024x1024,False,resized to 1024x1024,va208.jpg,12250321f4b61526cdfab3d088eae73fd5464545075f8a21bd2f20f310054d6c,
va208,grand,dibond,carre,100.0,100.0,100.0,100.0,2.3,models/va208/va208_grand_dibond.glb,443,models/va208/va208_grand_dibond.usdz,443,20,1024x1024,False,resized to 1024x1024,va208.jpg,12250321f4b61526cdfab3d088eae73fd5464545075f8a21bd2f20f310054d6c,
va208,moyen,caisse-blanc,carre,60.0,60.0,62.8,62.8,3.5,models/va208/va208_moyen_caisse-blanc.glb,445,models/va208/va208_moyen_caisse-blanc.usdz,445,44,1024x1024,False,resized to 1024x1024,va208.jpg,12250321f4b61526cdfab3d088eae73fd5464545075f8a21bd2f20f310054d6c,
va208,moyen,caisse-chene,carre,60.0,60.0,62.8,62.8,3.5,models/va208/va208_moyen_caisse-chene.glb,475,models/va208/va208_moyen_caisse-chene.usdz,475,44,1024x1024,False,resized to 1024x1024,va208.jpg,12250321f4b61526cdfab3d088eae73fd5464545075f8a21bd2f20f310054d6c,
va208,moyen,caisse-noir,carre,60.0,60.0,62.8,62.8,3.5,models/va208/va208_moyen_caisse-noir.glb,445,models/va208/va208_moyen_caisse-noir.usdz,445,44,1024x1024,False,resized to 1024x1024,va208.jpg,12250321f4b61526cdfab3d088eae73fd5464545075f8a21bd2f20f310054d6c,
va208,moyen,dibond,carre,60.0,60.0,60.0,60.0,2.3,models/va208/va208_moyen_dibond.glb,443,models/va208/va208_moyen_dibond.usdz,443,20,1024x1024,False,resized to 1024x1024,va208.jpg,12250321f4b61526cdfab3d088eae73fd5464545075f8a21bd2f20f310054d6c,
va208,moyen,passe-partout,carre,60.0,60.0,80.0,80.0,0.5,models/va208/va208_moyen_passe-partout.glb,445,models/va208/va208_moyen_passe-partout.usdz,444,38,1024x1024,False,resized to 1024x1024,va208.jpg,12250321f4b61526cdfab3d088eae73fd5464545075f8a21bd2f20f310054d6c,
va210,grand,caisse-blanc,carre,100.0,100.0,102.8,102.8,3.5,models/va210/va210_grand_caisse-blanc.glb,313,models/va210/va210_grand_caisse-blanc.usdz,313,44,1024x1024,False,resized to 1024x1024,va210.jpg,dfe28f5b78b67ba83ffa8212b51c43c804a05358e3fd56a0d8e8c9fd65ed2bef,
va210,grand,caisse-chene,carre,100.0,100.0,102.8,102.8,3.5,models/va210/va210_grand_caisse-chene.glb,343,models/va210/va210_grand_caisse-chene.usdz,343,44,1024x1024,False,resized to 1024x1024,va210.jpg,dfe28f5b78b67ba83ffa8212b51c43c804a05358e3fd56a0d8e8c9fd65ed2bef,
va210,grand,caisse-noir,carre,100.0,100.0,102.8,102.8,3.5,models/va210/va210_grand_caisse-noir.glb,313,models/va210/va210_grand_caisse-noir.usdz,313,44,1024x1024,False,resized to 1024x1024,va210.jpg,dfe28f5b78b67ba83ffa8212b51c43c804a05358e3fd56a0d8e8c9fd65ed2bef,
va210,grand,dibond,carre,100.0,100.0,100.0,100.0,2.3,models/va210/va210_grand_dibond.glb,311,models/va210/va210_grand_dibond.usdz,311,20,1024x1024,False,resized to 1024x1024,va210.jpg,dfe28f5b78b67ba83ffa8212b51c43c804a05358e3fd56a0d8e8c9fd65ed2bef,
va210,moyen,caisse-blanc,carre,60.0,60.0,62.8,62.8,3.5,models/va210/va210_moyen_caisse-blanc.glb,313,models/va210/va210_moyen_caisse-blanc.usdz,313,44,1024x1024,False,resized to 1024x1024,va210.jpg,dfe28f5b78b67ba83ffa8212b51c43c804a05358e3fd56a0d8e8c9fd65ed2bef,
va210,moyen,caisse-chene,carre,60.0,60.0,62.8,62.8,3.5,models/va210/va210_moyen_caisse-chene.glb,343,models/va210/va210_moyen_caisse-chene.usdz,343,44,1024x1024,False,resized to 1024x1024,va210.jpg,dfe28f5b78b67ba83ffa8212b51c43c804a05358e3fd56a0d8e8c9fd65ed2bef,
va210,moyen,caisse-noir,carre,60.0,60.0,62.8,62.8,3.5,models/va210/va210_moyen_caisse-noir.glb,313,models/va210/va210_moyen_caisse-noir.usdz,313,44,1024x1024,False,resized to 1024x1024,va210.jpg,dfe28f5b78b67ba83ffa8212b51c43c804a05358e3fd56a0d8e8c9fd65ed2bef,
va210,moyen,dibond,carre,60.0,60.0,60.0,60.0,2.3,models/va210/va210_moyen_dibond.glb,312,models/va210/va210_moyen_dibond.usdz,311,20,1024x1024,False,resized to 1024x1024,va210.jpg,dfe28f5b78b67ba83ffa8212b51c43c804a05358e3fd56a0d8e8c9fd65ed2bef,
va210,moyen,passe-partout,carre,60.0,60.0,80.0,80.0,0.5,models/va210/va210_moyen_passe-partout.glb,313,models/va210/va210_moyen_passe-partout.usdz,312,38,1024x1024,False,resized to 1024x1024,va210.jpg,dfe28f5b78b67ba83ffa8212b51c43c804a05358e3fd56a0d8e8c9fd65ed2bef,
va213,grand,caisse-blanc,carre,100.0,100.0,102.8,102.8,3.5,models/va213/va213_grand_caisse-blanc.glb,474,models/va213/va213_grand_caisse-blanc.usdz,473,44,1024x1024,False,resized to 1024x1024,va213.jpg,0c1d70e020d65af7761c107849ef57abcce713d4889aa4faff9a868dc73d9859,
va213,grand,caisse-chene,carre,100.0,100.0,102.8,102.8,3.5,models/va213/va213_grand_caisse-chene.glb,503,models/va213/va213_grand_caisse-chene.usdz,503,44,1024x1024,False,resized to 1024x1024,va213.jpg,0c1d70e020d65af7761c107849ef57abcce713d4889aa4faff9a868dc73d9859,
va213,grand,caisse-noir,carre,100.0,100.0,102.8,102.8,3.5,models/va213/va213_grand_caisse-noir.glb,474,models/va213/va213_grand_caisse-noir.usdz,473,44,1024x1024,False,resized to 1024x1024,va213.jpg,0c1d70e020d65af7761c107849ef57abcce713d4889aa4faff9a868dc73d9859,
va213,grand,dibond,carre,100.0,100.0,100.0,100.0,2.3,models/va213/va213_grand_dibond.glb,472,models/va213/va213_grand_dibond.usdz,471,20,1024x1024,False,resized to 1024x1024,va213.jpg,0c1d70e020d65af7761c107849ef57abcce713d4889aa4faff9a868dc73d9859,
va213,moyen,caisse-blanc,carre,60.0,60.0,62.8,62.8,3.5,models/va213/va213_moyen_caisse-blanc.glb,474,models/va213/va213_moyen_caisse-blanc.usdz,473,44,1024x1024,False,resized to 1024x1024,va213.jpg,0c1d70e020d65af7761c107849ef57abcce713d4889aa4faff9a868dc73d9859,
va213,moyen,caisse-chene,carre,60.0,60.0,62.8,62.8,3.5,models/va213/va213_moyen_caisse-chene.glb,504,models/va213/va213_moyen_caisse-chene.usdz,503,44,1024x1024,False,resized to 1024x1024,va213.jpg,0c1d70e020d65af7761c107849ef57abcce713d4889aa4faff9a868dc73d9859,
va213,moyen,caisse-noir,carre,60.0,60.0,62.8,62.8,3.5,models/va213/va213_moyen_caisse-noir.glb,474,models/va213/va213_moyen_caisse-noir.usdz,473,44,1024x1024,False,resized to 1024x1024,va213.jpg,0c1d70e020d65af7761c107849ef57abcce713d4889aa4faff9a868dc73d9859,
va213,moyen,dibond,carre,60.0,60.0,60.0,60.0,2.3,models/va213/va213_moyen_dibond.glb,472,models/va213/va213_moyen_dibond.usdz,471,20,1024x1024,False,resized to 1024x1024,va213.jpg,0c1d70e020d65af7761c107849ef57abcce713d4889aa4faff9a868dc73d9859,
va213,moyen,passe-partout,carre,60.0,60.0,80.0,80.0,0.5,models/va213/va213_moyen_passe-partout.glb,473,models/va213/va213_moyen_passe-partout.usdz,473,38,1024x1024,False,resized to 1024x1024,va213.jpg,0c1d70e020d65af7761c107849ef57abcce713d4889aa4faff9a868dc73d9859,
va218,grand,caisse-blanc,carre,100.0,100.0,102.8,102.8,3.5,models/va218/va218_grand_caisse-blanc.glb,449,models/va218/va218_grand_caisse-blanc.usdz,449,44,1024x1024,False,resized to 1024x1024,va218.jpg,85f7b3f46156689159271495b6003b67cd0bc5c6f2a2927c0051ca0178972cf2,
va218,grand,caisse-chene,carre,100.0,100.0,102.8,102.8,3.5,models/va218/va218_grand_caisse-chene.glb,479,models/va218/va218_grand_caisse-chene.usdz,479,44,1024x1024,False,resized to 1024x1024,va218.jpg,85f7b3f46156689159271495b6003b67cd0bc5c6f2a2927c0051ca0178972cf2,
va218,grand,caisse-noir,carre,100.0,100.0,102.8,102.8,3.5,models/va218/va218_grand_caisse-noir.glb,449,models/va218/va218_grand_caisse-noir.usdz,449,44,1024x1024,False,resized to 1024x1024,va218.jpg,85f7b3f46156689159271495b6003b67cd0bc5c6f2a2927c0051ca0178972cf2,
va218,grand,dibond,carre,100.0,100.0,100.0,100.0,2.3,models/va218/va218_grand_dibond.glb,448,models/va218/va218_grand_dibond.usdz,447,20,1024x1024,False,resized to 1024x1024,va218.jpg,85f7b3f46156689159271495b6003b67cd0bc5c6f2a2927c0051ca0178972cf2,
va218,moyen,caisse-blanc,carre,60.0,60.0,62.8,62.8,3.5,models/va218/va218_moyen_caisse-blanc.glb,449,models/va218/va218_moyen_caisse-blanc.usdz,449,44,1024x1024,False,resized to 1024x1024,va218.jpg,85f7b3f46156689159271495b6003b67cd0bc5c6f2a2927c0051ca0178972cf2,
va218,moyen,caisse-chene,carre,60.0,60.0,62.8,62.8,3.5,models/va218/va218_moyen_caisse-chene.glb,479,models/va218/va218_moyen_caisse-chene.usdz,479,44,1024x1024,False,resized to 1024x1024,va218.jpg,85f7b3f46156689159271495b6003b67cd0bc5c6f2a2927c0051ca0178972cf2,
va218,moyen,caisse-noir,carre,60.0,60.0,62.8,62.8,3.5,models/va218/va218_moyen_caisse-noir.glb,449,models/va218/va218_moyen_caisse-noir.usdz,449,44,1024x1024,False,resized to 1024x1024,va218.jpg,85f7b3f46156689159271495b6003b67cd0bc5c6f2a2927c0051ca0178972cf2,
va218,moyen,dibond,carre,60.0,60.0,60.0,60.0,2.3,models/va218/va218_moyen_dibond.glb,448,models/va218/va218_moyen_dibond.usdz,447,20,1024x1024,False,resized to 1024x1024,va218.jpg,85f7b3f46156689159271495b6003b67cd0bc5c6f2a2927c0051ca0178972cf2,
va218,moyen,passe-partout,carre,60.0,60.0,80.0,80.0,0.5,models/va218/va218_moyen_passe-partout.glb,449,models/va218/va218_moyen_passe-partout.usdz,448,38,1024x1024,False,resized to 1024x1024,va218.jpg,85f7b3f46156689159271495b6003b67cd0bc5c6f2a2927c0051ca0178972cf2,
va219,grand,caisse-blanc,carre,100.0,100.0,102.8,102.8,3.5,models/va219/va219_grand_caisse-blanc.glb,354,models/va219/va219_grand_caisse-blanc.usdz,354,44,1024x1024,False,resized to 1024x1024,va219.jpg,3820471094903c3d2bed2da3c9743b31d543fc051e651e42a42659fc921525c1,
va219,grand,caisse-chene,carre,100.0,100.0,102.8,102.8,3.5,models/va219/va219_grand_caisse-chene.glb,384,models/va219/va219_grand_caisse-chene.usdz,384,44,1024x1024,False,resized to 1024x1024,va219.jpg,3820471094903c3d2bed2da3c9743b31d543fc051e651e42a42659fc921525c1,
va219,grand,caisse-noir,carre,100.0,100.0,102.8,102.8,3.5,models/va219/va219_grand_caisse-noir.glb,354,models/va219/va219_grand_caisse-noir.usdz,354,44,1024x1024,False,resized to 1024x1024,va219.jpg,3820471094903c3d2bed2da3c9743b31d543fc051e651e42a42659fc921525c1,
va219,grand,dibond,carre,100.0,100.0,100.0,100.0,2.3,models/va219/va219_grand_dibond.glb,353,models/va219/va219_grand_dibond.usdz,352,20,1024x1024,False,resized to 1024x1024,va219.jpg,3820471094903c3d2bed2da3c9743b31d543fc051e651e42a42659fc921525c1,
va219,moyen,caisse-blanc,carre,60.0,60.0,62.8,62.8,3.5,models/va219/va219_moyen_caisse-blanc.glb,355,models/va219/va219_moyen_caisse-blanc.usdz,354,44,1024x1024,False,resized to 1024x1024,va219.jpg,3820471094903c3d2bed2da3c9743b31d543fc051e651e42a42659fc921525c1,
va219,moyen,caisse-chene,carre,60.0,60.0,62.8,62.8,3.5,models/va219/va219_moyen_caisse-chene.glb,384,models/va219/va219_moyen_caisse-chene.usdz,384,44,1024x1024,False,resized to 1024x1024,va219.jpg,3820471094903c3d2bed2da3c9743b31d543fc051e651e42a42659fc921525c1,
va219,moyen,caisse-noir,carre,60.0,60.0,62.8,62.8,3.5,models/va219/va219_moyen_caisse-noir.glb,355,models/va219/va219_moyen_caisse-noir.usdz,354,44,1024x1024,False,resized to 1024x1024,va219.jpg,3820471094903c3d2bed2da3c9743b31d543fc051e651e42a42659fc921525c1,
va219,moyen,dibond,carre,60.0,60.0,60.0,60.0,2.3,models/va219/va219_moyen_dibond.glb,353,models/va219/va219_moyen_dibond.usdz,352,20,1024x1024,False,resized to 1024x1024,va219.jpg,3820471094903c3d2bed2da3c9743b31d543fc051e651e42a42659fc921525c1,
va219,moyen,passe-partout,carre,60.0,60.0,80.0,80.0,0.5,models/va219/va219_moyen_passe-partout.glb,354,models/va219/va219_moyen_passe-partout.usdz,353,38,1024x1024,False,resized to 1024x1024,va219.jpg,3820471094903c3d2bed2da3c9743b31d543fc051e651e42a42659fc921525c1,
va231,grand,caisse-blanc,carre,100.0,100.0,102.8,102.8,3.5,models/va231/va231_grand_caisse-blanc.glb,393,models/va231/va231_grand_caisse-blanc.usdz,392,44,1024x1024,False,resized to 1024x1024,va231.jpg,edb55a4a543e7a30fb550b220b25788b3d66c963d0c66fd5b136dfba98cf381d,
va231,grand,caisse-chene,carre,100.0,100.0,102.8,102.8,3.5,models/va231/va231_grand_caisse-chene.glb,423,models/va231/va231_grand_caisse-chene.usdz,422,44,1024x1024,False,resized to 1024x1024,va231.jpg,edb55a4a543e7a30fb550b220b25788b3d66c963d0c66fd5b136dfba98cf381d,
va231,grand,caisse-noir,carre,100.0,100.0,102.8,102.8,3.5,models/va231/va231_grand_caisse-noir.glb,393,models/va231/va231_grand_caisse-noir.usdz,392,44,1024x1024,False,resized to 1024x1024,va231.jpg,edb55a4a543e7a30fb550b220b25788b3d66c963d0c66fd5b136dfba98cf381d,
va231,grand,dibond,carre,100.0,100.0,100.0,100.0,2.3,models/va231/va231_grand_dibond.glb,391,models/va231/va231_grand_dibond.usdz,391,20,1024x1024,False,resized to 1024x1024,va231.jpg,edb55a4a543e7a30fb550b220b25788b3d66c963d0c66fd5b136dfba98cf381d,
va231,moyen,caisse-blanc,carre,60.0,60.0,62.8,62.8,3.5,models/va231/va231_moyen_caisse-blanc.glb,393,models/va231/va231_moyen_caisse-blanc.usdz,392,44,1024x1024,False,resized to 1024x1024,va231.jpg,edb55a4a543e7a30fb550b220b25788b3d66c963d0c66fd5b136dfba98cf381d,
va231,moyen,caisse-chene,carre,60.0,60.0,62.8,62.8,3.5,models/va231/va231_moyen_caisse-chene.glb,423,models/va231/va231_moyen_caisse-chene.usdz,422,44,1024x1024,False,resized to 1024x1024,va231.jpg,edb55a4a543e7a30fb550b220b25788b3d66c963d0c66fd5b136dfba98cf381d,
va231,moyen,caisse-noir,carre,60.0,60.0,62.8,62.8,3.5,models/va231/va231_moyen_caisse-noir.glb,393,models/va231/va231_moyen_caisse-noir.usdz,392,44,1024x1024,False,resized to 1024x1024,va231.jpg,edb55a4a543e7a30fb550b220b25788b3d66c963d0c66fd5b136dfba98cf381d,
va231,moyen,dibond,carre,60.0,60.0,60.0,60.0,2.3,models/va231/va231_moyen_dibond.glb,391,models/va231/va231_moyen_dibond.usdz,391,20,1024x1024,False,resized to 1024x1024,va231.jpg,edb55a4a543e7a30fb550b220b25788b3d66c963d0c66fd5b136dfba98cf381d,
va231,moyen,passe-partout,carre,60.0,60.0,80.0,80.0,0.5,models/va231/va231_moyen_passe-partout.glb,392,models/va231/va231_moyen_passe-partout.usdz,392,38,1024x1024,False,resized to 1024x1024,va231.jpg,edb55a4a543e7a30fb550b220b25788b3d66c963d0c66fd5b136dfba98cf381d,
va238,grand,caisse-blanc,carre,100.0,100.0,102.8,102.8,3.5,models/va238/va238_grand_caisse-blanc.glb,298,models/va238/va238_grand_caisse-blanc.usdz,297,44,1024x1024,False,resized to 1024x1024,va238.jpg,ee5bafa3a6465cd117a95fe36906041a042a3aec0d5c3a924f7af374485b9976,
va238,grand,caisse-chene,carre,100.0,100.0,102.8,102.8,3.5,models/va238/va238_grand_caisse-chene.glb,328,models/va238/va238_grand_caisse-chene.usdz,327,44,1024x1024,False,resized to 1024x1024,va238.jpg,ee5bafa3a6465cd117a95fe36906041a042a3aec0d5c3a924f7af374485b9976,
va238,grand,caisse-noir,carre,100.0,100.0,102.8,102.8,3.5,models/va238/va238_grand_caisse-noir.glb,298,models/va238/va238_grand_caisse-noir.usdz,297,44,1024x1024,False,resized to 1024x1024,va238.jpg,ee5bafa3a6465cd117a95fe36906041a042a3aec0d5c3a924f7af374485b9976,
va238,grand,dibond,carre,100.0,100.0,100.0,100.0,2.3,models/va238/va238_grand_dibond.glb,296,models/va238/va238_grand_dibond.usdz,296,20,1024x1024,False,resized to 1024x1024,va238.jpg,ee5bafa3a6465cd117a95fe36906041a042a3aec0d5c3a924f7af374485b9976,
va238,moyen,caisse-blanc,carre,60.0,60.0,62.8,62.8,3.5,models/va238/va238_moyen_caisse-blanc.glb,298,models/va238/va238_moyen_caisse-blanc.usdz,297,44,1024x1024,False,resized to 1024x1024,va238.jpg,ee5bafa3a6465cd117a95fe36906041a042a3aec0d5c3a924f7af374485b9976,
va238,moyen,caisse-chene,carre,60.0,60.0,62.8,62.8,3.5,models/va238/va238_moyen_caisse-chene.glb,328,models/va238/va238_moyen_caisse-chene.usdz,327,44,1024x1024,False,resized to 1024x1024,va238.jpg,ee5bafa3a6465cd117a95fe36906041a042a3aec0d5c3a924f7af374485b9976,
va238,moyen,caisse-noir,carre,60.0,60.0,62.8,62.8,3.5,models/va238/va238_moyen_caisse-noir.glb,298,models/va238/va238_moyen_caisse-noir.usdz,297,44,1024x1024,False,resized to 1024x1024,va238.jpg,ee5bafa3a6465cd117a95fe36906041a042a3aec0d5c3a924f7af374485b9976,
va238,moyen,dibond,carre,60.0,60.0,60.0,60.0,2.3,models/va238/va238_moyen_dibond.glb,296,models/va238/va238_moyen_dibond.usdz,296,20,1024x1024,False,resized to 1024x1024,va238.jpg,ee5bafa3a6465cd117a95fe36906041a042a3aec0d5c3a924f7af374485b9976,
va238,moyen,passe-partout,carre,60.0,60.0,80.0,80.0,0.5,models/va238/va238_moyen_passe-partout.glb,297,models/va238/va238_moyen_passe-partout.usdz,297,38,1024x1024,False,resized to 1024x1024,va238.jpg,ee5bafa3a6465cd117a95fe36906041a042a3aec0d5c3a924f7af374485b9976,
va241,grand,caisse-blanc,carre,100.0,100.0,102.8,102.8,3.5,models/va241/va241_grand_caisse-blanc.glb,452,models/va241/va241_grand_caisse-blanc.usdz,451,44,1024x1024,False,resized to 1024x1024,va241.jpg,1e06d492250cf3c5b779caf68ae3ff48f6cdc8aadc8ba24169444d6017e4fb07,
va241,grand,caisse-chene,carre,100.0,100.0,102.8,102.8,3.5,models/va241/va241_grand_caisse-chene.glb,482,models/va241/va241_grand_caisse-chene.usdz,481,44,1024x1024,False,resized to 1024x1024,va241.jpg,1e06d492250cf3c5b779caf68ae3ff48f6cdc8aadc8ba24169444d6017e4fb07,
va241,grand,caisse-noir,carre,100.0,100.0,102.8,102.8,3.5,models/va241/va241_grand_caisse-noir.glb,452,models/va241/va241_grand_caisse-noir.usdz,451,44,1024x1024,False,resized to 1024x1024,va241.jpg,1e06d492250cf3c5b779caf68ae3ff48f6cdc8aadc8ba24169444d6017e4fb07,
va241,grand,dibond,carre,100.0,100.0,100.0,100.0,2.3,models/va241/va241_grand_dibond.glb,450,models/va241/va241_grand_dibond.usdz,450,20,1024x1024,False,resized to 1024x1024,va241.jpg,1e06d492250cf3c5b779caf68ae3ff48f6cdc8aadc8ba24169444d6017e4fb07,
va241,moyen,caisse-blanc,carre,60.0,60.0,62.8,62.8,3.5,models/va241/va241_moyen_caisse-blanc.glb,452,models/va241/va241_moyen_caisse-blanc.usdz,451,44,1024x1024,False,resized to 1024x1024,va241.jpg,1e06d492250cf3c5b779caf68ae3ff48f6cdc8aadc8ba24169444d6017e4fb07,
va241,moyen,caisse-chene,carre,60.0,60.0,62.8,62.8,3.5,models/va241/va241_moyen_caisse-chene.glb,482,models/va241/va241_moyen_caisse-chene.usdz,481,44,1024x1024,False,resized to 1024x1024,va241.jpg,1e06d492250cf3c5b779caf68ae3ff48f6cdc8aadc8ba24169444d6017e4fb07,
va241,moyen,caisse-noir,carre,60.0,60.0,62.8,62.8,3.5,models/va241/va241_moyen_caisse-noir.glb,452,models/va241/va241_moyen_caisse-noir.usdz,451,44,1024x1024,False,resized to 1024x1024,va241.jpg,1e06d492250cf3c5b779caf68ae3ff48f6cdc8aadc8ba24169444d6017e4fb07,
va241,moyen,dibond,carre,60.0,60.0,60.0,60.0,2.3,models/va241/va241_moyen_dibond.glb,450,models/va241/va241_moyen_dibond.usdz,450,20,1024x1024,False,resized to 1024x1024,va241.jpg,1e06d492250cf3c5b779caf68ae3ff48f6cdc8aadc8ba24169444d6017e4fb07,
va241,moyen,passe-partout,carre,60.0,60.0,80.0,80.0,0.5,models/va241/va241_moyen_passe-partout.glb,451,models/va241/va241_moyen_passe-partout.usdz,451,38,1024x1024,False,resized to 1024x1024,va241.jpg,1e06d492250cf3c5b779caf68ae3ff48f6cdc8aadc8ba24169444d6017e4fb07,
va243,grand,caisse-blanc,carre,100.0,100.0,102.8,102.8,3.5,models/va243/va243_grand_caisse-blanc.glb,496,models/va243/va243_grand_caisse-blanc.usdz,496,44,1024x1024,False,resized to 1024x1024,va243.jpg,85f4343a66c63518fcd189edc7c42994f9ffef8afe7c1d6ac3485cf2c694d29b,
va243,grand,caisse-chene,carre,100.0,100.0,102.8,102.8,3.5,models/va243/va243_grand_caisse-chene.glb,526,models/va243/va243_grand_caisse-chene.usdz,526,44,1024x1024,False,resized to 1024x1024,va243.jpg,85f4343a66c63518fcd189edc7c42994f9ffef8afe7c1d6ac3485cf2c694d29b,
va243,grand,caisse-noir,carre,100.0,100.0,102.8,102.8,3.5,models/va243/va243_grand_caisse-noir.glb,496,models/va243/va243_grand_caisse-noir.usdz,496,44,1024x1024,False,resized to 1024x1024,va243.jpg,85f4343a66c63518fcd189edc7c42994f9ffef8afe7c1d6ac3485cf2c694d29b,
va243,grand,dibond,carre,100.0,100.0,100.0,100.0,2.3,models/va243/va243_grand_dibond.glb,494,models/va243/va243_grand_dibond.usdz,494,20,1024x1024,False,resized to 1024x1024,va243.jpg,85f4343a66c63518fcd189edc7c42994f9ffef8afe7c1d6ac3485cf2c694d29b,
va243,moyen,caisse-blanc,carre,60.0,60.0,62.8,62.8,3.5,models/va243/va243_moyen_caisse-blanc.glb,496,models/va243/va243_moyen_caisse-blanc.usdz,496,44,1024x1024,False,resized to 1024x1024,va243.jpg,85f4343a66c63518fcd189edc7c42994f9ffef8afe7c1d6ac3485cf2c694d29b,
va243,moyen,caisse-chene,carre,60.0,60.0,62.8,62.8,3.5,models/va243/va243_moyen_caisse-chene.glb,526,models/va243/va243_moyen_caisse-chene.usdz,526,44,1024x1024,False,resized to 1024x1024,va243.jpg,85f4343a66c63518fcd189edc7c42994f9ffef8afe7c1d6ac3485cf2c694d29b,
va243,moyen,caisse-noir,carre,60.0,60.0,62.8,62.8,3.5,models/va243/va243_moyen_caisse-noir.glb,496,models/va243/va243_moyen_caisse-noir.usdz,496,44,1024x1024,False,resized to 1024x1024,va243.jpg,85f4343a66c63518fcd189edc7c42994f9ffef8afe7c1d6ac3485cf2c694d29b,
va243,moyen,dibond,carre,60.0,60.0,60.0,60.0,2.3,models/va243/va243_moyen_dibond.glb,494,models/va243/va243_moyen_dibond.usdz,494,20,1024x1024,False,resized to 1024x1024,va243.jpg,85f4343a66c63518fcd189edc7c42994f9ffef8afe7c1d6ac3485cf2c694d29b,
va243,moyen,passe-partout,carre,60.0,60.0,80.0,80.0,0.5,models/va243/va243_moyen_passe-partout.glb,496,models/va243/va243_moyen_passe-partout.usdz,495,38,1024x1024,False,resized to 1024x1024,va243.jpg,85f4343a66c63518fcd189edc7c42994f9ffef8afe7c1d6ac3485cf2c694d29b,
va249,grand,caisse-blanc,carre,100.0,100.0,102.8,102.8,3.5,models/va249/va249_grand_caisse-blanc.glb,359,models/va249/va249_grand_caisse-blanc.usdz,359,44,1024x1024,False,resized to 1024x1024,va249.jpg,fc4a8f6eda27d843e69b52d7a88e8f9a96003eb77db41532835ec2b43d485850,
va249,grand,caisse-chene,carre,100.0,100.0,102.8,102.8,3.5,models/va249/va249_grand_caisse-chene.glb,389,models/va249/va249_grand_caisse-chene.usdz,389,44,1024x1024,False,resized to 1024x1024,va249.jpg,fc4a8f6eda27d843e69b52d7a88e8f9a96003eb77db41532835ec2b43d485850,
va249,grand,caisse-noir,carre,100.0,100.0,102.8,102.8,3.5,models/va249/va249_grand_caisse-noir.glb,359,models/va249/va249_grand_caisse-noir.usdz,359,44,1024x1024,False,resized to 1024x1024,va249.jpg,fc4a8f6eda27d843e69b52d7a88e8f9a96003eb77db41532835ec2b43d485850,
va249,grand,dibond,carre,100.0,100.0,100.0,100.0,2.3,models/va249/va249_grand_dibond.glb,357,models/va249/va249_grand_dibond.usdz,357,20,1024x1024,False,resized to 1024x1024,va249.jpg,fc4a8f6eda27d843e69b52d7a88e8f9a96003eb77db41532835ec2b43d485850,
va249,moyen,caisse-blanc,carre,60.0,60.0,62.8,62.8,3.5,models/va249/va249_moyen_caisse-blanc.glb,359,models/va249/va249_moyen_caisse-blanc.usdz,359,44,1024x1024,False,resized to 1024x1024,va249.jpg,fc4a8f6eda27d843e69b52d7a88e8f9a96003eb77db41532835ec2b43d485850,
va249,moyen,caisse-chene,carre,60.0,60.0,62.8,62.8,3.5,models/va249/va249_moyen_caisse-chene.glb,389,models/va249/va249_moyen_caisse-chene.usdz,389,44,1024x1024,False,resized to 1024x1024,va249.jpg,fc4a8f6eda27d843e69b52d7a88e8f9a96003eb77db41532835ec2b43d485850,
va249,moyen,caisse-noir,carre,60.0,60.0,62.8,62.8,3.5,models/va249/va249_moyen_caisse-noir.glb,359,models/va249/va249_moyen_caisse-noir.usdz,359,44,1024x1024,False,resized to 1024x1024,va249.jpg,fc4a8f6eda27d843e69b52d7a88e8f9a96003eb77db41532835ec2b43d485850,
va249,moyen,dibond,carre,60.0,60.0,60.0,60.0,2.3,models/va249/va249_moyen_dibond.glb,357,models/va249/va249_moyen_dibond.usdz,357,20,1024x1024,False,resized to 1024x1024,va249.jpg,fc4a8f6eda27d843e69b52d7a88e8f9a96003eb77db41532835ec2b43d485850,
va249,moyen,passe-partout,carre,60.0,60.0,80.0,80.0,0.5,models/va249/va249_moyen_passe-partout.glb,359,models/va249/va249_moyen_passe-partout.usdz,358,38,1024x1024,False,resized to 1024x1024,va249.jpg,fc4a8f6eda27d843e69b52d7a88e8f9a96003eb77db41532835ec2b43d485850,
va250,grand,caisse-blanc,carre,100.0,100.0,102.8,102.8,3.5,models/va250/va250_grand_caisse-blanc.glb,302,models/va250/va250_grand_caisse-blanc.usdz,302,44,1024x1024,False,resized to 1024x1024,va250.jpg,61f6375aa16c0dcd5ab679d3e1cfbf9007504fa516c2c1f7ef8f0ea4c78760c1,
va250,grand,caisse-chene,carre,100.0,100.0,102.8,102.8,3.5,models/va250/va250_grand_caisse-chene.glb,332,models/va250/va250_grand_caisse-chene.usdz,332,44,1024x1024,False,resized to 1024x1024,va250.jpg,61f6375aa16c0dcd5ab679d3e1cfbf9007504fa516c2c1f7ef8f0ea4c78760c1,
va250,grand,caisse-noir,carre,100.0,100.0,102.8,102.8,3.5,models/va250/va250_grand_caisse-noir.glb,302,models/va250/va250_grand_caisse-noir.usdz,302,44,1024x1024,False,resized to 1024x1024,va250.jpg,61f6375aa16c0dcd5ab679d3e1cfbf9007504fa516c2c1f7ef8f0ea4c78760c1,
va250,grand,dibond,carre,100.0,100.0,100.0,100.0,2.3,models/va250/va250_grand_dibond.glb,300,models/va250/va250_grand_dibond.usdz,300,20,1024x1024,False,resized to 1024x1024,va250.jpg,61f6375aa16c0dcd5ab679d3e1cfbf9007504fa516c2c1f7ef8f0ea4c78760c1,
va250,moyen,caisse-blanc,carre,60.0,60.0,62.8,62.8,3.5,models/va250/va250_moyen_caisse-blanc.glb,302,models/va250/va250_moyen_caisse-blanc.usdz,302,44,1024x1024,False,resized to 1024x1024,va250.jpg,61f6375aa16c0dcd5ab679d3e1cfbf9007504fa516c2c1f7ef8f0ea4c78760c1,
va250,moyen,caisse-chene,carre,60.0,60.0,62.8,62.8,3.5,models/va250/va250_moyen_caisse-chene.glb,332,models/va250/va250_moyen_caisse-chene.usdz,332,44,1024x1024,False,resized to 1024x1024,va250.jpg,61f6375aa16c0dcd5ab679d3e1cfbf9007504fa516c2c1f7ef8f0ea4c78760c1,
va250,moyen,caisse-noir,carre,60.0,60.0,62.8,62.8,3.5,models/va250/va250_moyen_caisse-noir.glb,302,models/va250/va250_moyen_caisse-noir.usdz,302,44,1024x1024,False,resized to 1024x1024,va250.jpg,61f6375aa16c0dcd5ab679d3e1cfbf9007504fa516c2c1f7ef8f0ea4c78760c1,
va250,moyen,dibond,carre,60.0,60.0,60.0,60.0,2.3,models/va250/va250_moyen_dibond.glb,301,models/va250/va250_moyen_dibond.usdz,300,20,1024x1024,False,resized to 1024x1024,va250.jpg,61f6375aa16c0dcd5ab679d3e1cfbf9007504fa516c2c1f7ef8f0ea4c78760c1,
va250,moyen,passe-partout,carre,60.0,60.0,80.0,80.0,0.5,models/va250/va250_moyen_passe-partout.glb,302,models/va250/va250_moyen_passe-partout.usdz,301,38,1024x1024,False,resized to 1024x1024,va250.jpg,61f6375aa16c0dcd5ab679d3e1cfbf9007504fa516c2c1f7ef8f0ea4c78760c1,
va270,grand,caisse-blanc,carre,100.0,100.0,102.8,102.8,3.5,models/va270/va270_grand_caisse-blanc.glb,452,models/va270/va270_grand_caisse-blanc.usdz,452,44,1024x1024,False,resized to 1024x1024,va270.jpg,5af3a89ab859fa0bb6e9338f9b6e6205ab65e73a371dccddfdab98ac501ea61e,
va270,grand,caisse-chene,carre,100.0,100.0,102.8,102.8,3.5,models/va270/va270_grand_caisse-chene.glb,482,models/va270/va270_grand_caisse-chene.usdz,482,44,1024x1024,False,resized to 1024x1024,va270.jpg,5af3a89ab859fa0bb6e9338f9b6e6205ab65e73a371dccddfdab98ac501ea61e,
va270,grand,caisse-noir,carre,100.0,100.0,102.8,102.8,3.5,models/va270/va270_grand_caisse-noir.glb,452,models/va270/va270_grand_caisse-noir.usdz,452,44,1024x1024,False,resized to 1024x1024,va270.jpg,5af3a89ab859fa0bb6e9338f9b6e6205ab65e73a371dccddfdab98ac501ea61e,
va270,grand,dibond,carre,100.0,100.0,100.0,100.0,2.3,models/va270/va270_grand_dibond.glb,450,models/va270/va270_grand_dibond.usdz,450,20,1024x1024,False,resized to 1024x1024,va270.jpg,5af3a89ab859fa0bb6e9338f9b6e6205ab65e73a371dccddfdab98ac501ea61e,
va270,moyen,caisse-blanc,carre,60.0,60.0,62.8,62.8,3.5,models/va270/va270_moyen_caisse-blanc.glb,452,models/va270/va270_moyen_caisse-blanc.usdz,452,44,1024x1024,False,resized to 1024x1024,va270.jpg,5af3a89ab859fa0bb6e9338f9b6e6205ab65e73a371dccddfdab98ac501ea61e,
va270,moyen,caisse-chene,carre,60.0,60.0,62.8,62.8,3.5,models/va270/va270_moyen_caisse-chene.glb,482,models/va270/va270_moyen_caisse-chene.usdz,482,44,1024x1024,False,resized to 1024x1024,va270.jpg,5af3a89ab859fa0bb6e9338f9b6e6205ab65e73a371dccddfdab98ac501ea61e,
va270,moyen,caisse-noir,carre,60.0,60.0,62.8,62.8,3.5,models/va270/va270_moyen_caisse-noir.glb,452,models/va270/va270_moyen_caisse-noir.usdz,452,44,1024x1024,False,resized to 1024x1024,va270.jpg,5af3a89ab859fa0bb6e9338f9b6e6205ab65e73a371dccddfdab98ac501ea61e,
va270,moyen,dibond,carre,60.0,60.0,60.0,60.0,2.3,models/va270/va270_moyen_dibond.glb,450,models/va270/va270_moyen_dibond.usdz,450,20,1024x1024,False,resized to 1024x1024,va270.jpg,5af3a89ab859fa0bb6e9338f9b6e6205ab65e73a371dccddfdab98ac501ea61e,
va270,moyen,passe-partout,carre,60.0,60.0,80.0,80.0,0.5,models/va270/va270_moyen_passe-partout.glb,452,models/va270/va270_moyen_passe-partout.usdz,451,38,1024x1024,False,resized to 1024x1024,va270.jpg,5af3a89ab859fa0bb6e9338f9b6e6205ab65e73a371dccddfdab98ac501ea61e,
va273,grand,caisse-blanc,carre,100.0,100.0,102.8,102.8,3.5,models/va273/va273_grand_caisse-blanc.glb,249,models/va273/va273_grand_caisse-blanc.usdz,249,44,1024x1024,False,resized to 1024x1024,va273.jpg,b3f49401bc34ac4a75118d6f4312343dc6477126a31d744ac4c6576f43b4a06e,
va273,grand,caisse-chene,carre,100.0,100.0,102.8,102.8,3.5,models/va273/va273_grand_caisse-chene.glb,279,models/va273/va273_grand_caisse-chene.usdz,279,44,1024x1024,False,resized to 1024x1024,va273.jpg,b3f49401bc34ac4a75118d6f4312343dc6477126a31d744ac4c6576f43b4a06e,
va273,grand,caisse-noir,carre,100.0,100.0,102.8,102.8,3.5,models/va273/va273_grand_caisse-noir.glb,249,models/va273/va273_grand_caisse-noir.usdz,249,44,1024x1024,False,resized to 1024x1024,va273.jpg,b3f49401bc34ac4a75118d6f4312343dc6477126a31d744ac4c6576f43b4a06e,
va273,grand,dibond,carre,100.0,100.0,100.0,100.0,2.3,models/va273/va273_grand_dibond.glb,247,models/va273/va273_grand_dibond.usdz,247,20,1024x1024,False,resized to 1024x1024,va273.jpg,b3f49401bc34ac4a75118d6f4312343dc6477126a31d744ac4c6576f43b4a06e,
va273,moyen,caisse-blanc,carre,60.0,60.0,62.8,62.8,3.5,models/va273/va273_moyen_caisse-blanc.glb,249,models/va273/va273_moyen_caisse-blanc.usdz,249,44,1024x1024,False,resized to 1024x1024,va273.jpg,b3f49401bc34ac4a75118d6f4312343dc6477126a31d744ac4c6576f43b4a06e,
va273,moyen,caisse-chene,carre,60.0,60.0,62.8,62.8,3.5,models/va273/va273_moyen_caisse-chene.glb,279,models/va273/va273_moyen_caisse-chene.usdz,279,44,1024x1024,False,resized to 1024x1024,va273.jpg,b3f49401bc34ac4a75118d6f4312343dc6477126a31d744ac4c6576f43b4a06e,
va273,moyen,caisse-noir,carre,60.0,60.0,62.8,62.8,3.5,models/va273/va273_moyen_caisse-noir.glb,249,models/va273/va273_moyen_caisse-noir.usdz,249,44,1024x1024,False,resized to 1024x1024,va273.jpg,b3f49401bc34ac4a75118d6f4312343dc6477126a31d744ac4c6576f43b4a06e,
va273,moyen,dibond,carre,60.0,60.0,60.0,60.0,2.3,models/va273/va273_moyen_dibond.glb,248,models/va273/va273_moyen_dibond.usdz,247,20,1024x1024,False,resized to 1024x1024,va273.jpg,b3f49401bc34ac4a75118d6f4312343dc6477126a31d744ac4c6576f43b4a06e,
va273,moyen,passe-partout,carre,60.0,60.0,80.0,80.0,0.5,models/va273/va273_moyen_passe-partout.glb,249,models/va273/va273_moyen_passe-partout.usdz,248,38,1024x1024,False,resized to 1024x1024,va273.jpg,b3f49401bc34ac4a75118d6f4312343dc6477126a31d744ac4c6576f43b4a06e,
va276,grand,caisse-blanc,carre,100.0,100.0,102.8,102.8,3.5,models/va276/va276_grand_caisse-blanc.glb,349,models/va276/va276_grand_caisse-blanc.usdz,349,44,1024x1024,False,resized to 1024x1024,va276.jpg,33c5efb9de815713ca07c728409ec6cb8daa13cb3c71ad12a8ceb56d3cc78fe7,
va276,grand,caisse-chene,carre,100.0,100.0,102.8,102.8,3.5,models/va276/va276_grand_caisse-chene.glb,379,models/va276/va276_grand_caisse-chene.usdz,379,44,1024x1024,False,resized to 1024x1024,va276.jpg,33c5efb9de815713ca07c728409ec6cb8daa13cb3c71ad12a8ceb56d3cc78fe7,
va276,grand,caisse-noir,carre,100.0,100.0,102.8,102.8,3.5,models/va276/va276_grand_caisse-noir.glb,349,models/va276/va276_grand_caisse-noir.usdz,349,44,1024x1024,False,resized to 1024x1024,va276.jpg,33c5efb9de815713ca07c728409ec6cb8daa13cb3c71ad12a8ceb56d3cc78fe7,
va276,grand,dibond,carre,100.0,100.0,100.0,100.0,2.3,models/va276/va276_grand_dibond.glb,347,models/va276/va276_grand_dibond.usdz,347,20,1024x1024,False,resized to 1024x1024,va276.jpg,33c5efb9de815713ca07c728409ec6cb8daa13cb3c71ad12a8ceb56d3cc78fe7,
va276,moyen,caisse-blanc,carre,60.0,60.0,62.8,62.8,3.5,models/va276/va276_moyen_caisse-blanc.glb,349,models/va276/va276_moyen_caisse-blanc.usdz,349,44,1024x1024,False,resized to 1024x1024,va276.jpg,33c5efb9de815713ca07c728409ec6cb8daa13cb3c71ad12a8ceb56d3cc78fe7,
va276,moyen,caisse-chene,carre,60.0,60.0,62.8,62.8,3.5,models/va276/va276_moyen_caisse-chene.glb,379,models/va276/va276_moyen_caisse-chene.usdz,379,44,1024x1024,False,resized to 1024x1024,va276.jpg,33c5efb9de815713ca07c728409ec6cb8daa13cb3c71ad12a8ceb56d3cc78fe7,
va276,moyen,caisse-noir,carre,60.0,60.0,62.8,62.8,3.5,models/va276/va276_moyen_caisse-noir.glb,349,models/va276/va276_moyen_caisse-noir.usdz,349,44,1024x1024,False,resized to 1024x1024,va276.jpg,33c5efb9de815713ca07c728409ec6cb8daa13cb3c71ad12a8ceb56d3cc78fe7,
va276,moyen,dibond,carre,60.0,60.0,60.0,60.0,2.3,models/va276/va276_moyen_dibond.glb,348,models/va276/va276_moyen_dibond.usdz,347,20,1024x1024,False,resized to 1024x1024,va276.jpg,33c5efb9de815713ca07c728409ec6cb8daa13cb3c71ad12a8ceb56d3cc78fe7,
va276,moyen,passe-partout,carre,60.0,60.0,80.0,80.0,0.5,models/va276/va276_moyen_passe-partout.glb,349,models/va276/va276_moyen_passe-partout.usdz,348,38,1024x1024,False,resized to 1024x1024,va276.jpg,33c5efb9de815713ca07c728409ec6cb8daa13cb3c71ad12a8ceb56d3cc78fe7,
va286,grand,caisse-blanc,carre,100.0,100.0,102.8,102.8,3.5,models/va286/va286_grand_caisse-blanc.glb,396,models/va286/va286_grand_caisse-blanc.usdz,396,44,1024x1024,False,resized to 1024x1024,va286.jpg,686582dfa5e318b2ed523b8a95eb4f8e7fcb2d329b27ef5d8a0391843a318e5d,
va286,grand,caisse-chene,carre,100.0,100.0,102.8,102.8,3.5,models/va286/va286_grand_caisse-chene.glb,426,models/va286/va286_grand_caisse-chene.usdz,426,44,1024x1024,False,resized to 1024x1024,va286.jpg,686582dfa5e318b2ed523b8a95eb4f8e7fcb2d329b27ef5d8a0391843a318e5d,
va286,grand,caisse-noir,carre,100.0,100.0,102.8,102.8,3.5,models/va286/va286_grand_caisse-noir.glb,396,models/va286/va286_grand_caisse-noir.usdz,396,44,1024x1024,False,resized to 1024x1024,va286.jpg,686582dfa5e318b2ed523b8a95eb4f8e7fcb2d329b27ef5d8a0391843a318e5d,
va286,grand,dibond,carre,100.0,100.0,100.0,100.0,2.3,models/va286/va286_grand_dibond.glb,394,models/va286/va286_grand_dibond.usdz,394,20,1024x1024,False,resized to 1024x1024,va286.jpg,686582dfa5e318b2ed523b8a95eb4f8e7fcb2d329b27ef5d8a0391843a318e5d,
va286,moyen,caisse-blanc,carre,60.0,60.0,62.8,62.8,3.5,models/va286/va286_moyen_caisse-blanc.glb,396,models/va286/va286_moyen_caisse-blanc.usdz,396,44,1024x1024,False,resized to 1024x1024,va286.jpg,686582dfa5e318b2ed523b8a95eb4f8e7fcb2d329b27ef5d8a0391843a318e5d,
va286,moyen,caisse-chene,carre,60.0,60.0,62.8,62.8,3.5,models/va286/va286_moyen_caisse-chene.glb,426,models/va286/va286_moyen_caisse-chene.usdz,426,44,1024x1024,False,resized to 1024x1024,va286.jpg,686582dfa5e318b2ed523b8a95eb4f8e7fcb2d329b27ef5d8a0391843a318e5d,
va286,moyen,caisse-noir,carre,60.0,60.0,62.8,62.8,3.5,models/va286/va286_moyen_caisse-noir.glb,396,models/va286/va286_moyen_caisse-noir.usdz,396,44,1024x1024,False,resized to 1024x1024,va286.jpg,686582dfa5e318b2ed523b8a95eb4f8e7fcb2d329b27ef5d8a0391843a318e5d,
va286,moyen,dibond,carre,60.0,60.0,60.0,60.0,2.3,models/va286/va286_moyen_dibond.glb,395,models/va286/va286_moyen_dibond.usdz,394,20,1024x1024,False,resized to 1024x1024,va286.jpg,686582dfa5e318b2ed523b8a95eb4f8e7fcb2d329b27ef5d8a0391843a318e5d,
va286,moyen,passe-partout,carre,60.0,60.0,80.0,80.0,0.5,models/va286/va286_moyen_passe-partout.glb,396,models/va286/va286_moyen_passe-partout.usdz,395,38,1024x1024,False,resized to 1024x1024,va286.jpg,686582dfa5e318b2ed523b8a95eb4f8e7fcb2d329b27ef5d8a0391843a318e5d,
va287,grand,caisse-blanc,carre,100.0,100.0,102.8,102.8,3.5,models/va287/va287_grand_caisse-blanc.glb,276,models/va287/va287_grand_caisse-blanc.usdz,276,44,1024x1024,False,resized to 1024x1024,va287.jpg,87ad849cce0eb18a3938b66b6d0195bc339905da8a07e336fb8d25a62bf16758,
va287,grand,caisse-chene,carre,100.0,100.0,102.8,102.8,3.5,models/va287/va287_grand_caisse-chene.glb,306,models/va287/va287_grand_caisse-chene.usdz,306,44,1024x1024,False,resized to 1024x1024,va287.jpg,87ad849cce0eb18a3938b66b6d0195bc339905da8a07e336fb8d25a62bf16758,
va287,grand,caisse-noir,carre,100.0,100.0,102.8,102.8,3.5,models/va287/va287_grand_caisse-noir.glb,276,models/va287/va287_grand_caisse-noir.usdz,276,44,1024x1024,False,resized to 1024x1024,va287.jpg,87ad849cce0eb18a3938b66b6d0195bc339905da8a07e336fb8d25a62bf16758,
va287,grand,dibond,carre,100.0,100.0,100.0,100.0,2.3,models/va287/va287_grand_dibond.glb,275,models/va287/va287_grand_dibond.usdz,274,20,1024x1024,False,resized to 1024x1024,va287.jpg,87ad849cce0eb18a3938b66b6d0195bc339905da8a07e336fb8d25a62bf16758,
va287,moyen,caisse-blanc,carre,60.0,60.0,62.8,62.8,3.5,models/va287/va287_moyen_caisse-blanc.glb,276,models/va287/va287_moyen_caisse-blanc.usdz,276,44,1024x1024,False,resized to 1024x1024,va287.jpg,87ad849cce0eb18a3938b66b6d0195bc339905da8a07e336fb8d25a62bf16758,
va287,moyen,caisse-chene,carre,60.0,60.0,62.8,62.8,3.5,models/va287/va287_moyen_caisse-chene.glb,306,models/va287/va287_moyen_caisse-chene.usdz,306,44,1024x1024,False,resized to 1024x1024,va287.jpg,87ad849cce0eb18a3938b66b6d0195bc339905da8a07e336fb8d25a62bf16758,
va287,moyen,caisse-noir,carre,60.0,60.0,62.8,62.8,3.5,models/va287/va287_moyen_caisse-noir.glb,276,models/va287/va287_moyen_caisse-noir.usdz,276,44,1024x1024,False,resized to 1024x1024,va287.jpg,87ad849cce0eb18a3938b66b6d0195bc339905da8a07e336fb8d25a62bf16758,
va287,moyen,dibond,carre,60.0,60.0,60.0,60.0,2.3,models/va287/va287_moyen_dibond.glb,275,models/va287/va287_moyen_dibond.usdz,274,20,1024x1024,False,resized to 1024x1024,va287.jpg,87ad849cce0eb18a3938b66b6d0195bc339905da8a07e336fb8d25a62bf16758,
va287,moyen,passe-partout,carre,60.0,60.0,80.0,80.0,0.5,models/va287/va287_moyen_passe-partout.glb,276,models/va287/va287_moyen_passe-partout.usdz,275,38,1024x1024,False,resized to 1024x1024,va287.jpg,87ad849cce0eb18a3938b66b6d0195bc339905da8a07e336fb8d25a62bf16758,
va291,grand,caisse-blanc,carre,100.0,100.0,102.8,102.8,3.5,models/va291/va291_grand_caisse-blanc.glb,405,models/va291/va291_grand_caisse-blanc.usdz,405,44,1024x1024,False,resized to 1024x1024,va291.jpg,a31a8ab248d853054d162e76ff9c1cf92caec9e64d6498c6ee0b237ccf259da5,
va291,grand,caisse-chene,carre,100.0,100.0,102.8,102.8,3.5,models/va291/va291_grand_caisse-chene.glb,435,models/va291/va291_grand_caisse-chene.usdz,435,44,1024x1024,False,resized to 1024x1024,va291.jpg,a31a8ab248d853054d162e76ff9c1cf92caec9e64d6498c6ee0b237ccf259da5,
va291,grand,caisse-noir,carre,100.0,100.0,102.8,102.8,3.5,models/va291/va291_grand_caisse-noir.glb,405,models/va291/va291_grand_caisse-noir.usdz,405,44,1024x1024,False,resized to 1024x1024,va291.jpg,a31a8ab248d853054d162e76ff9c1cf92caec9e64d6498c6ee0b237ccf259da5,
va291,grand,dibond,carre,100.0,100.0,100.0,100.0,2.3,models/va291/va291_grand_dibond.glb,403,models/va291/va291_grand_dibond.usdz,403,20,1024x1024,False,resized to 1024x1024,va291.jpg,a31a8ab248d853054d162e76ff9c1cf92caec9e64d6498c6ee0b237ccf259da5,
va291,moyen,caisse-blanc,carre,60.0,60.0,62.8,62.8,3.5,models/va291/va291_moyen_caisse-blanc.glb,405,models/va291/va291_moyen_caisse-blanc.usdz,405,44,1024x1024,False,resized to 1024x1024,va291.jpg,a31a8ab248d853054d162e76ff9c1cf92caec9e64d6498c6ee0b237ccf259da5,
va291,moyen,caisse-chene,carre,60.0,60.0,62.8,62.8,3.5,models/va291/va291_moyen_caisse-chene.glb,435,models/va291/va291_moyen_caisse-chene.usdz,435,44,1024x1024,False,resized to 1024x1024,va291.jpg,a31a8ab248d853054d162e76ff9c1cf92caec9e64d6498c6ee0b237ccf259da5,
va291,moyen,caisse-noir,carre,60.0,60.0,62.8,62.8,3.5,models/va291/va291_moyen_caisse-noir.glb,405,models/va291/va291_moyen_caisse-noir.usdz,405,44,1024x1024,False,resized to 1024x1024,va291.jpg,a31a8ab248d853054d162e76ff9c1cf92caec9e64d6498c6ee0b237ccf259da5,
va291,moyen,dibond,carre,60.0,60.0,60.0,60.0,2.3,models/va291/va291_moyen_dibond.glb,403,models/va291/va291_moyen_dibond.usdz,403,20,1024x1024,False,resized to 1024x1024,va291.jpg,a31a8ab248d853054d162e76ff9c1cf92caec9e64d6498c6ee0b237ccf259da5,
va291,moyen,passe-partout,carre,60.0,60.0,80.0,80.0,0.5,models/va291/va291_moyen_passe-partout.glb,405,models/va291/va291_moyen_passe-partout.usdz,404,38,1024x1024,False,resized to 1024x1024,va291.jpg,a31a8ab248d853054d162e76ff9c1cf92caec9e64d6498c6ee0b237ccf259da5,
va294,grand,caisse-blanc,carre,100.0,100.0,102.8,102.8,3.5,models/va294/va294_grand_caisse-blanc.glb,303,models/va294/va294_grand_caisse-blanc.usdz,303,44,1024x1024,False,resized to 1024x1024,va294.jpg,90ac321a2d4caf8fd14a8f6080c2639546d2c1e7f861a32c59932f20df4a1842,
va294,grand,caisse-chene,carre,100.0,100.0,102.8,102.8,3.5,models/va294/va294_grand_caisse-chene.glb,333,models/va294/va294_grand_caisse-chene.usdz,333,44,1024x1024,False,resized to 1024x1024,va294.jpg,90ac321a2d4caf8fd14a8f6080c2639546d2c1e7f861a32c59932f20df4a1842,
va294,grand,caisse-noir,carre,100.0,100.0,102.8,102.8,3.5,models/va294/va294_grand_caisse-noir.glb,303,models/va294/va294_grand_caisse-noir.usdz,303,44,1024x1024,False,resized to 1024x1024,va294.jpg,90ac321a2d4caf8fd14a8f6080c2639546d2c1e7f861a32c59932f20df4a1842,
va294,grand,dibond,carre,100.0,100.0,100.0,100.0,2.3,models/va294/va294_grand_dibond.glb,301,models/va294/va294_grand_dibond.usdz,301,20,1024x1024,False,resized to 1024x1024,va294.jpg,90ac321a2d4caf8fd14a8f6080c2639546d2c1e7f861a32c59932f20df4a1842,
va294,moyen,caisse-blanc,carre,60.0,60.0,62.8,62.8,3.5,models/va294/va294_moyen_caisse-blanc.glb,303,models/va294/va294_moyen_caisse-blanc.usdz,303,44,1024x1024,False,resized to 1024x1024,va294.jpg,90ac321a2d4caf8fd14a8f6080c2639546d2c1e7f861a32c59932f20df4a1842,
va294,moyen,caisse-chene,carre,60.0,60.0,62.8,62.8,3.5,models/va294/va294_moyen_caisse-chene.glb,333,models/va294/va294_moyen_caisse-chene.usdz,333,44,1024x1024,False,resized to 1024x1024,va294.jpg,90ac321a2d4caf8fd14a8f6080c2639546d2c1e7f861a32c59932f20df4a1842,
va294,moyen,caisse-noir,carre,60.0,60.0,62.8,62.8,3.5,models/va294/va294_moyen_caisse-noir.glb,303,models/va294/va294_moyen_caisse-noir.usdz,303,44,1024x1024,False,resized to 1024x1024,va294.jpg,90ac321a2d4caf8fd14a8f6080c2639546d2c1e7f861a32c59932f20df4a1842,
va294,moyen,dibond,carre,60.0,60.0,60.0,60.0,2.3,models/va294/va294_moyen_dibond.glb,301,models/va294/va294_moyen_dibond.usdz,301,20,1024x1024,False,resized to 1024x1024,va294.jpg,90ac321a2d4caf8fd14a8f6080c2639546d2c1e7f861a32c59932f20df4a1842,
va294,moyen,passe-partout,carre,60.0,60.0,80.0,80.0,0.5,models/va294/va294_moyen_passe-partout.glb,303,models/va294/va294_moyen_passe-partout.usdz,302,38,1024x1024,False,resized to 1024x1024,va294.jpg,90ac321a2d4caf8fd14a8f6080c2639546d2c1e7f861a32c59932f20df4a1842,
va295,grand,caisse-blanc,carre,100.0,100.0,102.8,102.8,3.5,models/va295/va295_grand_caisse-blanc.glb,269,models/va295/va295_grand_caisse-blanc.usdz,269,44,1024x1024,False,resized to 1024x1024,va295.jpg,7dcad37727806d6362f97ff6edd5da48dee3b335243189105c415a3378557896,
va295,grand,caisse-chene,carre,100.0,100.0,102.8,102.8,3.5,models/va295/va295_grand_caisse-chene.glb,299,models/va295/va295_grand_caisse-chene.usdz,299,44,1024x1024,False,resized to 1024x1024,va295.jpg,7dcad37727806d6362f97ff6edd5da48dee3b335243189105c415a3378557896,
va295,grand,caisse-noir,carre,100.0,100.0,102.8,102.8,3.5,models/va295/va295_grand_caisse-noir.glb,269,models/va295/va295_grand_caisse-noir.usdz,269,44,1024x1024,False,resized to 1024x1024,va295.jpg,7dcad37727806d6362f97ff6edd5da48dee3b335243189105c415a3378557896,
va295,grand,dibond,carre,100.0,100.0,100.0,100.0,2.3,models/va295/va295_grand_dibond.glb,268,models/va295/va295_grand_dibond.usdz,267,20,1024x1024,False,resized to 1024x1024,va295.jpg,7dcad37727806d6362f97ff6edd5da48dee3b335243189105c415a3378557896,
va295,moyen,caisse-blanc,carre,60.0,60.0,62.8,62.8,3.5,models/va295/va295_moyen_caisse-blanc.glb,269,models/va295/va295_moyen_caisse-blanc.usdz,269,44,1024x1024,False,resized to 1024x1024,va295.jpg,7dcad37727806d6362f97ff6edd5da48dee3b335243189105c415a3378557896,
va295,moyen,caisse-chene,carre,60.0,60.0,62.8,62.8,3.5,models/va295/va295_moyen_caisse-chene.glb,299,models/va295/va295_moyen_caisse-chene.usdz,299,44,1024x1024,False,resized to 1024x1024,va295.jpg,7dcad37727806d6362f97ff6edd5da48dee3b335243189105c415a3378557896,
va295,moyen,caisse-noir,carre,60.0,60.0,62.8,62.8,3.5,models/va295/va295_moyen_caisse-noir.glb,269,models/va295/va295_moyen_caisse-noir.usdz,269,44,1024x1024,False,resized to 1024x1024,va295.jpg,7dcad37727806d6362f97ff6edd5da48dee3b335243189105c415a3378557896,
va295,moyen,dibond,carre,60.0,60.0,60.0,60.0,2.3,models/va295/va295_moyen_dibond.glb,268,models/va295/va295_moyen_dibond.usdz,267,20,1024x1024,False,resized to 1024x1024,va295.jpg,7dcad37727806d6362f97ff6edd5da48dee3b335243189105c415a3378557896,
va295,moyen,passe-partout,carre,60.0,60.0,80.0,80.0,0.5,models/va295/va295_moyen_passe-partout.glb,269,models/va295/va295_moyen_passe-partout.usdz,268,38,1024x1024,False,resized to 1024x1024,va295.jpg,7dcad37727806d6362f97ff6edd5da48dee3b335243189105c415a3378557896,
va296,grand,caisse-blanc,carre,100.0,100.0,102.8,102.8,3.5,models/va296/va296_grand_caisse-blanc.glb,268,models/va296/va296_grand_caisse-blanc.usdz,268,44,1024x1024,False,resized to 1024x1024,va296.jpg,756f1ee875ffad035e7a661e9a0a53c56b4521f695666eb99e9d3af54cad1ff3,
va296,grand,caisse-chene,carre,100.0,100.0,102.8,102.8,3.5,models/va296/va296_grand_caisse-chene.glb,298,models/va296/va296_grand_caisse-chene.usdz,298,44,1024x1024,False,resized to 1024x1024,va296.jpg,756f1ee875ffad035e7a661e9a0a53c56b4521f695666eb99e9d3af54cad1ff3,
va296,grand,caisse-noir,carre,100.0,100.0,102.8,102.8,3.5,models/va296/va296_grand_caisse-noir.glb,268,models/va296/va296_grand_caisse-noir.usdz,268,44,1024x1024,False,resized to 1024x1024,va296.jpg,756f1ee875ffad035e7a661e9a0a53c56b4521f695666eb99e9d3af54cad1ff3,
va296,grand,dibond,carre,100.0,100.0,100.0,100.0,2.3,models/va296/va296_grand_dibond.glb,266,models/va296/va296_grand_dibond.usdz,266,20,1024x1024,False,resized to 1024x1024,va296.jpg,756f1ee875ffad035e7a661e9a0a53c56b4521f695666eb99e9d3af54cad1ff3,
va296,moyen,caisse-blanc,carre,60.0,60.0,62.8,62.8,3.5,models/va296/va296_moyen_caisse-blanc.glb,268,models/va296/va296_moyen_caisse-blanc.usdz,268,44,1024x1024,False,resized to 1024x1024,va296.jpg,756f1ee875ffad035e7a661e9a0a53c56b4521f695666eb99e9d3af54cad1ff3,
va296,moyen,caisse-chene,carre,60.0,60.0,62.8,62.8,3.5,models/va296/va296_moyen_caisse-chene.glb,298,models/va296/va296_moyen_caisse-chene.usdz,298,44,1024x1024,False,resized to 1024x1024,va296.jpg,756f1ee875ffad035e7a661e9a0a53c56b4521f695666eb99e9d3af54cad1ff3,
va296,moyen,caisse-noir,carre,60.0,60.0,62.8,62.8,3.5,models/va296/va296_moyen_caisse-noir.glb,268,models/va296/va296_moyen_caisse-noir.usdz,268,44,1024x1024,False,resized to 1024x1024,va296.jpg,756f1ee875ffad035e7a661e9a0a53c56b4521f695666eb99e9d3af54cad1ff3,
va296,moyen,dibond,carre,60.0,60.0,60.0,60.0,2.3,models/va296/va296_moyen_dibond.glb,267,models/va296/va296_moyen_dibond.usdz,266,20,1024x1024,False,resized to 1024x1024,va296.jpg,756f1ee875ffad035e7a661e9a0a53c56b4521f695666eb99e9d3af54cad1ff3,
va296,moyen,passe-partout,carre,60.0,60.0,80.0,80.0,0.5,models/va296/va296_moyen_passe-partout.glb,268,models/va296/va296_moyen_passe-partout.usdz,267,38,1024x1024,False,resized to 1024x1024,va296.jpg,756f1ee875ffad035e7a661e9a0a53c56b4521f695666eb99e9d3af54cad1ff3,
va297,grand,caisse-blanc,carre,100.0,100.0,102.8,102.8,3.5,models/va297/va297_grand_caisse-blanc.glb,331,models/va297/va297_grand_caisse-blanc.usdz,331,44,1024x1024,False,resized to 1024x1024,va297.jpg,7227a8748d8101b286e105a56b1eb29e98820c45f25ab0d3335b90383382ddd2,
va297,grand,caisse-chene,carre,100.0,100.0,102.8,102.8,3.5,models/va297/va297_grand_caisse-chene.glb,361,models/va297/va297_grand_caisse-chene.usdz,361,44,1024x1024,False,resized to 1024x1024,va297.jpg,7227a8748d8101b286e105a56b1eb29e98820c45f25ab0d3335b90383382ddd2,
va297,grand,caisse-noir,carre,100.0,100.0,102.8,102.8,3.5,models/va297/va297_grand_caisse-noir.glb,331,models/va297/va297_grand_caisse-noir.usdz,331,44,1024x1024,False,resized to 1024x1024,va297.jpg,7227a8748d8101b286e105a56b1eb29e98820c45f25ab0d3335b90383382ddd2,
va297,grand,dibond,carre,100.0,100.0,100.0,100.0,2.3,models/va297/va297_grand_dibond.glb,330,models/va297/va297_grand_dibond.usdz,329,20,1024x1024,False,resized to 1024x1024,va297.jpg,7227a8748d8101b286e105a56b1eb29e98820c45f25ab0d3335b90383382ddd2,
va297,moyen,caisse-blanc,carre,60.0,60.0,62.8,62.8,3.5,models/va297/va297_moyen_caisse-blanc.glb,332,models/va297/va297_moyen_caisse-blanc.usdz,331,44,1024x1024,False,resized to 1024x1024,va297.jpg,7227a8748d8101b286e105a56b1eb29e98820c45f25ab0d3335b90383382ddd2,
va297,moyen,caisse-chene,carre,60.0,60.0,62.8,62.8,3.5,models/va297/va297_moyen_caisse-chene.glb,361,models/va297/va297_moyen_caisse-chene.usdz,361,44,1024x1024,False,resized to 1024x1024,va297.jpg,7227a8748d8101b286e105a56b1eb29e98820c45f25ab0d3335b90383382ddd2,
va297,moyen,caisse-noir,carre,60.0,60.0,62.8,62.8,3.5,models/va297/va297_moyen_caisse-noir.glb,332,models/va297/va297_moyen_caisse-noir.usdz,331,44,1024x1024,False,resized to 1024x1024,va297.jpg,7227a8748d8101b286e105a56b1eb29e98820c45f25ab0d3335b90383382ddd2,
va297,moyen,dibond,carre,60.0,60.0,60.0,60.0,2.3,models/va297/va297_moyen_dibond.glb,330,models/va297/va297_moyen_dibond.usdz,329,20,1024x1024,False,resized to 1024x1024,va297.jpg,7227a8748d8101b286e105a56b1eb29e98820c45f25ab0d3335b90383382ddd2,
va297,moyen,passe-partout,carre,60.0,60.0,80.0,80.0,0.5,models/va297/va297_moyen_passe-partout.glb,331,models/va297/va297_moyen_passe-partout.usdz,331,38,1024x1024,False,resized to 1024x1024,va297.jpg,7227a8748d8101b286e105a56b1eb29e98820c45f25ab0d3335b90383382ddd2,
va301,grand,caisse-blanc,carre,100.0,100.0,102.8,102.8,3.5,models/va301/va301_grand_caisse-blanc.glb,469,models/va301/va301_grand_caisse-blanc.usdz,469,44,1024x1024,False,resized to 1024x1024,va301.jpg,9900ba6ea7c4d54adabece3c280b84973b1aa86122b1d11a065c8346055bf036,
va301,grand,caisse-chene,carre,100.0,100.0,102.8,102.8,3.5,models/va301/va301_grand_caisse-chene.glb,499,models/va301/va301_grand_caisse-chene.usdz,499,44,1024x1024,False,resized to 1024x1024,va301.jpg,9900ba6ea7c4d54adabece3c280b84973b1aa86122b1d11a065c8346055bf036,
va301,grand,caisse-noir,carre,100.0,100.0,102.8,102.8,3.5,models/va301/va301_grand_caisse-noir.glb,469,models/va301/va301_grand_caisse-noir.usdz,469,44,1024x1024,False,resized to 1024x1024,va301.jpg,9900ba6ea7c4d54adabece3c280b84973b1aa86122b1d11a065c8346055bf036,
va301,grand,dibond,carre,100.0,100.0,100.0,100.0,2.3,models/va301/va301_grand_dibond.glb,467,models/va301/va301_grand_dibond.usdz,467,20,1024x1024,False,resized to 1024x1024,va301.jpg,9900ba6ea7c4d54adabece3c280b84973b1aa86122b1d11a065c8346055bf036,
va301,moyen,caisse-blanc,carre,60.0,60.0,62.8,62.8,3.5,models/va301/va301_moyen_caisse-blanc.glb,469,models/va301/va301_moyen_caisse-blanc.usdz,469,44,1024x1024,False,resized to 1024x1024,va301.jpg,9900ba6ea7c4d54adabece3c280b84973b1aa86122b1d11a065c8346055bf036,
va301,moyen,caisse-chene,carre,60.0,60.0,62.8,62.8,3.5,models/va301/va301_moyen_caisse-chene.glb,499,models/va301/va301_moyen_caisse-chene.usdz,499,44,1024x1024,False,resized to 1024x1024,va301.jpg,9900ba6ea7c4d54adabece3c280b84973b1aa86122b1d11a065c8346055bf036,
va301,moyen,caisse-noir,carre,60.0,60.0,62.8,62.8,3.5,models/va301/va301_moyen_caisse-noir.glb,469,models/va301/va301_moyen_caisse-noir.usdz,469,44,1024x1024,False,resized to 1024x1024,va301.jpg,9900ba6ea7c4d54adabece3c280b84973b1aa86122b1d11a065c8346055bf036,
va301,moyen,dibond,carre,60.0,60.0,60.0,60.0,2.3,models/va301/va301_moyen_dibond.glb,468,models/va301/va301_moyen_dibond.usdz,467,20,1024x1024,False,resized to 1024x1024,va301.jpg,9900ba6ea7c4d54adabece3c280b84973b1aa86122b1d11a065c8346055bf036,
va301,moyen,passe-partout,carre,60.0,60.0,80.0,80.0,0.5,models/va301/va301_moyen_passe-partout.glb,469,models/va301/va301_moyen_passe-partout.usdz,468,38,1024x1024,False,resized to 1024x1024,va301.jpg,9900ba6ea7c4d54adabece3c280b84973b1aa86122b1d11a065c8346055bf036,
va308,grand,caisse-blanc,carre,100.0,100.0,102.8,102.8,3.5,models/va308/va308_grand_caisse-blanc.glb,462,models/va308/va308_grand_caisse-blanc.usdz,462,44,1024x1024,False,resized to 1024x1024,va308.jpg,57d931acfc608a30f858d3d12946f8eeacac2c54ca77677b819e4ad98ba512bd,
va308,grand,caisse-chene,carre,100.0,100.0,102.8,102.8,3.5,models/va308/va308_grand_caisse-chene.glb,492,models/va308/va308_grand_caisse-chene.usdz,492,44,1024x1024,False,resized to 1024x1024,va308.jpg,57d931acfc608a30f858d3d12946f8eeacac2c54ca77677b819e4ad98ba512bd,
va308,grand,caisse-noir,carre,100.0,100.0,102.8,102.8,3.5,models/va308/va308_grand_caisse-noir.glb,462,models/va308/va308_grand_caisse-noir.usdz,462,44,1024x1024,False,resized to 1024x1024,va308.jpg,57d931acfc608a30f858d3d12946f8eeacac2c54ca77677b819e4ad98ba512bd,
va308,grand,dibond,carre,100.0,100.0,100.0,100.0,2.3,models/va308/va308_grand_dibond.glb,460,models/va308/va308_grand_dibond.usdz,460,20,1024x1024,False,resized to 1024x1024,va308.jpg,57d931acfc608a30f858d3d12946f8eeacac2c54ca77677b819e4ad98ba512bd,
va308,moyen,caisse-blanc,carre,60.0,60.0,62.8,62.8,3.5,models/va308/va308_moyen_caisse-blanc.glb,462,models/va308/va308_moyen_caisse-blanc.usdz,462,44,1024x1024,False,resized to 1024x1024,va308.jpg,57d931acfc608a30f858d3d12946f8eeacac2c54ca77677b819e4ad98ba512bd,
va308,moyen,caisse-chene,carre,60.0,60.0,62.8,62.8,3.5,models/va308/va308_moyen_caisse-chene.glb,492,models/va308/va308_moyen_caisse-chene.usdz,492,44,1024x1024,False,resized to 1024x1024,va308.jpg,57d931acfc608a30f858d3d12946f8eeacac2c54ca77677b819e4ad98ba512bd,
va308,moyen,caisse-noir,carre,60.0,60.0,62.8,62.8,3.5,models/va308/va308_moyen_caisse-noir.glb,462,models/va308/va308_moyen_caisse-noir.usdz,462,44,1024x1024,False,resized to 1024x1024,va308.jpg,57d931acfc608a30f858d3d12946f8eeacac2c54ca77677b819e4ad98ba512bd,
va308,moyen,dibond,carre,60.0,60.0,60.0,60.0,2.3,models/va308/va308_moyen_dibond.glb,460,models/va308/va308_moyen_dibond.usdz,460,20,1024x1024,False,resized to 1024x1024,va308.jpg,57d931acfc608a30f858d3d12946f8eeacac2c54ca77677b819e4ad98ba512bd,
va308,moyen,passe-partout,carre,60.0,60.0,80.0,80.0,0.5,models/va308/va308_moyen_passe-partout.glb,462,models/va308/va308_moyen_passe-partout.usdz,461,38,1024x1024,False,resized to 1024x1024,va308.jpg,57d931acfc608a30f858d3d12946f8eeacac2c54ca77677b819e4ad98ba512bd,
va311,grand,caisse-blanc,carre,100.0,100.0,102.8,102.8,3.5,models/va311/va311_grand_caisse-blanc.glb,371,models/va311/va311_grand_caisse-blanc.usdz,370,44,1024x1024,False,resized to 1024x1024,va311.jpg,aa6b21b53db1eecd8754846fabbd995ef2e2808d02ba323d5dee3c77bca637a9,
va311,grand,caisse-chene,carre,100.0,100.0,102.8,102.8,3.5,models/va311/va311_grand_caisse-chene.glb,400,models/va311/va311_grand_caisse-chene.usdz,400,44,1024x1024,False,resized to 1024x1024,va311.jpg,aa6b21b53db1eecd8754846fabbd995ef2e2808d02ba323d5dee3c77bca637a9,
va311,grand,caisse-noir,carre,100.0,100.0,102.8,102.8,3.5,models/va311/va311_grand_caisse-noir.glb,371,models/va311/va311_grand_caisse-noir.usdz,370,44,1024x1024,False,resized to 1024x1024,va311.jpg,aa6b21b53db1eecd8754846fabbd995ef2e2808d02ba323d5dee3c77bca637a9,
va311,grand,dibond,carre,100.0,100.0,100.0,100.0,2.3,models/va311/va311_grand_dibond.glb,369,models/va311/va311_grand_dibond.usdz,368,20,1024x1024,False,resized to 1024x1024,va311.jpg,aa6b21b53db1eecd8754846fabbd995ef2e2808d02ba323d5dee3c77bca637a9,
va311,moyen,caisse-blanc,carre,60.0,60.0,62.8,62.8,3.5,models/va311/va311_moyen_caisse-blanc.glb,371,models/va311/va311_moyen_caisse-blanc.usdz,370,44,1024x1024,False,resized to 1024x1024,va311.jpg,aa6b21b53db1eecd8754846fabbd995ef2e2808d02ba323d5dee3c77bca637a9,
va311,moyen,caisse-chene,carre,60.0,60.0,62.8,62.8,3.5,models/va311/va311_moyen_caisse-chene.glb,401,models/va311/va311_moyen_caisse-chene.usdz,400,44,1024x1024,False,resized to 1024x1024,va311.jpg,aa6b21b53db1eecd8754846fabbd995ef2e2808d02ba323d5dee3c77bca637a9,
va311,moyen,caisse-noir,carre,60.0,60.0,62.8,62.8,3.5,models/va311/va311_moyen_caisse-noir.glb,371,models/va311/va311_moyen_caisse-noir.usdz,370,44,1024x1024,False,resized to 1024x1024,va311.jpg,aa6b21b53db1eecd8754846fabbd995ef2e2808d02ba323d5dee3c77bca637a9,
va311,moyen,dibond,carre,60.0,60.0,60.0,60.0,2.3,models/va311/va311_moyen_dibond.glb,369,models/va311/va311_moyen_dibond.usdz,368,20,1024x1024,False,resized to 1024x1024,va311.jpg,aa6b21b53db1eecd8754846fabbd995ef2e2808d02ba323d5dee3c77bca637a9,
va311,moyen,passe-partout,carre,60.0,60.0,80.0,80.0,0.5,models/va311/va311_moyen_passe-partout.glb,370,models/va311/va311_moyen_passe-partout.usdz,370,38,1024x1024,False,resized to 1024x1024,va311.jpg,aa6b21b53db1eecd8754846fabbd995ef2e2808d02ba323d5dee3c77bca637a9,
va313,grand,caisse-blanc,carre,100.0,100.0,102.8,102.8,3.5,models/va313/va313_grand_caisse-blanc.glb,289,models/va313/va313_grand_caisse-blanc.usdz,289,44,1024x1024,False,resized to 1024x1024,va313.jpg,0c5e482ab98804cc7bce2a7405c0ba4ded024ec2f8a1a0d8591920ac041c0209,
va313,grand,caisse-chene,carre,100.0,100.0,102.8,102.8,3.5,models/va313/va313_grand_caisse-chene.glb,319,models/va313/va313_grand_caisse-chene.usdz,319,44,1024x1024,False,resized to 1024x1024,va313.jpg,0c5e482ab98804cc7bce2a7405c0ba4ded024ec2f8a1a0d8591920ac041c0209,
va313,grand,caisse-noir,carre,100.0,100.0,102.8,102.8,3.5,models/va313/va313_grand_caisse-noir.glb,289,models/va313/va313_grand_caisse-noir.usdz,289,44,1024x1024,False,resized to 1024x1024,va313.jpg,0c5e482ab98804cc7bce2a7405c0ba4ded024ec2f8a1a0d8591920ac041c0209,
va313,grand,dibond,carre,100.0,100.0,100.0,100.0,2.3,models/va313/va313_grand_dibond.glb,287,models/va313/va313_grand_dibond.usdz,287,20,1024x1024,False,resized to 1024x1024,va313.jpg,0c5e482ab98804cc7bce2a7405c0ba4ded024ec2f8a1a0d8591920ac041c0209,
va313,moyen,caisse-blanc,carre,60.0,60.0,62.8,62.8,3.5,models/va313/va313_moyen_caisse-blanc.glb,289,models/va313/va313_moyen_caisse-blanc.usdz,289,44,1024x1024,False,resized to 1024x1024,va313.jpg,0c5e482ab98804cc7bce2a7405c0ba4ded024ec2f8a1a0d8591920ac041c0209,
va313,moyen,caisse-chene,carre,60.0,60.0,62.8,62.8,3.5,models/va313/va313_moyen_caisse-chene.glb,319,models/va313/va313_moyen_caisse-chene.usdz,319,44,1024x1024,False,resized to 1024x1024,va313.jpg,0c5e482ab98804cc7bce2a7405c0ba4ded024ec2f8a1a0d8591920ac041c0209,
va313,moyen,caisse-noir,carre,60.0,60.0,62.8,62.8,3.5,models/va313/va313_moyen_caisse-noir.glb,289,models/va313/va313_moyen_caisse-noir.usdz,289,44,1024x1024,False,resized to 1024x1024,va313.jpg,0c5e482ab98804cc7bce2a7405c0ba4ded024ec2f8a1a0d8591920ac041c0209,
va313,moyen,dibond,carre,60.0,60.0,60.0,60.0,2.3,models/va313/va313_moyen_dibond.glb,288,models/va313/va313_moyen_dibond.usdz,287,20,1024x1024,False,resized to 1024x1024,va313.jpg,0c5e482ab98804cc7bce2a7405c0ba4ded024ec2f8a1a0d8591920ac041c0209,
va313,moyen,passe-partout,carre,60.0,60.0,80.0,80.0,0.5,models/va313/va313_moyen_passe-partout.glb,289,models/va313/va313_moyen_passe-partout.usdz,288,38,1024x1024,False,resized to 1024x1024,va313.jpg,0c5e482ab98804cc7bce2a7405c0ba4ded024ec2f8a1a0d8591920ac041c0209,
va316,grand,caisse-blanc,carre,100.0,100.0,102.8,102.8,3.5,models/va316/va316_grand_caisse-blanc.glb,297,models/va316/va316_grand_caisse-blanc.usdz,297,44,1024x1024,False,resized to 1024x1024,va316.jpg,c0e840e634d88c8b9c3a82b949be819167dcec92d180a0d127bb3dd14aaa486d,
va316,grand,caisse-chene,carre,100.0,100.0,102.8,102.8,3.5,models/va316/va316_grand_caisse-chene.glb,327,models/va316/va316_grand_caisse-chene.usdz,327,44,1024x1024,False,resized to 1024x1024,va316.jpg,c0e840e634d88c8b9c3a82b949be819167dcec92d180a0d127bb3dd14aaa486d,
va316,grand,caisse-noir,carre,100.0,100.0,102.8,102.8,3.5,models/va316/va316_grand_caisse-noir.glb,297,models/va316/va316_grand_caisse-noir.usdz,297,44,1024x1024,False,resized to 1024x1024,va316.jpg,c0e840e634d88c8b9c3a82b949be819167dcec92d180a0d127bb3dd14aaa486d,
va316,grand,dibond,carre,100.0,100.0,100.0,100.0,2.3,models/va316/va316_grand_dibond.glb,295,models/va316/va316_grand_dibond.usdz,295,20,1024x1024,False,resized to 1024x1024,va316.jpg,c0e840e634d88c8b9c3a82b949be819167dcec92d180a0d127bb3dd14aaa486d,
va316,moyen,caisse-blanc,carre,60.0,60.0,62.8,62.8,3.5,models/va316/va316_moyen_caisse-blanc.glb,297,models/va316/va316_moyen_caisse-blanc.usdz,297,44,1024x1024,False,resized to 1024x1024,va316.jpg,c0e840e634d88c8b9c3a82b949be819167dcec92d180a0d127bb3dd14aaa486d,
va316,moyen,caisse-chene,carre,60.0,60.0,62.8,62.8,3.5,models/va316/va316_moyen_caisse-chene.glb,327,models/va316/va316_moyen_caisse-chene.usdz,327,44,1024x1024,False,resized to 1024x1024,va316.jpg,c0e840e634d88c8b9c3a82b949be819167dcec92d180a0d127bb3dd14aaa486d,
va316,moyen,caisse-noir,carre,60.0,60.0,62.8,62.8,3.5,models/va316/va316_moyen_caisse-noir.glb,297,models/va316/va316_moyen_caisse-noir.usdz,297,44,1024x1024,False,resized to 1024x1024,va316.jpg,c0e840e634d88c8b9c3a82b949be819167dcec92d180a0d127bb3dd14aaa486d,
va316,moyen,dibond,carre,60.0,60.0,60.0,60.0,2.3,models/va316/va316_moyen_dibond.glb,296,models/va316/va316_moyen_dibond.usdz,295,20,1024x1024,False,resized to 1024x1024,va316.jpg,c0e840e634d88c8b9c3a82b949be819167dcec92d180a0d127bb3dd14aaa486d,
va316,moyen,passe-partout,carre,60.0,60.0,80.0,80.0,0.5,models/va316/va316_moyen_passe-partout.glb,297,models/va316/va316_moyen_passe-partout.usdz,296,38,1024x1024,False,resized to 1024x1024,va316.jpg,c0e840e634d88c8b9c3a82b949be819167dcec92d180a0d127bb3dd14aaa486d,
va319,grand,caisse-blanc,carre,100.0,100.0,102.8,102.8,3.5,models/va319/va319_grand_caisse-blanc.glb,454,models/va319/va319_grand_caisse-blanc.usdz,454,44,1024x1024,False,resized to 1024x1024,va319.jpg,1571d61c2931ab604f3f6e7e207a72a3ff5287b28f26949acd03fd4d6ae27082,
va319,grand,caisse-chene,carre,100.0,100.0,102.8,102.8,3.5,models/va319/va319_grand_caisse-chene.glb,484,models/va319/va319_grand_caisse-chene.usdz,484,44,1024x1024,False,resized to 1024x1024,va319.jpg,1571d61c2931ab604f3f6e7e207a72a3ff5287b28f26949acd03fd4d6ae27082,
va319,grand,caisse-noir,carre,100.0,100.0,102.8,102.8,3.5,models/va319/va319_grand_caisse-noir.glb,454,models/va319/va319_grand_caisse-noir.usdz,454,44,1024x1024,False,resized to 1024x1024,va319.jpg,1571d61c2931ab604f3f6e7e207a72a3ff5287b28f26949acd03fd4d6ae27082,
va319,grand,dibond,carre,100.0,100.0,100.0,100.0,2.3,models/va319/va319_grand_dibond.glb,453,models/va319/va319_grand_dibond.usdz,452,20,1024x1024,False,resized to 1024x1024,va319.jpg,1571d61c2931ab604f3f6e7e207a72a3ff5287b28f26949acd03fd4d6ae27082,
va319,moyen,caisse-blanc,carre,60.0,60.0,62.8,62.8,3.5,models/va319/va319_moyen_caisse-blanc.glb,454,models/va319/va319_moyen_caisse-blanc.usdz,454,44,1024x1024,False,resized to 1024x1024,va319.jpg,1571d61c2931ab604f3f6e7e207a72a3ff5287b28f26949acd03fd4d6ae27082,
va319,moyen,caisse-chene,carre,60.0,60.0,62.8,62.8,3.5,models/va319/va319_moyen_caisse-chene.glb,484,models/va319/va319_moyen_caisse-chene.usdz,484,44,1024x1024,False,resized to 1024x1024,va319.jpg,1571d61c2931ab604f3f6e7e207a72a3ff5287b28f26949acd03fd4d6ae27082,
va319,moyen,caisse-noir,carre,60.0,60.0,62.8,62.8,3.5,models/va319/va319_moyen_caisse-noir.glb,454,models/va319/va319_moyen_caisse-noir.usdz,454,44,1024x1024,False,resized to 1024x1024,va319.jpg,1571d61c2931ab604f3f6e7e207a72a3ff5287b28f26949acd03fd4d6ae27082,
va319,moyen,dibond,carre,60.0,60.0,60.0,60.0,2.3,models/va319/va319_moyen_dibond.glb,453,models/va319/va319_moyen_dibond.usdz,452,20,1024x1024,False,resized to 1024x1024,va319.jpg,1571d61c2931ab604f3f6e7e207a72a3ff5287b28f26949acd03fd4d6ae27082,
va319,moyen,passe-partout,carre,60.0,60.0,80.0,80.0,0.5,models/va319/va319_moyen_passe-partout.glb,454,models/va319/va319_moyen_passe-partout.usdz,453,38,1024x1024,False,resized to 1024x1024,va319.jpg,1571d61c2931ab604f3f6e7e207a72a3ff5287b28f26949acd03fd4d6ae27082,
va323,grand,caisse-blanc,carre,100.0,100.0,102.8,102.8,3.5,models/va323/va323_grand_caisse-blanc.glb,405,models/va323/va323_grand_caisse-blanc.usdz,405,44,1024x1024,False,resized to 1024x1024,va323.jpg,764f927cc8278f99bd76cdb5261bdd3ef6a776d834734bd8b355ab73d382f4f1,
va323,grand,caisse-chene,carre,100.0,100.0,102.8,102.8,3.5,models/va323/va323_grand_caisse-chene.glb,435,models/va323/va323_grand_caisse-chene.usdz,435,44,1024x1024,False,resized to 1024x1024,va323.jpg,764f927cc8278f99bd76cdb5261bdd3ef6a776d834734bd8b355ab73d382f4f1,
va323,grand,caisse-noir,carre,100.0,100.0,102.8,102.8,3.5,models/va323/va323_grand_caisse-noir.glb,405,models/va323/va323_grand_caisse-noir.usdz,405,44,1024x1024,False,resized to 1024x1024,va323.jpg,764f927cc8278f99bd76cdb5261bdd3ef6a776d834734bd8b355ab73d382f4f1,
va323,grand,dibond,carre,100.0,100.0,100.0,100.0,2.3,models/va323/va323_grand_dibond.glb,403,models/va323/va323_grand_dibond.usdz,403,20,1024x1024,False,resized to 1024x1024,va323.jpg,764f927cc8278f99bd76cdb5261bdd3ef6a776d834734bd8b355ab73d382f4f1,
va323,moyen,caisse-blanc,carre,60.0,60.0,62.8,62.8,3.5,models/va323/va323_moyen_caisse-blanc.glb,405,models/va323/va323_moyen_caisse-blanc.usdz,405,44,1024x1024,False,resized to 1024x1024,va323.jpg,764f927cc8278f99bd76cdb5261bdd3ef6a776d834734bd8b355ab73d382f4f1,
va323,moyen,caisse-chene,carre,60.0,60.0,62.8,62.8,3.5,models/va323/va323_moyen_caisse-chene.glb,435,models/va323/va323_moyen_caisse-chene.usdz,435,44,1024x1024,False,resized to 1024x1024,va323.jpg,764f927cc8278f99bd76cdb5261bdd3ef6a776d834734bd8b355ab73d382f4f1,
va323,moyen,caisse-noir,carre,60.0,60.0,62.8,62.8,3.5,models/va323/va323_moyen_caisse-noir.glb,405,models/va323/va323_moyen_caisse-noir.usdz,405,44,1024x1024,False,resized to 1024x1024,va323.jpg,764f927cc8278f99bd76cdb5261bdd3ef6a776d834734bd8b355ab73d382f4f1,
va323,moyen,dibond,carre,60.0,60.0,60.0,60.0,2.3,models/va323/va323_moyen_dibond.glb,404,models/va323/va323_moyen_dibond.usdz,403,20,1024x1024,False,resized to 1024x1024,va323.jpg,764f927cc8278f99bd76cdb5261bdd3ef6a776d834734bd8b355ab73d382f4f1,
va323,moyen,passe-partout,carre,60.0,60.0,80.0,80.0,0.5,models/va323/va323_moyen_passe-partout.glb,405,models/va323/va323_moyen_passe-partout.usdz,404,38,1024x1024,False,resized to 1024x1024,va323.jpg,764f927cc8278f99bd76cdb5261bdd3ef6a776d834734bd8b355ab73d382f4f1,
va324,grand,caisse-blanc,carre,100.0,100.0,102.8,102.8,3.5,models/va324/va324_grand_caisse-blanc.glb,386,models/va324/va324_grand_caisse-blanc.usdz,386,44,1024x1024,False,resized to 1024x1024,va324.jpg,cdda74972d67431c57bbfebba29ba26b5d172a4af1c1a32503386705e1ee1251,
va324,grand,caisse-chene,carre,100.0,100.0,102.8,102.8,3.5,models/va324/va324_grand_caisse-chene.glb,416,models/va324/va324_grand_caisse-chene.usdz,416,44,1024x1024,False,resized to 1024x1024,va324.jpg,cdda74972d67431c57bbfebba29ba26b5d172a4af1c1a32503386705e1ee1251,
va324,grand,caisse-noir,carre,100.0,100.0,102.8,102.8,3.5,models/va324/va324_grand_caisse-noir.glb,386,models/va324/va324_grand_caisse-noir.usdz,386,44,1024x1024,False,resized to 1024x1024,va324.jpg,cdda74972d67431c57bbfebba29ba26b5d172a4af1c1a32503386705e1ee1251,
va324,grand,dibond,carre,100.0,100.0,100.0,100.0,2.3,models/va324/va324_grand_dibond.glb,384,models/va324/va324_grand_dibond.usdz,384,20,1024x1024,False,resized to 1024x1024,va324.jpg,cdda74972d67431c57bbfebba29ba26b5d172a4af1c1a32503386705e1ee1251,
va324,moyen,caisse-blanc,carre,60.0,60.0,62.8,62.8,3.5,models/va324/va324_moyen_caisse-blanc.glb,386,models/va324/va324_moyen_caisse-blanc.usdz,386,44,1024x1024,False,resized to 1024x1024,va324.jpg,cdda74972d67431c57bbfebba29ba26b5d172a4af1c1a32503386705e1ee1251,
va324,moyen,caisse-chene,carre,60.0,60.0,62.8,62.8,3.5,models/va324/va324_moyen_caisse-chene.glb,416,models/va324/va324_moyen_caisse-chene.usdz,416,44,1024x1024,False,resized to 1024x1024,va324.jpg,cdda74972d67431c57bbfebba29ba26b5d172a4af1c1a32503386705e1ee1251,
va324,moyen,caisse-noir,carre,60.0,60.0,62.8,62.8,3.5,models/va324/va324_moyen_caisse-noir.glb,386,models/va324/va324_moyen_caisse-noir.usdz,386,44,1024x1024,False,resized to 1024x1024,va324.jpg,cdda74972d67431c57bbfebba29ba26b5d172a4af1c1a32503386705e1ee1251,
va324,moyen,dibond,carre,60.0,60.0,60.0,60.0,2.3,models/va324/va324_moyen_dibond.glb,384,models/va324/va324_moyen_dibond.usdz,384,20,1024x1024,False,resized to 1024x1024,va324.jpg,cdda74972d67431c57bbfebba29ba26b5d172a4af1c1a32503386705e1ee1251,
va324,moyen,passe-partout,carre,60.0,60.0,80.0,80.0,0.5,models/va324/va324_moyen_passe-partout.glb,386,models/va324/va324_moyen_passe-partout.usdz,385,38,1024x1024,False,resized to 1024x1024,va324.jpg,cdda74972d67431c57bbfebba29ba26b5d172a4af1c1a32503386705e1ee1251,
va335,grand,caisse-blanc,carre,100.0,100.0,102.8,102.8,3.5,models/va335/va335_grand_caisse-blanc.glb,463,models/va335/va335_grand_caisse-blanc.usdz,463,44,1024x1024,False,resized to 1024x1024,va335.jpg,6190999f5f5e72a054100cd91c687ea5ffa4f2f0c530d28a14997a2cf643a65a,
va335,grand,caisse-chene,carre,100.0,100.0,102.8,102.8,3.5,models/va335/va335_grand_caisse-chene.glb,493,models/va335/va335_grand_caisse-chene.usdz,493,44,1024x1024,False,resized to 1024x1024,va335.jpg,6190999f5f5e72a054100cd91c687ea5ffa4f2f0c530d28a14997a2cf643a65a,
va335,grand,caisse-noir,carre,100.0,100.0,102.8,102.8,3.5,models/va335/va335_grand_caisse-noir.glb,463,models/va335/va335_grand_caisse-noir.usdz,463,44,1024x1024,False,resized to 1024x1024,va335.jpg,6190999f5f5e72a054100cd91c687ea5ffa4f2f0c530d28a14997a2cf643a65a,
va335,grand,dibond,carre,100.0,100.0,100.0,100.0,2.3,models/va335/va335_grand_dibond.glb,462,models/va335/va335_grand_dibond.usdz,461,20,1024x1024,False,resized to 1024x1024,va335.jpg,6190999f5f5e72a054100cd91c687ea5ffa4f2f0c530d28a14997a2cf643a65a,
va335,moyen,caisse-blanc,carre,60.0,60.0,62.8,62.8,3.5,models/va335/va335_moyen_caisse-blanc.glb,463,models/va335/va335_moyen_caisse-blanc.usdz,463,44,1024x1024,False,resized to 1024x1024,va335.jpg,6190999f5f5e72a054100cd91c687ea5ffa4f2f0c530d28a14997a2cf643a65a,
va335,moyen,caisse-chene,carre,60.0,60.0,62.8,62.8,3.5,models/va335/va335_moyen_caisse-chene.glb,493,models/va335/va335_moyen_caisse-chene.usdz,493,44,1024x1024,False,resized to 1024x1024,va335.jpg,6190999f5f5e72a054100cd91c687ea5ffa4f2f0c530d28a14997a2cf643a65a,
va335,moyen,caisse-noir,carre,60.0,60.0,62.8,62.8,3.5,models/va335/va335_moyen_caisse-noir.glb,463,models/va335/va335_moyen_caisse-noir.usdz,463,44,1024x1024,False,resized to 1024x1024,va335.jpg,6190999f5f5e72a054100cd91c687ea5ffa4f2f0c530d28a14997a2cf643a65a,
va335,moyen,dibond,carre,60.0,60.0,60.0,60.0,2.3,models/va335/va335_moyen_dibond.glb,462,models/va335/va335_moyen_dibond.usdz,461,20,1024x1024,False,resized to 1024x1024,va335.jpg,6190999f5f5e72a054100cd91c687ea5ffa4f2f0c530d28a14997a2cf643a65a,
va335,moyen,passe-partout,carre,60.0,60.0,80.0,80.0,0.5,models/va335/va335_moyen_passe-partout.glb,463,models/va335/va335_moyen_passe-partout.usdz,462,38,1024x1024,False,resized to 1024x1024,va335.jpg,6190999f5f5e72a054100cd91c687ea5ffa4f2f0c530d28a14997a2cf643a65a,
va340,grand,caisse-blanc,carre,100.0,100.0,102.8,102.8,3.5,models/va340/va340_grand_caisse-blanc.glb,476,models/va340/va340_grand_caisse-blanc.usdz,476,44,1024x1024,False,resized to 1024x1024,va340.jpg,67b855cb5a8d9fa89732e3dac93a9860fa094e522994df6a108d13553bf6daba,
va340,grand,caisse-chene,carre,100.0,100.0,102.8,102.8,3.5,models/va340/va340_grand_caisse-chene.glb,506,models/va340/va340_grand_caisse-chene.usdz,506,44,1024x1024,False,resized to 1024x1024,va340.jpg,67b855cb5a8d9fa89732e3dac93a9860fa094e522994df6a108d13553bf6daba,
va340,grand,caisse-noir,carre,100.0,100.0,102.8,102.8,3.5,models/va340/va340_grand_caisse-noir.glb,476,models/va340/va340_grand_caisse-noir.usdz,476,44,1024x1024,False,resized to 1024x1024,va340.jpg,67b855cb5a8d9fa89732e3dac93a9860fa094e522994df6a108d13553bf6daba,
va340,grand,dibond,carre,100.0,100.0,100.0,100.0,2.3,models/va340/va340_grand_dibond.glb,474,models/va340/va340_grand_dibond.usdz,474,20,1024x1024,False,resized to 1024x1024,va340.jpg,67b855cb5a8d9fa89732e3dac93a9860fa094e522994df6a108d13553bf6daba,
va340,moyen,caisse-blanc,carre,60.0,60.0,62.8,62.8,3.5,models/va340/va340_moyen_caisse-blanc.glb,476,models/va340/va340_moyen_caisse-blanc.usdz,476,44,1024x1024,False,resized to 1024x1024,va340.jpg,67b855cb5a8d9fa89732e3dac93a9860fa094e522994df6a108d13553bf6daba,
va340,moyen,caisse-chene,carre,60.0,60.0,62.8,62.8,3.5,models/va340/va340_moyen_caisse-chene.glb,506,models/va340/va340_moyen_caisse-chene.usdz,506,44,1024x1024,False,resized to 1024x1024,va340.jpg,67b855cb5a8d9fa89732e3dac93a9860fa094e522994df6a108d13553bf6daba,
va340,moyen,caisse-noir,carre,60.0,60.0,62.8,62.8,3.5,models/va340/va340_moyen_caisse-noir.glb,476,models/va340/va340_moyen_caisse-noir.usdz,476,44,1024x1024,False,resized to 1024x1024,va340.jpg,67b855cb5a8d9fa89732e3dac93a9860fa094e522994df6a108d13553bf6daba,
va340,moyen,dibond,carre,60.0,60.0,60.0,60.0,2.3,models/va340/va340_moyen_dibond.glb,475,models/va340/va340_moyen_dibond.usdz,474,20,1024x1024,False,resized to 1024x1024,va340.jpg,67b855cb5a8d9fa89732e3dac93a9860fa094e522994df6a108d13553bf6daba,
va340,moyen,passe-partout,carre,60.0,60.0,80.0,80.0,0.5,models/va340/va340_moyen_passe-partout.glb,476,models/va340/va340_moyen_passe-partout.usdz,475,38,1024x1024,False,resized to 1024x1024,va340.jpg,67b855cb5a8d9fa89732e3dac93a9860fa094e522994df6a108d13553bf6daba,
va341,grand,caisse-blanc,carre,100.0,100.0,102.8,102.8,3.5,models/va341/va341_grand_caisse-blanc.glb,395,models/va341/va341_grand_caisse-blanc.usdz,394,44,1024x1024,False,resized to 1024x1024,va341.jpg,c936837e494db1b8fd1affe3cd9d8f8138d3741f73376b22ad0e187895794fac,
va341,grand,caisse-chene,carre,100.0,100.0,102.8,102.8,3.5,models/va341/va341_grand_caisse-chene.glb,425,models/va341/va341_grand_caisse-chene.usdz,424,44,1024x1024,False,resized to 1024x1024,va341.jpg,c936837e494db1b8fd1affe3cd9d8f8138d3741f73376b22ad0e187895794fac,
va341,grand,caisse-noir,carre,100.0,100.0,102.8,102.8,3.5,models/va341/va341_grand_caisse-noir.glb,395,models/va341/va341_grand_caisse-noir.usdz,394,44,1024x1024,False,resized to 1024x1024,va341.jpg,c936837e494db1b8fd1affe3cd9d8f8138d3741f73376b22ad0e187895794fac,
va341,grand,dibond,carre,100.0,100.0,100.0,100.0,2.3,models/va341/va341_grand_dibond.glb,393,models/va341/va341_grand_dibond.usdz,392,20,1024x1024,False,resized to 1024x1024,va341.jpg,c936837e494db1b8fd1affe3cd9d8f8138d3741f73376b22ad0e187895794fac,
va341,moyen,caisse-blanc,carre,60.0,60.0,62.8,62.8,3.5,models/va341/va341_moyen_caisse-blanc.glb,395,models/va341/va341_moyen_caisse-blanc.usdz,394,44,1024x1024,False,resized to 1024x1024,va341.jpg,c936837e494db1b8fd1affe3cd9d8f8138d3741f73376b22ad0e187895794fac,
va341,moyen,caisse-chene,carre,60.0,60.0,62.8,62.8,3.5,models/va341/va341_moyen_caisse-chene.glb,425,models/va341/va341_moyen_caisse-chene.usdz,424,44,1024x1024,False,resized to 1024x1024,va341.jpg,c936837e494db1b8fd1affe3cd9d8f8138d3741f73376b22ad0e187895794fac,
va341,moyen,caisse-noir,carre,60.0,60.0,62.8,62.8,3.5,models/va341/va341_moyen_caisse-noir.glb,395,models/va341/va341_moyen_caisse-noir.usdz,394,44,1024x1024,False,resized to 1024x1024,va341.jpg,c936837e494db1b8fd1affe3cd9d8f8138d3741f73376b22ad0e187895794fac,
va341,moyen,dibond,carre,60.0,60.0,60.0,60.0,2.3,models/va341/va341_moyen_dibond.glb,393,models/va341/va341_moyen_dibond.usdz,392,20,1024x1024,False,resized to 1024x1024,va341.jpg,c936837e494db1b8fd1affe3cd9d8f8138d3741f73376b22ad0e187895794fac,
va341,moyen,passe-partout,carre,60.0,60.0,80.0,80.0,0.5,models/va341/va341_moyen_passe-partout.glb,394,models/va341/va341_moyen_passe-partout.usdz,394,38,1024x1024,False,resized to 1024x1024,va341.jpg,c936837e494db1b8fd1affe3cd9d8f8138d3741f73376b22ad0e187895794fac,
va352,grand,caisse-blanc,carre,100.0,100.0,102.8,102.8,3.5,models/va352/va352_grand_caisse-blanc.glb,476,models/va352/va352_grand_caisse-blanc.usdz,476,44,1024x1024,False,resized to 1024x1024,va352.jpg,85f212249c7eb5a6cbc7f3bb022b3737e3de73ac1173d882770274e5bf978e6c,
va352,grand,caisse-chene,carre,100.0,100.0,102.8,102.8,3.5,models/va352/va352_grand_caisse-chene.glb,506,models/va352/va352_grand_caisse-chene.usdz,506,44,1024x1024,False,resized to 1024x1024,va352.jpg,85f212249c7eb5a6cbc7f3bb022b3737e3de73ac1173d882770274e5bf978e6c,
va352,grand,caisse-noir,carre,100.0,100.0,102.8,102.8,3.5,models/va352/va352_grand_caisse-noir.glb,476,models/va352/va352_grand_caisse-noir.usdz,476,44,1024x1024,False,resized to 1024x1024,va352.jpg,85f212249c7eb5a6cbc7f3bb022b3737e3de73ac1173d882770274e5bf978e6c,
va352,grand,dibond,carre,100.0,100.0,100.0,100.0,2.3,models/va352/va352_grand_dibond.glb,475,models/va352/va352_grand_dibond.usdz,474,20,1024x1024,False,resized to 1024x1024,va352.jpg,85f212249c7eb5a6cbc7f3bb022b3737e3de73ac1173d882770274e5bf978e6c,
va352,moyen,caisse-blanc,carre,60.0,60.0,62.8,62.8,3.5,models/va352/va352_moyen_caisse-blanc.glb,477,models/va352/va352_moyen_caisse-blanc.usdz,476,44,1024x1024,False,resized to 1024x1024,va352.jpg,85f212249c7eb5a6cbc7f3bb022b3737e3de73ac1173d882770274e5bf978e6c,
va352,moyen,caisse-chene,carre,60.0,60.0,62.8,62.8,3.5,models/va352/va352_moyen_caisse-chene.glb,506,models/va352/va352_moyen_caisse-chene.usdz,506,44,1024x1024,False,resized to 1024x1024,va352.jpg,85f212249c7eb5a6cbc7f3bb022b3737e3de73ac1173d882770274e5bf978e6c,
va352,moyen,caisse-noir,carre,60.0,60.0,62.8,62.8,3.5,models/va352/va352_moyen_caisse-noir.glb,477,models/va352/va352_moyen_caisse-noir.usdz,476,44,1024x1024,False,resized to 1024x1024,va352.jpg,85f212249c7eb5a6cbc7f3bb022b3737e3de73ac1173d882770274e5bf978e6c,
va352,moyen,dibond,carre,60.0,60.0,60.0,60.0,2.3,models/va352/va352_moyen_dibond.glb,475,models/va352/va352_moyen_dibond.usdz,474,20,1024x1024,False,resized to 1024x1024,va352.jpg,85f212249c7eb5a6cbc7f3bb022b3737e3de73ac1173d882770274e5bf978e6c,
va352,moyen,passe-partout,carre,60.0,60.0,80.0,80.0,0.5,models/va352/va352_moyen_passe-partout.glb,476,models/va352/va352_moyen_passe-partout.usdz,475,38,1024x1024,False,resized to 1024x1024,va352.jpg,85f212249c7eb5a6cbc7f3bb022b3737e3de73ac1173d882770274e5bf978e6c,
va354,grand,caisse-blanc,carre,100.0,100.0,102.8,102.8,3.5,models/va354/va354_grand_caisse-blanc.glb,423,models/va354/va354_grand_caisse-blanc.usdz,422,44,1024x1024,False,resized to 1024x1024,va354.jpg,5203b8b0f5584bb2413e32c683edc2708b0ac7bf83313bf7c61f33efb4df6f5f,
va354,grand,caisse-chene,carre,100.0,100.0,102.8,102.8,3.5,models/va354/va354_grand_caisse-chene.glb,452,models/va354/va354_grand_caisse-chene.usdz,452,44,1024x1024,False,resized to 1024x1024,va354.jpg,5203b8b0f5584bb2413e32c683edc2708b0ac7bf83313bf7c61f33efb4df6f5f,
va354,grand,caisse-noir,carre,100.0,100.0,102.8,102.8,3.5,models/va354/va354_grand_caisse-noir.glb,423,models/va354/va354_grand_caisse-noir.usdz,422,44,1024x1024,False,resized to 1024x1024,va354.jpg,5203b8b0f5584bb2413e32c683edc2708b0ac7bf83313bf7c61f33efb4df6f5f,
va354,grand,dibond,carre,100.0,100.0,100.0,100.0,2.3,models/va354/va354_grand_dibond.glb,421,models/va354/va354_grand_dibond.usdz,420,20,1024x1024,False,resized to 1024x1024,va354.jpg,5203b8b0f5584bb2413e32c683edc2708b0ac7bf83313bf7c61f33efb4df6f5f,
va354,moyen,caisse-blanc,carre,60.0,60.0,62.8,62.8,3.5,models/va354/va354_moyen_caisse-blanc.glb,423,models/va354/va354_moyen_caisse-blanc.usdz,422,44,1024x1024,False,resized to 1024x1024,va354.jpg,5203b8b0f5584bb2413e32c683edc2708b0ac7bf83313bf7c61f33efb4df6f5f,
va354,moyen,caisse-chene,carre,60.0,60.0,62.8,62.8,3.5,models/va354/va354_moyen_caisse-chene.glb,453,models/va354/va354_moyen_caisse-chene.usdz,452,44,1024x1024,False,resized to 1024x1024,va354.jpg,5203b8b0f5584bb2413e32c683edc2708b0ac7bf83313bf7c61f33efb4df6f5f,
va354,moyen,caisse-noir,carre,60.0,60.0,62.8,62.8,3.5,models/va354/va354_moyen_caisse-noir.glb,423,models/va354/va354_moyen_caisse-noir.usdz,422,44,1024x1024,False,resized to 1024x1024,va354.jpg,5203b8b0f5584bb2413e32c683edc2708b0ac7bf83313bf7c61f33efb4df6f5f,
va354,moyen,dibond,carre,60.0,60.0,60.0,60.0,2.3,models/va354/va354_moyen_dibond.glb,421,models/va354/va354_moyen_dibond.usdz,420,20,1024x1024,False,resized to 1024x1024,va354.jpg,5203b8b0f5584bb2413e32c683edc2708b0ac7bf83313bf7c61f33efb4df6f5f,
va354,moyen,passe-partout,carre,60.0,60.0,80.0,80.0,0.5,models/va354/va354_moyen_passe-partout.glb,422,models/va354/va354_moyen_passe-partout.usdz,422,38,1024x1024,False,resized to 1024x1024,va354.jpg,5203b8b0f5584bb2413e32c683edc2708b0ac7bf83313bf7c61f33efb4df6f5f,
va363,grand,caisse-blanc,carre,100.0,100.0,102.8,102.8,3.5,models/va363/va363_grand_caisse-blanc.glb,193,models/va363/va363_grand_caisse-blanc.usdz,193,44,1024x1024,False,resized to 1024x1024,va363.jpg,b41056762aebcb9235cc0b775c119bb6f254f2b3f1694693cbd4dc0406998c6d,
va363,grand,caisse-chene,carre,100.0,100.0,102.8,102.8,3.5,models/va363/va363_grand_caisse-chene.glb,223,models/va363/va363_grand_caisse-chene.usdz,223,44,1024x1024,False,resized to 1024x1024,va363.jpg,b41056762aebcb9235cc0b775c119bb6f254f2b3f1694693cbd4dc0406998c6d,
va363,grand,caisse-noir,carre,100.0,100.0,102.8,102.8,3.5,models/va363/va363_grand_caisse-noir.glb,193,models/va363/va363_grand_caisse-noir.usdz,193,44,1024x1024,False,resized to 1024x1024,va363.jpg,b41056762aebcb9235cc0b775c119bb6f254f2b3f1694693cbd4dc0406998c6d,
va363,grand,dibond,carre,100.0,100.0,100.0,100.0,2.3,models/va363/va363_grand_dibond.glb,191,models/va363/va363_grand_dibond.usdz,191,20,1024x1024,False,resized to 1024x1024,va363.jpg,b41056762aebcb9235cc0b775c119bb6f254f2b3f1694693cbd4dc0406998c6d,
va363,moyen,caisse-blanc,carre,60.0,60.0,62.8,62.8,3.5,models/va363/va363_moyen_caisse-blanc.glb,193,models/va363/va363_moyen_caisse-blanc.usdz,193,44,1024x1024,False,resized to 1024x1024,va363.jpg,b41056762aebcb9235cc0b775c119bb6f254f2b3f1694693cbd4dc0406998c6d,
va363,moyen,caisse-chene,carre,60.0,60.0,62.8,62.8,3.5,models/va363/va363_moyen_caisse-chene.glb,223,models/va363/va363_moyen_caisse-chene.usdz,223,44,1024x1024,False,resized to 1024x1024,va363.jpg,b41056762aebcb9235cc0b775c119bb6f254f2b3f1694693cbd4dc0406998c6d,
va363,moyen,caisse-noir,carre,60.0,60.0,62.8,62.8,3.5,models/va363/va363_moyen_caisse-noir.glb,193,models/va363/va363_moyen_caisse-noir.usdz,193,44,1024x1024,False,resized to 1024x1024,va363.jpg,b41056762aebcb9235cc0b775c119bb6f254f2b3f1694693cbd4dc0406998c6d,
va363,moyen,dibond,carre,60.0,60.0,60.0,60.0,2.3,models/va363/va363_moyen_dibond.glb,191,models/va363/va363_moyen_dibond.usdz,191,20,1024x1024,False,resized to 1024x1024,va363.jpg,b41056762aebcb9235cc0b775c119bb6f254f2b3f1694693cbd4dc0406998c6d,
va363,moyen,passe-partout,carre,60.0,60.0,80.0,80.0,0.5,models/va363/va363_moyen_passe-partout.glb,193,models/va363/va363_moyen_passe-partout.usdz,192,38,1024x1024,False,resized to 1024x1024,va363.jpg,b41056762aebcb9235cc0b775c119bb6f254f2b3f1694693cbd4dc0406998c6d,
va365,grand,caisse-blanc,carre,100.0,100.0,102.8,102.8,3.5,models/va365/va365_grand_caisse-blanc.glb,405,models/va365/va365_grand_caisse-blanc.usdz,404,44,1024x1024,False,resized to 1024x1024,va365.jpg,d596c045f56ec2da589c1c4f1ee3a70dd3d671a08dd72a71151458ce3836a6a3,
va365,grand,caisse-chene,carre,100.0,100.0,102.8,102.8,3.5,models/va365/va365_grand_caisse-chene.glb,435,models/va365/va365_grand_caisse-chene.usdz,434,44,1024x1024,False,resized to 1024x1024,va365.jpg,d596c045f56ec2da589c1c4f1ee3a70dd3d671a08dd72a71151458ce3836a6a3,
va365,grand,caisse-noir,carre,100.0,100.0,102.8,102.8,3.5,models/va365/va365_grand_caisse-noir.glb,405,models/va365/va365_grand_caisse-noir.usdz,404,44,1024x1024,False,resized to 1024x1024,va365.jpg,d596c045f56ec2da589c1c4f1ee3a70dd3d671a08dd72a71151458ce3836a6a3,
va365,grand,dibond,carre,100.0,100.0,100.0,100.0,2.3,models/va365/va365_grand_dibond.glb,403,models/va365/va365_grand_dibond.usdz,402,20,1024x1024,False,resized to 1024x1024,va365.jpg,d596c045f56ec2da589c1c4f1ee3a70dd3d671a08dd72a71151458ce3836a6a3,
va365,moyen,caisse-blanc,carre,60.0,60.0,62.8,62.8,3.5,models/va365/va365_moyen_caisse-blanc.glb,405,models/va365/va365_moyen_caisse-blanc.usdz,404,44,1024x1024,False,resized to 1024x1024,va365.jpg,d596c045f56ec2da589c1c4f1ee3a70dd3d671a08dd72a71151458ce3836a6a3,
va365,moyen,caisse-chene,carre,60.0,60.0,62.8,62.8,3.5,models/va365/va365_moyen_caisse-chene.glb,435,models/va365/va365_moyen_caisse-chene.usdz,434,44,1024x1024,False,resized to 1024x1024,va365.jpg,d596c045f56ec2da589c1c4f1ee3a70dd3d671a08dd72a71151458ce3836a6a3,
va365,moyen,caisse-noir,carre,60.0,60.0,62.8,62.8,3.5,models/va365/va365_moyen_caisse-noir.glb,405,models/va365/va365_moyen_caisse-noir.usdz,404,44,1024x1024,False,resized to 1024x1024,va365.jpg,d596c045f56ec2da589c1c4f1ee3a70dd3d671a08dd72a71151458ce3836a6a3,
va365,moyen,dibond,carre,60.0,60.0,60.0,60.0,2.3,models/va365/va365_moyen_dibond.glb,403,models/va365/va365_moyen_dibond.usdz,402,20,1024x1024,False,resized to 1024x1024,va365.jpg,d596c045f56ec2da589c1c4f1ee3a70dd3d671a08dd72a71151458ce3836a6a3,
va365,moyen,passe-partout,carre,60.0,60.0,80.0,80.0,0.5,models/va365/va365_moyen_passe-partout.glb,404,models/va365/va365_moyen_passe-partout.usdz,404,38,1024x1024,False,resized to 1024x1024,va365.jpg,d596c045f56ec2da589c1c4f1ee3a70dd3d671a08dd72a71151458ce3836a6a3,
va368,grand,caisse-blanc,carre,100.0,100.0,102.8,102.8,3.5,models/va368/va368_grand_caisse-blanc.glb,416,models/va368/va368_grand_caisse-blanc.usdz,415,44,1024x1024,False,resized to 1024x1024,va368.jpg,dbe0889f98dd27200d4433511b15837806cfff643785b00554d7423e5c1e7422,
va368,grand,caisse-chene,carre,100.0,100.0,102.8,102.8,3.5,models/va368/va368_grand_caisse-chene.glb,446,models/va368/va368_grand_caisse-chene.usdz,445,44,1024x1024,False,resized to 1024x1024,va368.jpg,dbe0889f98dd27200d4433511b15837806cfff643785b00554d7423e5c1e7422,
va368,grand,caisse-noir,carre,100.0,100.0,102.8,102.8,3.5,models/va368/va368_grand_caisse-noir.glb,416,models/va368/va368_grand_caisse-noir.usdz,415,44,1024x1024,False,resized to 1024x1024,va368.jpg,dbe0889f98dd27200d4433511b15837806cfff643785b00554d7423e5c1e7422,
va368,grand,dibond,carre,100.0,100.0,100.0,100.0,2.3,models/va368/va368_grand_dibond.glb,414,models/va368/va368_grand_dibond.usdz,414,20,1024x1024,False,resized to 1024x1024,va368.jpg,dbe0889f98dd27200d4433511b15837806cfff643785b00554d7423e5c1e7422,
va368,moyen,caisse-blanc,carre,60.0,60.0,62.8,62.8,3.5,models/va368/va368_moyen_caisse-blanc.glb,416,models/va368/va368_moyen_caisse-blanc.usdz,415,44,1024x1024,False,resized to 1024x1024,va368.jpg,dbe0889f98dd27200d4433511b15837806cfff643785b00554d7423e5c1e7422,
va368,moyen,caisse-chene,carre,60.0,60.0,62.8,62.8,3.5,models/va368/va368_moyen_caisse-chene.glb,446,models/va368/va368_moyen_caisse-chene.usdz,445,44,1024x1024,False,resized to 1024x1024,va368.jpg,dbe0889f98dd27200d4433511b15837806cfff643785b00554d7423e5c1e7422,
va368,moyen,caisse-noir,carre,60.0,60.0,62.8,62.8,3.5,models/va368/va368_moyen_caisse-noir.glb,416,models/va368/va368_moyen_caisse-noir.usdz,415,44,1024x1024,False,resized to 1024x1024,va368.jpg,dbe0889f98dd27200d4433511b15837806cfff643785b00554d7423e5c1e7422,
va368,moyen,dibond,carre,60.0,60.0,60.0,60.0,2.3,models/va368/va368_moyen_dibond.glb,414,models/va368/va368_moyen_dibond.usdz,414,20,1024x1024,False,resized to 1024x1024,va368.jpg,dbe0889f98dd27200d4433511b15837806cfff643785b00554d7423e5c1e7422,
va368,moyen,passe-partout,carre,60.0,60.0,80.0,80.0,0.5,models/va368/va368_moyen_passe-partout.glb,415,models/va368/va368_moyen_passe-partout.usdz,415,38,1024x1024,False,resized to 1024x1024,va368.jpg,dbe0889f98dd27200d4433511b15837806cfff643785b00554d7423e5c1e7422,
va369,grand,caisse-blanc,carre,100.0,100.0,102.8,102.8,3.5,models/va369/va369_grand_caisse-blanc.glb,452,models/va369/va369_grand_caisse-blanc.usdz,451,44,1024x1024,False,resized to 1024x1024,va369.jpg,31e64ada96e17054fc015d0e5e91e8c4954e4130d96b1e6e9703722d34b7617d,
va369,grand,caisse-chene,carre,100.0,100.0,102.8,102.8,3.5,models/va369/va369_grand_caisse-chene.glb,482,models/va369/va369_grand_caisse-chene.usdz,482,44,1024x1024,False,resized to 1024x1024,va369.jpg,31e64ada96e17054fc015d0e5e91e8c4954e4130d96b1e6e9703722d34b7617d,
va369,grand,caisse-noir,carre,100.0,100.0,102.8,102.8,3.5,models/va369/va369_grand_caisse-noir.glb,452,models/va369/va369_grand_caisse-noir.usdz,451,44,1024x1024,False,resized to 1024x1024,va369.jpg,31e64ada96e17054fc015d0e5e91e8c4954e4130d96b1e6e9703722d34b7617d,
va369,grand,dibond,carre,100.0,100.0,100.0,100.0,2.3,models/va369/va369_grand_dibond.glb,450,models/va369/va369_grand_dibond.usdz,450,20,1024x1024,False,resized to 1024x1024,va369.jpg,31e64ada96e17054fc015d0e5e91e8c4954e4130d96b1e6e9703722d34b7617d,
va369,moyen,caisse-blanc,carre,60.0,60.0,62.8,62.8,3.5,models/va369/va369_moyen_caisse-blanc.glb,452,models/va369/va369_moyen_caisse-blanc.usdz,451,44,1024x1024,False,resized to 1024x1024,va369.jpg,31e64ada96e17054fc015d0e5e91e8c4954e4130d96b1e6e9703722d34b7617d,
va369,moyen,caisse-chene,carre,60.0,60.0,62.8,62.8,3.5,models/va369/va369_moyen_caisse-chene.glb,482,models/va369/va369_moyen_caisse-chene.usdz,482,44,1024x1024,False,resized to 1024x1024,va369.jpg,31e64ada96e17054fc015d0e5e91e8c4954e4130d96b1e6e9703722d34b7617d,
va369,moyen,caisse-noir,carre,60.0,60.0,62.8,62.8,3.5,models/va369/va369_moyen_caisse-noir.glb,452,models/va369/va369_moyen_caisse-noir.usdz,451,44,1024x1024,False,resized to 1024x1024,va369.jpg,31e64ada96e17054fc015d0e5e91e8c4954e4130d96b1e6e9703722d34b7617d,
va369,moyen,dibond,carre,60.0,60.0,60.0,60.0,2.3,models/va369/va369_moyen_dibond.glb,450,models/va369/va369_moyen_dibond.usdz,450,20,1024x1024,False,resized to 1024x1024,va369.jpg,31e64ada96e17054fc015d0e5e91e8c4954e4130d96b1e6e9703722d34b7617d,
va369,moyen,passe-partout,carre,60.0,60.0,80.0,80.0,0.5,models/va369/va369_moyen_passe-partout.glb,452,models/va369/va369_moyen_passe-partout.usdz,451,38,1024x1024,False,resized to 1024x1024,va369.jpg,31e64ada96e17054fc015d0e5e91e8c4954e4130d96b1e6e9703722d34b7617d,
vab362,grand,caisse-blanc,carre,100.0,100.0,102.8,102.8,3.5,models/vab362/vab362_grand_caisse-blanc.glb,413,models/vab362/vab362_grand_caisse-blanc.usdz,413,44,1024x1024,False,resized to 1024x1024,vab362.jpg,e540959c7d928818c6943203184873f13bc9f1ef2a0093bad4c581bf99767fdc,
vab362,grand,caisse-chene,carre,100.0,100.0,102.8,102.8,3.5,models/vab362/vab362_grand_caisse-chene.glb,443,models/vab362/vab362_grand_caisse-chene.usdz,443,44,1024x1024,False,resized to 1024x1024,vab362.jpg,e540959c7d928818c6943203184873f13bc9f1ef2a0093bad4c581bf99767fdc,
vab362,grand,caisse-noir,carre,100.0,100.0,102.8,102.8,3.5,models/vab362/vab362_grand_caisse-noir.glb,413,models/vab362/vab362_grand_caisse-noir.usdz,413,44,1024x1024,False,resized to 1024x1024,vab362.jpg,e540959c7d928818c6943203184873f13bc9f1ef2a0093bad4c581bf99767fdc,
vab362,grand,dibond,carre,100.0,100.0,100.0,100.0,2.3,models/vab362/vab362_grand_dibond.glb,412,models/vab362/vab362_grand_dibond.usdz,411,20,1024x1024,False,resized to 1024x1024,vab362.jpg,e540959c7d928818c6943203184873f13bc9f1ef2a0093bad4c581bf99767fdc,
vab362,moyen,caisse-blanc,carre,60.0,60.0,62.8,62.8,3.5,models/vab362/vab362_moyen_caisse-blanc.glb,414,models/vab362/vab362_moyen_caisse-blanc.usdz,413,44,1024x1024,False,resized to 1024x1024,vab362.jpg,e540959c7d928818c6943203184873f13bc9f1ef2a0093bad4c581bf99767fdc,
vab362,moyen,caisse-chene,carre,60.0,60.0,62.8,62.8,3.5,models/vab362/vab362_moyen_caisse-chene.glb,443,models/vab362/vab362_moyen_caisse-chene.usdz,443,44,1024x1024,False,resized to 1024x1024,vab362.jpg,e540959c7d928818c6943203184873f13bc9f1ef2a0093bad4c581bf99767fdc,
vab362,moyen,caisse-noir,carre,60.0,60.0,62.8,62.8,3.5,models/vab362/vab362_moyen_caisse-noir.glb,414,models/vab362/vab362_moyen_caisse-noir.usdz,413,44,1024x1024,False,resized to 1024x1024,vab362.jpg,e540959c7d928818c6943203184873f13bc9f1ef2a0093bad4c581bf99767fdc,
vab362,moyen,dibond,carre,60.0,60.0,60.0,60.0,2.3,models/vab362/vab362_moyen_dibond.glb,412,models/vab362/vab362_moyen_dibond.usdz,411,20,1024x1024,False,resized to 1024x1024,vab362.jpg,e540959c7d928818c6943203184873f13bc9f1ef2a0093bad4c581bf99767fdc,
vab362,moyen,passe-partout,carre,60.0,60.0,80.0,80.0,0.5,models/vab362/vab362_moyen_passe-partout.glb,413,models/vab362/vab362_moyen_passe-partout.usdz,413,38,1024x1024,False,resized to 1024x1024,vab362.jpg,e540959c7d928818c6943203184873f13bc9f1ef2a0093bad4c581bf99767fdc,
vague-amour-366,grand,caisse-blanc,carre,100.0,100.0,102.8,102.8,3.5,models/vague-amour-366/vague-amour-366_grand_caisse-blanc.glb,468,models/vague-amour-366/vague-amour-366_grand_caisse-blanc.usdz,468,44,1024x1024,False,resized to 1024x1024,vague-amour-366.jpg,89bd15d823d5c12f42e44b426aab85c5b7cb78b88141c10e7290b0ebb6857c2d,
vague-amour-366,grand,caisse-chene,carre,100.0,100.0,102.8,102.8,3.5,models/vague-amour-366/vague-amour-366_grand_caisse-chene.glb,498,models/vague-amour-366/vague-amour-366_grand_caisse-chene.usdz,498,44,1024x1024,False,resized to 1024x1024,vague-amour-366.jpg,89bd15d823d5c12f42e44b426aab85c5b7cb78b88141c10e7290b0ebb6857c2d,
vague-amour-366,grand,caisse-noir,carre,100.0,100.0,102.8,102.8,3.5,models/vague-amour-366/vague-amour-366_grand_caisse-noir.glb,468,models/vague-amour-366/vague-amour-366_grand_caisse-noir.usdz,468,44,1024x1024,False,resized to 1024x1024,vague-amour-366.jpg,89bd15d823d5c12f42e44b426aab85c5b7cb78b88141c10e7290b0ebb6857c2d,
vague-amour-366,grand,dibond,carre,100.0,100.0,100.0,100.0,2.3,models/vague-amour-366/vague-amour-366_grand_dibond.glb,467,models/vague-amour-366/vague-amour-366_grand_dibond.usdz,466,20,1024x1024,False,resized to 1024x1024,vague-amour-366.jpg,89bd15d823d5c12f42e44b426aab85c5b7cb78b88141c10e7290b0ebb6857c2d,
vague-amour-366,moyen,caisse-blanc,carre,60.0,60.0,62.8,62.8,3.5,models/vague-amour-366/vague-amour-366_moyen_caisse-blanc.glb,468,models/vague-amour-366/vague-amour-366_moyen_caisse-blanc.usdz,468,44,1024x1024,False,resized to 1024x1024,vague-amour-366.jpg,89bd15d823d5c12f42e44b426aab85c5b7cb78b88141c10e7290b0ebb6857c2d,
vague-amour-366,moyen,caisse-chene,carre,60.0,60.0,62.8,62.8,3.5,models/vague-amour-366/vague-amour-366_moyen_caisse-chene.glb,498,models/vague-amour-366/vague-amour-366_moyen_caisse-chene.usdz,498,44,1024x1024,False,resized to 1024x1024,vague-amour-366.jpg,89bd15d823d5c12f42e44b426aab85c5b7cb78b88141c10e7290b0ebb6857c2d,
vague-amour-366,moyen,caisse-noir,carre,60.0,60.0,62.8,62.8,3.5,models/vague-amour-366/vague-amour-366_moyen_caisse-noir.glb,468,models/vague-amour-366/vague-amour-366_moyen_caisse-noir.usdz,468,44,1024x1024,False,resized to 1024x1024,vague-amour-366.jpg,89bd15d823d5c12f42e44b426aab85c5b7cb78b88141c10e7290b0ebb6857c2d,
vague-amour-366,moyen,dibond,carre,60.0,60.0,60.0,60.0,2.3,models/vague-amour-366/vague-amour-366_moyen_dibond.glb,467,models/vague-amour-366/vague-amour-366_moyen_dibond.usdz,466,20,1024x1024,False,resized to 1024x1024,vague-amour-366.jpg,89bd15d823d5c12f42e44b426aab85c5b7cb78b88141c10e7290b0ebb6857c2d,
vague-amour-366,moyen,passe-partout,carre,60.0,60.0,80.0,80.0,0.5,models/vague-amour-366/vague-amour-366_moyen_passe-partout.glb,468,models/vague-amour-366/vague-amour-366_moyen_passe-partout.usdz,467,38,1024x1024,False,resized to 1024x1024,vague-amour-366.jpg,89bd15d823d5c12f42e44b426aab85c5b7cb78b88141c10e7290b0ebb6857c2d,
